location_id,borough,zone,day_type,request_hour,dates_with_requests,possible_dates,dates_median_above_city,dates_long_share_above_city,min_daily_n,median_daily_n
2,Queens,Jamaica Bay,Weekday,10,1,22,1,0,2,2.0
2,Queens,Jamaica Bay,Weekday,12,1,22,1,0,1,1.0
2,Queens,Jamaica Bay,Weekday,13,3,22,3,1,1,1.0
2,Queens,Jamaica Bay,Weekday,14,7,22,7,4,1,1.0
2,Queens,Jamaica Bay,Weekday,15,2,22,1,0,1,1.0
2,Queens,Jamaica Bay,Weekday,16,4,22,3,1,1,1.0
2,Queens,Jamaica Bay,Weekday,17,1,22,1,0,1,1.0
2,Queens,Jamaica Bay,Weekday,19,3,22,2,1,1,1.0
2,Queens,Jamaica Bay,Weekend,5,1,8,1,1,1,1.0
2,Queens,Jamaica Bay,Weekend,9,2,8,2,1,1,1.0
2,Queens,Jamaica Bay,Weekend,11,2,8,1,1,1,1.0
2,Queens,Jamaica Bay,Weekend,13,1,8,1,0,1,1.0
2,Queens,Jamaica Bay,Weekend,14,1,8,1,0,1,1.0
2,Queens,Jamaica Bay,Weekend,15,2,8,2,0,1,1.5
2,Queens,Jamaica Bay,Weekend,17,2,8,2,1,2,3.5
2,Queens,Jamaica Bay,Weekend,18,3,8,2,1,1,1.0
2,Queens,Jamaica Bay,Weekend,20,1,8,1,1,1,1.0
3,Bronx,Allerton/Pelham Gardens,Weekday,0,22,22,14,6,15,26.0
3,Bronx,Allerton/Pelham Gardens,Weekday,1,22,22,20,12,8,16.0
3,Bronx,Allerton/Pelham Gardens,Weekday,2,22,22,19,12,3,12.0
3,Bronx,Allerton/Pelham Gardens,Weekday,3,22,22,21,17,6,11.5
3,Bronx,Allerton/Pelham Gardens,Weekday,4,22,22,20,15,9,16.5
3,Bronx,Allerton/Pelham Gardens,Weekday,5,22,22,16,11,20,32.5
3,Bronx,Allerton/Pelham Gardens,Weekday,6,22,22,21,10,77,100.5
3,Bronx,Allerton/Pelham Gardens,Weekday,7,22,22,13,9,76,126.0
3,Bronx,Allerton/Pelham Gardens,Weekday,8,22,22,7,10,116,139.5
3,Bronx,Allerton/Pelham Gardens,Weekday,9,22,22,5,4,79,103.0
3,Bronx,Allerton/Pelham Gardens,Weekday,10,22,22,12,6,58,80.5
3,Bronx,Allerton/Pelham Gardens,Weekday,11,22,22,8,6,57,74.0
3,Bronx,Allerton/Pelham Gardens,Weekday,12,22,22,13,1,55,78.0
3,Bronx,Allerton/Pelham Gardens,Weekday,13,22,22,5,3,55,80.0
3,Bronx,Allerton/Pelham Gardens,Weekday,14,22,22,8,6,71,112.0
3,Bronx,Allerton/Pelham Gardens,Weekday,15,22,22,6,4,80,101.0
3,Bronx,Allerton/Pelham Gardens,Weekday,16,22,22,5,5,70,95.0
3,Bronx,Allerton/Pelham Gardens,Weekday,17,22,22,5,3,74,93.0
3,Bronx,Allerton/Pelham Gardens,Weekday,18,22,22,6,2,56,78.0
3,Bronx,Allerton/Pelham Gardens,Weekday,19,22,22,15,7,53,73.5
3,Bronx,Allerton/Pelham Gardens,Weekday,20,22,22,16,3,49,66.0
3,Bronx,Allerton/Pelham Gardens,Weekday,21,22,22,13,9,46,63.5
3,Bronx,Allerton/Pelham Gardens,Weekday,22,22,22,12,12,55,67.0
3,Bronx,Allerton/Pelham Gardens,Weekday,23,22,22,17,9,45,62.0
3,Bronx,Allerton/Pelham Gardens,Weekend,0,8,8,4,4,38,47.5
3,Bronx,Allerton/Pelham Gardens,Weekend,1,8,8,5,5,25,38.5
3,Bronx,Allerton/Pelham Gardens,Weekend,2,8,8,5,2,16,26.0
3,Bronx,Allerton/Pelham Gardens,Weekend,3,8,8,7,4,12,16.5
3,Bronx,Allerton/Pelham Gardens,Weekend,4,8,8,4,5,16,20.5
3,Bronx,Allerton/Pelham Gardens,Weekend,5,8,8,6,1,18,26.5
3,Bronx,Allerton/Pelham Gardens,Weekend,6,8,8,8,7,37,45.0
3,Bronx,Allerton/Pelham Gardens,Weekend,7,8,8,6,2,43,59.0
3,Bronx,Allerton/Pelham Gardens,Weekend,8,8,8,3,2,51,61.0
3,Bronx,Allerton/Pelham Gardens,Weekend,9,8,8,4,3,58,70.5
3,Bronx,Allerton/Pelham Gardens,Weekend,10,8,8,6,1,67,84.5
3,Bronx,Allerton/Pelham Gardens,Weekend,11,8,8,3,1,67,85.5
3,Bronx,Allerton/Pelham Gardens,Weekend,12,8,8,1,1,50,82.0
3,Bronx,Allerton/Pelham Gardens,Weekend,13,8,8,3,0,72,88.0
3,Bronx,Allerton/Pelham Gardens,Weekend,14,8,8,4,3,72,100.0
3,Bronx,Allerton/Pelham Gardens,Weekend,15,8,8,1,2,84,95.5
3,Bronx,Allerton/Pelham Gardens,Weekend,16,8,8,0,1,69,82.5
3,Bronx,Allerton/Pelham Gardens,Weekend,17,8,8,1,0,42,79.5
3,Bronx,Allerton/Pelham Gardens,Weekend,18,8,8,6,4,64,84.0
3,Bronx,Allerton/Pelham Gardens,Weekend,19,8,8,7,3,61,79.5
3,Bronx,Allerton/Pelham Gardens,Weekend,20,8,8,7,6,67,79.5
3,Bronx,Allerton/Pelham Gardens,Weekend,21,8,8,8,8,56,75.0
3,Bronx,Allerton/Pelham Gardens,Weekend,22,8,8,7,7,72,85.5
3,Bronx,Allerton/Pelham Gardens,Weekend,23,8,8,8,7,56,77.5
4,Manhattan,Alphabet City,Weekday,0,22,22,6,7,20,46.5
4,Manhattan,Alphabet City,Weekday,1,22,22,12,10,21,36.0
4,Manhattan,Alphabet City,Weekday,2,22,22,13,8,11,18.5
4,Manhattan,Alphabet City,Weekday,3,22,22,7,7,7,15.5
4,Manhattan,Alphabet City,Weekday,4,22,22,10,11,17,28.0
4,Manhattan,Alphabet City,Weekday,5,22,22,14,14,24,37.5
4,Manhattan,Alphabet City,Weekday,6,22,22,20,21,49,63.5
4,Manhattan,Alphabet City,Weekday,7,22,22,22,19,49,81.5
4,Manhattan,Alphabet City,Weekday,8,22,22,22,21,63,93.5
4,Manhattan,Alphabet City,Weekday,9,22,22,22,13,75,99.0
4,Manhattan,Alphabet City,Weekday,10,22,22,14,5,54,71.0
4,Manhattan,Alphabet City,Weekday,11,22,22,13,11,43,61.5
4,Manhattan,Alphabet City,Weekday,12,22,22,15,10,40,57.5
4,Manhattan,Alphabet City,Weekday,13,22,22,10,6,37,59.5
4,Manhattan,Alphabet City,Weekday,14,22,22,14,9,48,58.5
4,Manhattan,Alphabet City,Weekday,15,22,22,19,13,40,58.0
4,Manhattan,Alphabet City,Weekday,16,22,22,15,6,41,54.0
4,Manhattan,Alphabet City,Weekday,17,22,22,7,11,47,66.0
4,Manhattan,Alphabet City,Weekday,18,22,22,15,13,55,77.5
4,Manhattan,Alphabet City,Weekday,19,22,22,16,6,45,76.0
4,Manhattan,Alphabet City,Weekday,20,22,22,4,5,46,69.0
4,Manhattan,Alphabet City,Weekday,21,22,22,1,1,36,86.0
4,Manhattan,Alphabet City,Weekday,22,22,22,4,5,46,85.5
4,Manhattan,Alphabet City,Weekday,23,22,22,6,8,34,69.5
4,Manhattan,Alphabet City,Weekend,0,8,8,4,2,169,208.0
4,Manhattan,Alphabet City,Weekend,1,8,8,5,3,162,210.0
4,Manhattan,Alphabet City,Weekend,2,8,8,3,3,132,165.5
4,Manhattan,Alphabet City,Weekend,3,8,8,0,0,77,102.0
4,Manhattan,Alphabet City,Weekend,4,8,8,1,2,50,61.0
4,Manhattan,Alphabet City,Weekend,5,8,8,4,4,32,35.0
4,Manhattan,Alphabet City,Weekend,6,8,8,1,1,35,46.5
4,Manhattan,Alphabet City,Weekend,7,8,8,5,1,37,46.0
4,Manhattan,Alphabet City,Weekend,8,8,8,8,6,48,59.0
4,Manhattan,Alphabet City,Weekend,9,8,8,7,6,71,74.0
4,Manhattan,Alphabet City,Weekend,10,8,8,6,4,76,89.5
4,Manhattan,Alphabet City,Weekend,11,8,8,6,4,75,105.0
4,Manhattan,Alphabet City,Weekend,12,8,8,8,7,74,98.0
4,Manhattan,Alphabet City,Weekend,13,8,8,6,4,79,86.0
4,Manhattan,Alphabet City,Weekend,14,8,8,6,6,65,89.5
4,Manhattan,Alphabet City,Weekend,15,8,8,5,5,60,80.5
4,Manhattan,Alphabet City,Weekend,16,8,8,5,4,70,92.0
4,Manhattan,Alphabet City,Weekend,17,8,8,4,3,71,106.0
4,Manhattan,Alphabet City,Weekend,18,8,8,2,4,68,99.0
4,Manhattan,Alphabet City,Weekend,19,8,8,1,0,66,114.5
4,Manhattan,Alphabet City,Weekend,20,8,8,0,1,68,124.0
4,Manhattan,Alphabet City,Weekend,21,8,8,0,0,65,127.0
4,Manhattan,Alphabet City,Weekend,22,8,8,1,1,57,121.5
4,Manhattan,Alphabet City,Weekend,23,8,8,1,1,50,116.0
5,Staten Island,Arden Heights,Weekday,0,22,22,21,11,1,2.0
5,Staten Island,Arden Heights,Weekday,1,14,22,14,8,1,1.5
5,Staten Island,Arden Heights,Weekday,2,12,22,12,9,1,2.0
5,Staten Island,Arden Heights,Weekday,3,22,22,18,10,1,2.0
5,Staten Island,Arden Heights,Weekday,4,22,22,15,12,1,3.0
5,Staten Island,Arden Heights,Weekday,5,22,22,22,21,2,7.0
5,Staten Island,Arden Heights,Weekday,6,22,22,22,20,8,16.0
5,Staten Island,Arden Heights,Weekday,7,22,22,19,17,7,15.0
5,Staten Island,Arden Heights,Weekday,8,22,22,15,20,9,16.5
5,Staten Island,Arden Heights,Weekday,9,22,22,22,20,7,13.0
5,Staten Island,Arden Heights,Weekday,10,22,22,22,17,7,10.0
5,Staten Island,Arden Heights,Weekday,11,22,22,21,15,3,10.5
5,Staten Island,Arden Heights,Weekday,12,22,22,20,18,4,10.0
5,Staten Island,Arden Heights,Weekday,13,22,22,20,19,4,9.0
5,Staten Island,Arden Heights,Weekday,14,22,22,21,16,7,10.5
5,Staten Island,Arden Heights,Weekday,15,22,22,16,13,4,11.0
5,Staten Island,Arden Heights,Weekday,16,22,22,21,17,5,12.0
5,Staten Island,Arden Heights,Weekday,17,22,22,20,11,3,9.0
5,Staten Island,Arden Heights,Weekday,18,22,22,21,17,2,10.0
5,Staten Island,Arden Heights,Weekday,19,22,22,21,14,2,6.0
5,Staten Island,Arden Heights,Weekday,20,21,22,21,14,1,7.0
5,Staten Island,Arden Heights,Weekday,21,22,22,21,18,2,5.5
5,Staten Island,Arden Heights,Weekday,22,22,22,18,14,1,3.5
5,Staten Island,Arden Heights,Weekday,23,21,22,20,11,1,4.0
5,Staten Island,Arden Heights,Weekend,0,8,8,8,6,3,7.5
5,Staten Island,Arden Heights,Weekend,1,8,8,8,4,1,7.5
5,Staten Island,Arden Heights,Weekend,2,7,8,7,6,4,6.0
5,Staten Island,Arden Heights,Weekend,3,8,8,8,6,3,9.0
5,Staten Island,Arden Heights,Weekend,4,8,8,7,6,2,5.5
5,Staten Island,Arden Heights,Weekend,5,8,8,8,8,4,5.0
5,Staten Island,Arden Heights,Weekend,6,8,8,7,5,4,7.0
5,Staten Island,Arden Heights,Weekend,7,8,8,6,7,4,8.5
5,Staten Island,Arden Heights,Weekend,8,8,8,8,7,4,12.5
5,Staten Island,Arden Heights,Weekend,9,8,8,8,8,6,10.5
5,Staten Island,Arden Heights,Weekend,10,8,8,8,8,8,12.5
5,Staten Island,Arden Heights,Weekend,11,8,8,8,7,5,9.0
5,Staten Island,Arden Heights,Weekend,12,8,8,7,8,4,12.0
5,Staten Island,Arden Heights,Weekend,13,8,8,5,5,7,9.0
5,Staten Island,Arden Heights,Weekend,14,8,8,8,7,6,9.5
5,Staten Island,Arden Heights,Weekend,15,8,8,8,8,6,9.0
5,Staten Island,Arden Heights,Weekend,16,8,8,7,5,5,10.5
5,Staten Island,Arden Heights,Weekend,17,8,8,7,5,5,10.5
5,Staten Island,Arden Heights,Weekend,18,8,8,8,8,3,11.0
5,Staten Island,Arden Heights,Weekend,19,8,8,8,7,8,10.0
5,Staten Island,Arden Heights,Weekend,20,8,8,8,7,3,8.0
5,Staten Island,Arden Heights,Weekend,21,8,8,7,8,4,7.0
5,Staten Island,Arden Heights,Weekend,22,8,8,8,5,2,5.5
5,Staten Island,Arden Heights,Weekend,23,8,8,7,7,2,4.5
6,Staten Island,Arrochar/Fort Wadsworth,Weekday,0,22,22,21,16,3,5.5
6,Staten Island,Arrochar/Fort Wadsworth,Weekday,1,22,22,18,12,3,5.0
6,Staten Island,Arrochar/Fort Wadsworth,Weekday,2,21,22,18,7,1,2.0
6,Staten Island,Arrochar/Fort Wadsworth,Weekday,3,20,22,14,9,1,2.0
6,Staten Island,Arrochar/Fort Wadsworth,Weekday,4,22,22,18,17,1,5.5
6,Staten Island,Arrochar/Fort Wadsworth,Weekday,5,22,22,20,19,4,9.5
6,Staten Island,Arrochar/Fort Wadsworth,Weekday,6,22,22,21,10,10,14.5
6,Staten Island,Arrochar/Fort Wadsworth,Weekday,7,22,22,17,14,11,22.5
6,Staten Island,Arrochar/Fort Wadsworth,Weekday,8,22,22,16,9,23,37.5
6,Staten Island,Arrochar/Fort Wadsworth,Weekday,9,22,22,14,12,18,29.0
6,Staten Island,Arrochar/Fort Wadsworth,Weekday,10,22,22,20,13,14,26.0
6,Staten Island,Arrochar/Fort Wadsworth,Weekday,11,22,22,14,13,16,23.5
6,Staten Island,Arrochar/Fort Wadsworth,Weekday,12,22,22,15,18,10,24.5
6,Staten Island,Arrochar/Fort Wadsworth,Weekday,13,22,22,19,18,14,24.5
6,Staten Island,Arrochar/Fort Wadsworth,Weekday,14,22,22,19,15,15,32.5
6,Staten Island,Arrochar/Fort Wadsworth,Weekday,15,22,22,14,16,17,24.5
6,Staten Island,Arrochar/Fort Wadsworth,Weekday,16,22,22,10,14,17,24.0
6,Staten Island,Arrochar/Fort Wadsworth,Weekday,17,22,22,16,15,16,22.5
6,Staten Island,Arrochar/Fort Wadsworth,Weekday,18,22,22,21,17,12,20.5
6,Staten Island,Arrochar/Fort Wadsworth,Weekday,19,22,22,21,17,9,16.5
6,Staten Island,Arrochar/Fort Wadsworth,Weekday,20,22,22,19,19,6,13.0
6,Staten Island,Arrochar/Fort Wadsworth,Weekday,21,22,22,20,14,6,14.0
6,Staten Island,Arrochar/Fort Wadsworth,Weekday,22,22,22,17,17,6,15.0
6,Staten Island,Arrochar/Fort Wadsworth,Weekday,23,22,22,20,18,6,12.5
6,Staten Island,Arrochar/Fort Wadsworth,Weekend,0,8,8,6,8,9,11.5
6,Staten Island,Arrochar/Fort Wadsworth,Weekend,1,8,8,6,6,3,10.0
6,Staten Island,Arrochar/Fort Wadsworth,Weekend,2,8,8,6,5,2,6.0
6,Staten Island,Arrochar/Fort Wadsworth,Weekend,3,8,8,4,4,3,4.5
6,Staten Island,Arrochar/Fort Wadsworth,Weekend,4,8,8,6,5,3,4.5
6,Staten Island,Arrochar/Fort Wadsworth,Weekend,5,8,8,6,5,5,9.5
6,Staten Island,Arrochar/Fort Wadsworth,Weekend,6,8,8,4,4,9,12.5
6,Staten Island,Arrochar/Fort Wadsworth,Weekend,7,8,8,8,7,9,12.0
6,Staten Island,Arrochar/Fort Wadsworth,Weekend,8,8,8,8,5,6,14.5
6,Staten Island,Arrochar/Fort Wadsworth,Weekend,9,8,8,6,3,15,19.5
6,Staten Island,Arrochar/Fort Wadsworth,Weekend,10,8,8,7,5,11,19.5
6,Staten Island,Arrochar/Fort Wadsworth,Weekend,11,8,8,7,7,15,21.0
6,Staten Island,Arrochar/Fort Wadsworth,Weekend,12,8,8,6,5,18,24.0
6,Staten Island,Arrochar/Fort Wadsworth,Weekend,13,8,8,4,6,8,16.5
6,Staten Island,Arrochar/Fort Wadsworth,Weekend,14,8,8,5,6,14,22.0
6,Staten Island,Arrochar/Fort Wadsworth,Weekend,15,8,8,6,7,8,20.0
6,Staten Island,Arrochar/Fort Wadsworth,Weekend,16,8,8,8,6,14,20.0
6,Staten Island,Arrochar/Fort Wadsworth,Weekend,17,8,8,6,7,11,21.0
6,Staten Island,Arrochar/Fort Wadsworth,Weekend,18,8,8,6,4,12,21.5
6,Staten Island,Arrochar/Fort Wadsworth,Weekend,19,8,8,7,8,10,18.5
6,Staten Island,Arrochar/Fort Wadsworth,Weekend,20,8,8,6,6,10,17.5
6,Staten Island,Arrochar/Fort Wadsworth,Weekend,21,8,8,7,7,12,16.5
6,Staten Island,Arrochar/Fort Wadsworth,Weekend,22,8,8,8,8,12,15.5
6,Staten Island,Arrochar/Fort Wadsworth,Weekend,23,8,8,7,8,6,13.5
7,Queens,Astoria,Weekday,0,22,22,2,0,120,166.5
7,Queens,Astoria,Weekday,1,22,22,0,0,82,120.0
7,Queens,Astoria,Weekday,2,22,22,1,0,49,90.5
7,Queens,Astoria,Weekday,3,22,22,1,0,56,86.0
7,Queens,Astoria,Weekday,4,22,22,0,0,86,118.0
7,Queens,Astoria,Weekday,5,22,22,0,0,156,181.0
7,Queens,Astoria,Weekday,6,22,22,0,0,219,261.0
7,Queens,Astoria,Weekday,7,22,22,0,0,267,360.5
7,Queens,Astoria,Weekday,8,22,22,1,1,314,377.5
7,Queens,Astoria,Weekday,9,22,22,2,0,263,293.0
7,Queens,Astoria,Weekday,10,22,22,1,1,204,242.0
7,Queens,Astoria,Weekday,11,22,22,2,1,175,210.0
7,Queens,Astoria,Weekday,12,22,22,0,0,165,206.0
7,Queens,Astoria,Weekday,13,22,22,3,0,191,225.5
7,Queens,Astoria,Weekday,14,22,22,0,0,189,242.5
7,Queens,Astoria,Weekday,15,22,22,0,0,180,240.0
7,Queens,Astoria,Weekday,16,22,22,0,0,211,253.5
7,Queens,Astoria,Weekday,17,22,22,0,0,246,286.0
7,Queens,Astoria,Weekday,18,22,22,0,0,256,325.5
7,Queens,Astoria,Weekday,19,22,22,1,0,222,288.5
7,Queens,Astoria,Weekday,20,22,22,0,0,210,295.0
7,Queens,Astoria,Weekday,21,22,22,0,0,228,320.0
7,Queens,Astoria,Weekday,22,22,22,0,0,229,302.0
7,Queens,Astoria,Weekday,23,22,22,1,1,172,246.5
7,Queens,Astoria,Weekend,0,8,8,0,0,377,488.0
7,Queens,Astoria,Weekend,1,8,8,0,0,333,373.0
7,Queens,Astoria,Weekend,2,8,8,0,0,259,293.0
7,Queens,Astoria,Weekend,3,8,8,1,1,208,284.5
7,Queens,Astoria,Weekend,4,8,8,4,4,197,213.5
7,Queens,Astoria,Weekend,5,8,8,0,0,138,166.5
7,Queens,Astoria,Weekend,6,8,8,0,0,155,201.0
7,Queens,Astoria,Weekend,7,8,8,0,0,163,226.5
7,Queens,Astoria,Weekend,8,8,8,0,0,206,275.5
7,Queens,Astoria,Weekend,9,8,8,0,0,263,335.0
7,Queens,Astoria,Weekend,10,8,8,2,0,317,393.5
7,Queens,Astoria,Weekend,11,8,8,1,0,328,412.5
7,Queens,Astoria,Weekend,12,8,8,1,0,354,434.5
7,Queens,Astoria,Weekend,13,8,8,1,1,365,481.0
7,Queens,Astoria,Weekend,14,8,8,1,0,348,441.0
7,Queens,Astoria,Weekend,15,8,8,0,0,352,420.5
7,Queens,Astoria,Weekend,16,8,8,0,0,338,379.5
7,Queens,Astoria,Weekend,17,8,8,0,0,333,375.5
7,Queens,Astoria,Weekend,18,8,8,0,0,316,432.5
7,Queens,Astoria,Weekend,19,8,8,0,0,310,423.5
7,Queens,Astoria,Weekend,20,8,8,1,0,317,440.0
7,Queens,Astoria,Weekend,21,8,8,1,0,342,461.5
7,Queens,Astoria,Weekend,22,8,8,1,0,285,427.0
7,Queens,Astoria,Weekend,23,8,8,0,0,218,391.5
8,Queens,Astoria Park,Weekday,0,7,22,2,0,1,1.0
8,Queens,Astoria Park,Weekday,1,7,22,4,0,1,1.0
8,Queens,Astoria Park,Weekday,2,4,22,4,0,1,1.0
8,Queens,Astoria Park,Weekday,3,1,22,1,0,1,1.0
8,Queens,Astoria Park,Weekday,4,2,22,1,0,1,1.0
8,Queens,Astoria Park,Weekday,5,4,22,2,0,1,1.5
8,Queens,Astoria Park,Weekday,6,10,22,5,2,1,1.0
8,Queens,Astoria Park,Weekday,7,14,22,2,1,1,2.0
8,Queens,Astoria Park,Weekday,8,13,22,3,1,1,1.0
8,Queens,Astoria Park,Weekday,9,14,22,4,0,1,1.0
8,Queens,Astoria Park,Weekday,10,8,22,3,0,1,1.5
8,Queens,Astoria Park,Weekday,11,12,22,3,0,1,1.0
8,Queens,Astoria Park,Weekday,12,11,22,3,0,1,1.0
8,Queens,Astoria Park,Weekday,13,16,22,2,1,1,1.5
8,Queens,Astoria Park,Weekday,14,15,22,6,3,1,1.0
8,Queens,Astoria Park,Weekday,15,15,22,6,1,1,1.0
8,Queens,Astoria Park,Weekday,16,19,22,10,1,1,1.0
8,Queens,Astoria Park,Weekday,17,19,22,5,1,1,2.0
8,Queens,Astoria Park,Weekday,18,19,22,12,1,1,3.0
8,Queens,Astoria Park,Weekday,19,22,22,14,2,1,2.5
8,Queens,Astoria Park,Weekday,20,18,22,10,2,1,2.5
8,Queens,Astoria Park,Weekday,21,20,22,9,4,1,2.0
8,Queens,Astoria Park,Weekday,22,16,22,7,1,1,1.0
8,Queens,Astoria Park,Weekday,23,10,22,7,1,1,1.0
8,Queens,Astoria Park,Weekend,0,4,8,2,0,1,1.0
8,Queens,Astoria Park,Weekend,1,2,8,1,0,1,1.0
8,Queens,Astoria Park,Weekend,2,1,8,0,0,1,1.0
8,Queens,Astoria Park,Weekend,3,2,8,1,0,1,1.0
8,Queens,Astoria Park,Weekend,4,1,8,0,0,1,1.0
8,Queens,Astoria Park,Weekend,5,1,8,0,0,3,3.0
8,Queens,Astoria Park,Weekend,6,2,8,1,0,1,1.0
8,Queens,Astoria Park,Weekend,7,2,8,0,0,1,1.0
8,Queens,Astoria Park,Weekend,8,3,8,1,0,1,1.0
8,Queens,Astoria Park,Weekend,9,5,8,3,1,1,1.0
8,Queens,Astoria Park,Weekend,10,7,8,3,0,1,2.0
8,Queens,Astoria Park,Weekend,11,3,8,0,0,1,3.0
8,Queens,Astoria Park,Weekend,12,8,8,4,1,1,1.5
8,Queens,Astoria Park,Weekend,13,6,8,2,1,1,2.5
8,Queens,Astoria Park,Weekend,14,5,8,1,1,1,3.0
8,Queens,Astoria Park,Weekend,15,6,8,3,2,2,4.5
8,Queens,Astoria Park,Weekend,16,8,8,4,0,1,3.0
8,Queens,Astoria Park,Weekend,17,6,8,4,2,2,5.5
8,Queens,Astoria Park,Weekend,18,6,8,2,3,2,4.5
8,Queens,Astoria Park,Weekend,19,7,8,5,2,1,2.0
8,Queens,Astoria Park,Weekend,20,6,8,3,1,1,2.0
8,Queens,Astoria Park,Weekend,21,7,8,5,2,1,2.0
8,Queens,Astoria Park,Weekend,22,3,8,1,0,1,1.0
8,Queens,Astoria Park,Weekend,23,1,8,1,1,2,2.0
9,Queens,Auburndale,Weekday,0,22,22,19,16,6,11.0
9,Queens,Auburndale,Weekday,1,22,22,17,11,1,5.0
9,Queens,Auburndale,Weekday,2,22,22,19,8,1,3.5
9,Queens,Auburndale,Weekday,3,22,22,17,13,2,6.0
9,Queens,Auburndale,Weekday,4,22,22,17,12,1,7.0
9,Queens,Auburndale,Weekday,5,22,22,17,16,6,9.5
9,Queens,Auburndale,Weekday,6,22,22,13,10,8,17.5
9,Queens,Auburndale,Weekday,7,22,22,11,7,17,43.0
9,Queens,Auburndale,Weekday,8,22,22,6,4,35,51.5
9,Queens,Auburndale,Weekday,9,22,22,7,4,19,35.0
9,Queens,Auburndale,Weekday,10,22,22,12,7,27,36.0
9,Queens,Auburndale,Weekday,11,22,22,15,9,27,36.0
9,Queens,Auburndale,Weekday,12,22,22,15,11,17,34.0
9,Queens,Auburndale,Weekday,13,22,22,9,11,19,35.5
9,Queens,Auburndale,Weekday,14,22,22,14,10,19,47.5
9,Queens,Auburndale,Weekday,15,22,22,13,10,29,43.5
9,Queens,Auburndale,Weekday,16,22,22,10,6,31,41.0
9,Queens,Auburndale,Weekday,17,22,22,10,9,28,34.0
9,Queens,Auburndale,Weekday,18,22,22,10,7,28,33.5
9,Queens,Auburndale,Weekday,19,22,22,16,10,24,31.5
9,Queens,Auburndale,Weekday,20,22,22,16,11,14,21.5
9,Queens,Auburndale,Weekday,21,22,22,16,7,9,20.0
9,Queens,Auburndale,Weekday,22,22,22,15,11,11,21.5
9,Queens,Auburndale,Weekday,23,22,22,15,11,6,16.0
9,Queens,Auburndale,Weekend,0,8,8,4,3,14,21.0
9,Queens,Auburndale,Weekend,1,8,8,6,5,7,15.0
9,Queens,Auburndale,Weekend,2,8,8,6,4,6,11.5
9,Queens,Auburndale,Weekend,3,8,8,6,6,4,10.0
9,Queens,Auburndale,Weekend,4,8,8,3,3,5,9.0
9,Queens,Auburndale,Weekend,5,8,8,7,2,7,10.0
9,Queens,Auburndale,Weekend,6,8,8,5,4,11,13.0
9,Queens,Auburndale,Weekend,7,8,8,3,1,6,17.0
9,Queens,Auburndale,Weekend,8,8,8,4,0,17,28.0
9,Queens,Auburndale,Weekend,9,8,8,4,3,28,33.5
9,Queens,Auburndale,Weekend,10,8,8,4,4,24,30.5
9,Queens,Auburndale,Weekend,11,8,8,4,1,29,33.5
9,Queens,Auburndale,Weekend,12,8,8,2,2,22,31.5
9,Queens,Auburndale,Weekend,13,8,8,1,3,14,25.5
9,Queens,Auburndale,Weekend,14,8,8,0,0,17,30.5
9,Queens,Auburndale,Weekend,15,8,8,3,2,23,26.5
9,Queens,Auburndale,Weekend,16,8,8,3,2,25,30.0
9,Queens,Auburndale,Weekend,17,8,8,4,2,16,30.0
9,Queens,Auburndale,Weekend,18,8,8,4,4,18,26.5
9,Queens,Auburndale,Weekend,19,8,8,5,3,17,28.5
9,Queens,Auburndale,Weekend,20,8,8,7,6,16,27.5
9,Queens,Auburndale,Weekend,21,8,8,8,7,18,26.0
9,Queens,Auburndale,Weekend,22,8,8,6,4,15,26.0
9,Queens,Auburndale,Weekend,23,8,8,8,6,9,23.0
10,Queens,Baisley Park,Weekday,0,22,22,20,11,24,39.5
10,Queens,Baisley Park,Weekday,1,22,22,21,15,16,24.0
10,Queens,Baisley Park,Weekday,2,22,22,21,17,10,19.0
10,Queens,Baisley Park,Weekday,3,22,22,18,13,19,29.0
10,Queens,Baisley Park,Weekday,4,22,22,7,5,40,52.0
10,Queens,Baisley Park,Weekday,5,22,22,9,7,56,75.5
10,Queens,Baisley Park,Weekday,6,22,22,12,10,99,138.5
10,Queens,Baisley Park,Weekday,7,22,22,20,18,127,243.0
10,Queens,Baisley Park,Weekday,8,22,22,15,12,164,205.0
10,Queens,Baisley Park,Weekday,9,22,22,18,16,120,147.5
10,Queens,Baisley Park,Weekday,10,22,22,20,12,70,108.0
10,Queens,Baisley Park,Weekday,11,22,22,20,11,79,95.0
10,Queens,Baisley Park,Weekday,12,22,22,14,7,80,93.5
10,Queens,Baisley Park,Weekday,13,22,22,16,9,96,113.0
10,Queens,Baisley Park,Weekday,14,22,22,8,5,83,121.0
10,Queens,Baisley Park,Weekday,15,22,22,7,3,90,122.0
10,Queens,Baisley Park,Weekday,16,22,22,5,0,91,119.5
10,Queens,Baisley Park,Weekday,17,22,22,3,2,83,111.5
10,Queens,Baisley Park,Weekday,18,22,22,7,2,66,88.0
10,Queens,Baisley Park,Weekday,19,22,22,10,4,56,80.0
10,Queens,Baisley Park,Weekday,20,22,22,18,6,54,72.5
10,Queens,Baisley Park,Weekday,21,22,22,12,6,47,70.5
10,Queens,Baisley Park,Weekday,22,22,22,15,9,58,74.0
10,Queens,Baisley Park,Weekday,23,22,22,17,10,40,66.0
10,Queens,Baisley Park,Weekend,0,8,8,4,4,71,81.5
10,Queens,Baisley Park,Weekend,1,8,8,7,6,33,55.5
10,Queens,Baisley Park,Weekend,2,8,8,4,3,29,40.0
10,Queens,Baisley Park,Weekend,3,8,8,3,5,31,40.0
10,Queens,Baisley Park,Weekend,4,8,8,4,1,52,54.5
10,Queens,Baisley Park,Weekend,5,8,8,2,3,60,74.0
10,Queens,Baisley Park,Weekend,6,8,8,2,0,69,86.0
10,Queens,Baisley Park,Weekend,7,8,8,2,3,86,96.5
10,Queens,Baisley Park,Weekend,8,8,8,6,4,90,111.0
10,Queens,Baisley Park,Weekend,9,8,8,5,6,101,117.0
10,Queens,Baisley Park,Weekend,10,8,8,5,1,100,114.5
10,Queens,Baisley Park,Weekend,11,8,8,6,4,87,117.5
10,Queens,Baisley Park,Weekend,12,8,8,4,2,101,105.5
10,Queens,Baisley Park,Weekend,13,8,8,4,3,96,118.0
10,Queens,Baisley Park,Weekend,14,8,8,2,1,91,119.0
10,Queens,Baisley Park,Weekend,15,8,8,1,0,79,114.5
10,Queens,Baisley Park,Weekend,16,8,8,2,0,86,104.0
10,Queens,Baisley Park,Weekend,17,8,8,1,1,85,98.0
10,Queens,Baisley Park,Weekend,18,8,8,3,1,80,104.5
10,Queens,Baisley Park,Weekend,19,8,8,5,3,84,105.0
10,Queens,Baisley Park,Weekend,20,8,8,7,6,77,114.0
10,Queens,Baisley Park,Weekend,21,8,8,6,3,75,99.0
10,Queens,Baisley Park,Weekend,22,8,8,8,7,73,104.5
10,Queens,Baisley Park,Weekend,23,8,8,6,5,53,81.5
11,Brooklyn,Bath Beach,Weekday,0,22,22,16,13,6,13.5
11,Brooklyn,Bath Beach,Weekday,1,22,22,15,10,3,7.0
11,Brooklyn,Bath Beach,Weekday,2,22,22,18,9,3,5.5
11,Brooklyn,Bath Beach,Weekday,3,22,22,11,5,2,5.0
11,Brooklyn,Bath Beach,Weekday,4,22,22,8,8,4,10.0
11,Brooklyn,Bath Beach,Weekday,5,22,22,3,3,10,19.0
11,Brooklyn,Bath Beach,Weekday,6,22,22,2,1,16,34.0
11,Brooklyn,Bath Beach,Weekday,7,22,22,3,1,34,75.5
11,Brooklyn,Bath Beach,Weekday,8,22,22,3,2,61,76.0
11,Brooklyn,Bath Beach,Weekday,9,22,22,7,8,50,57.0
11,Brooklyn,Bath Beach,Weekday,10,22,22,12,7,29,39.0
11,Brooklyn,Bath Beach,Weekday,11,22,22,8,5,23,35.0
11,Brooklyn,Bath Beach,Weekday,12,22,22,13,3,22,31.0
11,Brooklyn,Bath Beach,Weekday,13,22,22,6,5,26,36.5
11,Brooklyn,Bath Beach,Weekday,14,22,22,10,8,27,44.0
11,Brooklyn,Bath Beach,Weekday,15,22,22,8,3,22,37.5
11,Brooklyn,Bath Beach,Weekday,16,22,22,3,3,27,35.5
11,Brooklyn,Bath Beach,Weekday,17,22,22,4,2,29,49.0
11,Brooklyn,Bath Beach,Weekday,18,22,22,10,2,34,45.0
11,Brooklyn,Bath Beach,Weekday,19,22,22,10,8,23,37.0
11,Brooklyn,Bath Beach,Weekday,20,22,22,10,8,24,32.0
11,Brooklyn,Bath Beach,Weekday,21,22,22,16,10,18,30.0
11,Brooklyn,Bath Beach,Weekday,22,22,22,11,11,14,26.5
11,Brooklyn,Bath Beach,Weekday,23,22,22,10,12,14,24.0
11,Brooklyn,Bath Beach,Weekend,0,8,8,2,3,18,27.0
11,Brooklyn,Bath Beach,Weekend,1,8,8,5,3,10,19.5
11,Brooklyn,Bath Beach,Weekend,2,8,8,6,3,9,13.0
11,Brooklyn,Bath Beach,Weekend,3,8,8,3,4,8,10.0
11,Brooklyn,Bath Beach,Weekend,4,8,8,2,1,7,11.5
11,Brooklyn,Bath Beach,Weekend,5,8,8,2,4,11,13.5
11,Brooklyn,Bath Beach,Weekend,6,8,8,0,1,15,22.5
11,Brooklyn,Bath Beach,Weekend,7,8,8,2,1,23,24.5
11,Brooklyn,Bath Beach,Weekend,8,8,8,1,2,26,38.0
11,Brooklyn,Bath Beach,Weekend,9,8,8,1,0,34,47.5
11,Brooklyn,Bath Beach,Weekend,10,8,8,1,1,36,42.5
11,Brooklyn,Bath Beach,Weekend,11,8,8,1,3,35,43.0
11,Brooklyn,Bath Beach,Weekend,12,8,8,2,2,35,43.0
11,Brooklyn,Bath Beach,Weekend,13,8,8,1,0,38,46.5
11,Brooklyn,Bath Beach,Weekend,14,8,8,1,1,34,44.0
11,Brooklyn,Bath Beach,Weekend,15,8,8,2,2,32,42.5
11,Brooklyn,Bath Beach,Weekend,16,8,8,3,2,26,42.0
11,Brooklyn,Bath Beach,Weekend,17,8,8,4,3,26,52.0
11,Brooklyn,Bath Beach,Weekend,18,8,8,5,3,36,41.0
11,Brooklyn,Bath Beach,Weekend,19,8,8,4,3,26,47.0
11,Brooklyn,Bath Beach,Weekend,20,8,8,6,4,38,44.5
11,Brooklyn,Bath Beach,Weekend,21,8,8,4,0,28,40.5
11,Brooklyn,Bath Beach,Weekend,22,8,8,5,3,33,43.0
11,Brooklyn,Bath Beach,Weekend,23,8,8,4,5,16,35.0
12,Manhattan,Battery Park,Weekday,0,7,22,3,0,1,1.0
12,Manhattan,Battery Park,Weekday,1,5,22,2,0,1,1.0
12,Manhattan,Battery Park,Weekday,2,7,22,4,0,1,1.0
12,Manhattan,Battery Park,Weekday,3,2,22,2,1,1,1.0
12,Manhattan,Battery Park,Weekday,4,2,22,1,0,1,1.5
12,Manhattan,Battery Park,Weekday,5,2,22,1,0,1,1.0
12,Manhattan,Battery Park,Weekday,6,5,22,2,1,1,1.0
12,Manhattan,Battery Park,Weekday,7,10,22,5,0,1,1.0
12,Manhattan,Battery Park,Weekday,8,16,22,6,1,1,1.5
12,Manhattan,Battery Park,Weekday,9,14,22,6,0,1,2.0
12,Manhattan,Battery Park,Weekday,10,14,22,4,0,1,1.0
12,Manhattan,Battery Park,Weekday,11,21,22,3,0,1,3.0
12,Manhattan,Battery Park,Weekday,12,22,22,8,2,1,5.0
12,Manhattan,Battery Park,Weekday,13,22,22,10,6,2,9.0
12,Manhattan,Battery Park,Weekday,14,22,22,11,8,4,7.0
12,Manhattan,Battery Park,Weekday,15,22,22,10,6,4,10.5
12,Manhattan,Battery Park,Weekday,16,22,22,14,11,2,11.5
12,Manhattan,Battery Park,Weekday,17,22,22,19,14,2,6.5
12,Manhattan,Battery Park,Weekday,18,22,22,14,1,1,4.0
12,Manhattan,Battery Park,Weekday,19,21,22,11,2,1,3.0
12,Manhattan,Battery Park,Weekday,20,16,22,10,0,1,2.0
12,Manhattan,Battery Park,Weekday,21,16,22,8,1,1,2.0
12,Manhattan,Battery Park,Weekday,22,15,22,7,1,1,1.0
12,Manhattan,Battery Park,Weekday,23,14,22,8,4,1,2.0
12,Manhattan,Battery Park,Weekend,0,8,8,5,1,1,1.0
12,Manhattan,Battery Park,Weekend,1,5,8,2,0,1,1.0
12,Manhattan,Battery Park,Weekend,2,3,8,1,0,1,1.0
12,Manhattan,Battery Park,Weekend,3,1,8,0,0,1,1.0
12,Manhattan,Battery Park,Weekend,4,3,8,2,1,1,1.0
12,Manhattan,Battery Park,Weekend,5,2,8,0,0,1,1.0
12,Manhattan,Battery Park,Weekend,6,2,8,1,0,1,1.0
12,Manhattan,Battery Park,Weekend,8,5,8,2,0,1,1.0
12,Manhattan,Battery Park,Weekend,9,5,8,0,0,1,1.0
12,Manhattan,Battery Park,Weekend,10,8,8,2,0,1,2.0
12,Manhattan,Battery Park,Weekend,11,8,8,4,0,2,5.0
12,Manhattan,Battery Park,Weekend,12,8,8,5,2,3,9.0
12,Manhattan,Battery Park,Weekend,13,8,8,5,3,6,8.0
12,Manhattan,Battery Park,Weekend,14,8,8,7,4,4,7.5
12,Manhattan,Battery Park,Weekend,15,8,8,7,6,6,9.0
12,Manhattan,Battery Park,Weekend,16,8,8,3,7,5,8.0
12,Manhattan,Battery Park,Weekend,17,8,8,5,6,4,6.0
12,Manhattan,Battery Park,Weekend,18,8,8,6,4,2,4.5
12,Manhattan,Battery Park,Weekend,19,7,8,4,2,1,1.0
12,Manhattan,Battery Park,Weekend,20,7,8,6,2,1,2.0
12,Manhattan,Battery Park,Weekend,21,6,8,4,3,2,2.0
12,Manhattan,Battery Park,Weekend,22,5,8,1,1,1,1.0
12,Manhattan,Battery Park,Weekend,23,3,8,1,0,1,1.0
13,Manhattan,Battery Park City,Weekday,0,22,22,1,0,13,78.0
13,Manhattan,Battery Park City,Weekday,1,22,22,2,1,9,54.0
13,Manhattan,Battery Park City,Weekday,2,22,22,2,0,4,37.0
13,Manhattan,Battery Park City,Weekday,3,22,22,3,1,5,30.5
13,Manhattan,Battery Park City,Weekday,4,22,22,4,0,13,35.0
13,Manhattan,Battery Park City,Weekday,5,22,22,9,3,25,46.0
13,Manhattan,Battery Park City,Weekday,6,22,22,1,0,61,82.0
13,Manhattan,Battery Park City,Weekday,7,22,22,0,0,65,156.5
13,Manhattan,Battery Park City,Weekday,8,22,22,0,0,110,168.0
13,Manhattan,Battery Park City,Weekday,9,22,22,0,1,93,124.5
13,Manhattan,Battery Park City,Weekday,10,22,22,0,1,84,106.5
13,Manhattan,Battery Park City,Weekday,11,22,22,0,0,81,121.5
13,Manhattan,Battery Park City,Weekday,12,22,22,1,1,86,111.0
13,Manhattan,Battery Park City,Weekday,13,22,22,1,1,79,113.5
13,Manhattan,Battery Park City,Weekday,14,22,22,0,0,99,128.0
13,Manhattan,Battery Park City,Weekday,15,22,22,1,0,95,130.0
13,Manhattan,Battery Park City,Weekday,16,22,22,8,1,115,183.0
13,Manhattan,Battery Park City,Weekday,17,22,22,18,18,156,255.0
13,Manhattan,Battery Park City,Weekday,18,22,22,16,12,164,238.0
13,Manhattan,Battery Park City,Weekday,19,22,22,12,3,125,189.5
13,Manhattan,Battery Park City,Weekday,20,22,22,17,1,118,237.5
13,Manhattan,Battery Park City,Weekday,21,22,22,20,0,98,296.0
13,Manhattan,Battery Park City,Weekday,22,22,22,5,0,64,175.5
13,Manhattan,Battery Park City,Weekday,23,22,22,3,1,74,112.5
13,Manhattan,Battery Park City,Weekend,0,8,8,5,1,31,53.0
13,Manhattan,Battery Park City,Weekend,1,8,8,2,3,24,30.5
13,Manhattan,Battery Park City,Weekend,2,8,8,3,1,8,14.5
13,Manhattan,Battery Park City,Weekend,3,8,8,4,1,9,15.0
13,Manhattan,Battery Park City,Weekend,4,8,8,2,0,8,14.0
13,Manhattan,Battery Park City,Weekend,5,8,8,2,1,15,20.0
13,Manhattan,Battery Park City,Weekend,6,8,8,3,0,16,28.5
13,Manhattan,Battery Park City,Weekend,7,8,8,2,0,30,51.5
13,Manhattan,Battery Park City,Weekend,8,8,8,0,0,50,78.0
13,Manhattan,Battery Park City,Weekend,9,8,8,2,0,85,106.5
13,Manhattan,Battery Park City,Weekend,10,8,8,1,2,101,143.5
13,Manhattan,Battery Park City,Weekend,11,8,8,3,1,113,152.0
13,Manhattan,Battery Park City,Weekend,12,8,8,4,1,128,149.0
13,Manhattan,Battery Park City,Weekend,13,8,8,2,1,110,131.5
13,Manhattan,Battery Park City,Weekend,14,8,8,1,0,105,138.5
13,Manhattan,Battery Park City,Weekend,15,8,8,3,1,101,128.5
13,Manhattan,Battery Park City,Weekend,16,8,8,0,0,114,130.5
13,Manhattan,Battery Park City,Weekend,17,8,8,1,1,107,149.0
13,Manhattan,Battery Park City,Weekend,18,8,8,2,0,97,133.0
13,Manhattan,Battery Park City,Weekend,19,8,8,1,0,69,124.5
13,Manhattan,Battery Park City,Weekend,20,8,8,4,1,52,89.5
13,Manhattan,Battery Park City,Weekend,21,8,8,1,0,54,91.0
13,Manhattan,Battery Park City,Weekend,22,8,8,0,0,31,58.5
13,Manhattan,Battery Park City,Weekend,23,8,8,0,0,17,47.0
14,Brooklyn,Bay Ridge,Weekday,0,22,22,17,8,36,54.5
14,Brooklyn,Bay Ridge,Weekday,1,22,22,16,9,22,34.0
14,Brooklyn,Bay Ridge,Weekday,2,22,22,16,7,17,27.5
14,Brooklyn,Bay Ridge,Weekday,3,22,22,13,8,14,24.5
14,Brooklyn,Bay Ridge,Weekday,4,22,22,8,4,26,41.0
14,Brooklyn,Bay Ridge,Weekday,5,22,22,1,2,57,74.5
14,Brooklyn,Bay Ridge,Weekday,6,22,22,0,0,112,161.5
14,Brooklyn,Bay Ridge,Weekday,7,22,22,0,0,156,304.5
14,Brooklyn,Bay Ridge,Weekday,8,22,22,0,0,201,284.5
14,Brooklyn,Bay Ridge,Weekday,9,22,22,0,0,197,221.5
14,Brooklyn,Bay Ridge,Weekday,10,22,22,4,0,155,181.5
14,Brooklyn,Bay Ridge,Weekday,11,22,22,1,1,138,173.5
14,Brooklyn,Bay Ridge,Weekday,12,22,22,2,1,128,169.0
14,Brooklyn,Bay Ridge,Weekday,13,22,22,1,1,157,182.5
14,Brooklyn,Bay Ridge,Weekday,14,22,22,1,2,171,227.5
14,Brooklyn,Bay Ridge,Weekday,15,22,22,1,0,156,209.0
14,Brooklyn,Bay Ridge,Weekday,16,22,22,2,0,176,215.0
14,Brooklyn,Bay Ridge,Weekday,17,22,22,0,0,188,225.5
14,Brooklyn,Bay Ridge,Weekday,18,22,22,4,2,156,221.5
14,Brooklyn,Bay Ridge,Weekday,19,22,22,9,2,148,184.0
14,Brooklyn,Bay Ridge,Weekday,20,22,22,10,3,128,169.5
14,Brooklyn,Bay Ridge,Weekday,21,22,22,7,1,89,150.5
14,Brooklyn,Bay Ridge,Weekday,22,22,22,5,2,83,139.0
14,Brooklyn,Bay Ridge,Weekday,23,22,22,9,5,70,99.5
14,Brooklyn,Bay Ridge,Weekend,0,8,8,1,1,121,142.5
14,Brooklyn,Bay Ridge,Weekend,1,8,8,3,3,87,102.5
14,Brooklyn,Bay Ridge,Weekend,2,8,8,3,0,71,87.0
14,Brooklyn,Bay Ridge,Weekend,3,8,8,1,1,53,65.5
14,Brooklyn,Bay Ridge,Weekend,4,8,8,0,1,34,50.0
14,Brooklyn,Bay Ridge,Weekend,5,8,8,0,0,47,59.0
14,Brooklyn,Bay Ridge,Weekend,6,8,8,1,0,78,93.5
14,Brooklyn,Bay Ridge,Weekend,7,8,8,1,0,85,105.0
14,Brooklyn,Bay Ridge,Weekend,8,8,8,2,2,83,126.0
14,Brooklyn,Bay Ridge,Weekend,9,8,8,1,2,133,178.5
14,Brooklyn,Bay Ridge,Weekend,10,8,8,1,1,174,198.5
14,Brooklyn,Bay Ridge,Weekend,11,8,8,1,1,158,205.5
14,Brooklyn,Bay Ridge,Weekend,12,8,8,0,0,160,223.0
14,Brooklyn,Bay Ridge,Weekend,13,8,8,0,0,168,215.0
14,Brooklyn,Bay Ridge,Weekend,14,8,8,0,0,191,221.5
14,Brooklyn,Bay Ridge,Weekend,15,8,8,0,0,176,218.0
14,Brooklyn,Bay Ridge,Weekend,16,8,8,0,0,163,191.5
14,Brooklyn,Bay Ridge,Weekend,17,8,8,1,0,157,226.0
14,Brooklyn,Bay Ridge,Weekend,18,8,8,2,2,163,228.5
14,Brooklyn,Bay Ridge,Weekend,19,8,8,3,0,169,206.0
14,Brooklyn,Bay Ridge,Weekend,20,8,8,3,0,160,221.0
14,Brooklyn,Bay Ridge,Weekend,21,8,8,0,0,143,212.5
14,Brooklyn,Bay Ridge,Weekend,22,8,8,4,3,119,191.0
14,Brooklyn,Bay Ridge,Weekend,23,8,8,2,0,89,152.0
15,Queens,Bay Terrace/Fort Totten,Weekday,0,22,22,22,18,2,5.0
15,Queens,Bay Terrace/Fort Totten,Weekday,1,22,22,21,18,1,4.5
15,Queens,Bay Terrace/Fort Totten,Weekday,2,20,22,20,14,1,2.0
15,Queens,Bay Terrace/Fort Totten,Weekday,3,20,22,15,13,1,3.0
15,Queens,Bay Terrace/Fort Totten,Weekday,4,22,22,17,17,2,8.0
15,Queens,Bay Terrace/Fort Totten,Weekday,5,22,22,21,17,5,10.0
15,Queens,Bay Terrace/Fort Totten,Weekday,6,22,22,20,11,12,19.0
15,Queens,Bay Terrace/Fort Totten,Weekday,7,22,22,22,13,19,36.5
15,Queens,Bay Terrace/Fort Totten,Weekday,8,22,22,16,13,22,39.5
15,Queens,Bay Terrace/Fort Totten,Weekday,9,22,22,21,17,26,34.0
15,Queens,Bay Terrace/Fort Totten,Weekday,10,22,22,22,17,21,29.0
15,Queens,Bay Terrace/Fort Totten,Weekday,11,22,22,22,17,16,26.5
15,Queens,Bay Terrace/Fort Totten,Weekday,12,22,22,20,18,15,27.0
15,Queens,Bay Terrace/Fort Totten,Weekday,13,22,22,21,18,12,29.0
15,Queens,Bay Terrace/Fort Totten,Weekday,14,22,22,20,18,22,33.5
15,Queens,Bay Terrace/Fort Totten,Weekday,15,22,22,22,19,22,34.0
15,Queens,Bay Terrace/Fort Totten,Weekday,16,22,22,20,17,16,30.0
15,Queens,Bay Terrace/Fort Totten,Weekday,17,22,22,21,13,18,30.0
15,Queens,Bay Terrace/Fort Totten,Weekday,18,22,22,20,16,13,21.5
15,Queens,Bay Terrace/Fort Totten,Weekday,19,22,22,20,19,17,24.0
15,Queens,Bay Terrace/Fort Totten,Weekday,20,22,22,22,20,10,21.0
15,Queens,Bay Terrace/Fort Totten,Weekday,21,22,22,22,21,13,22.0
15,Queens,Bay Terrace/Fort Totten,Weekday,22,22,22,19,13,6,13.0
15,Queens,Bay Terrace/Fort Totten,Weekday,23,22,22,22,19,5,10.5
15,Queens,Bay Terrace/Fort Totten,Weekend,0,8,8,8,7,3,14.5
15,Queens,Bay Terrace/Fort Totten,Weekend,1,8,8,6,7,7,8.5
15,Queens,Bay Terrace/Fort Totten,Weekend,2,8,8,7,6,2,4.0
15,Queens,Bay Terrace/Fort Totten,Weekend,3,7,8,6,4,1,5.0
15,Queens,Bay Terrace/Fort Totten,Weekend,4,8,8,8,4,2,5.5
15,Queens,Bay Terrace/Fort Totten,Weekend,5,8,8,7,6,5,6.5
15,Queens,Bay Terrace/Fort Totten,Weekend,6,8,8,7,4,4,9.0
15,Queens,Bay Terrace/Fort Totten,Weekend,7,8,8,7,7,6,15.0
15,Queens,Bay Terrace/Fort Totten,Weekend,8,8,8,6,6,8,19.0
15,Queens,Bay Terrace/Fort Totten,Weekend,9,8,8,7,7,11,21.0
15,Queens,Bay Terrace/Fort Totten,Weekend,10,8,8,8,8,21,30.0
15,Queens,Bay Terrace/Fort Totten,Weekend,11,8,8,6,6,21,30.5
15,Queens,Bay Terrace/Fort Totten,Weekend,12,8,8,6,5,23,29.0
15,Queens,Bay Terrace/Fort Totten,Weekend,13,8,8,7,5,23,26.0
15,Queens,Bay Terrace/Fort Totten,Weekend,14,8,8,8,6,22,30.0
15,Queens,Bay Terrace/Fort Totten,Weekend,15,8,8,7,6,17,33.0
15,Queens,Bay Terrace/Fort Totten,Weekend,16,8,8,8,6,21,35.0
15,Queens,Bay Terrace/Fort Totten,Weekend,17,8,8,8,8,25,36.5
15,Queens,Bay Terrace/Fort Totten,Weekend,18,8,8,8,8,20,36.0
15,Queens,Bay Terrace/Fort Totten,Weekend,19,8,8,8,7,24,29.5
15,Queens,Bay Terrace/Fort Totten,Weekend,20,8,8,8,8,23,30.5
15,Queens,Bay Terrace/Fort Totten,Weekend,21,8,8,7,8,14,26.5
15,Queens,Bay Terrace/Fort Totten,Weekend,22,8,8,8,7,8,19.5
15,Queens,Bay Terrace/Fort Totten,Weekend,23,8,8,8,7,5,17.5
16,Queens,Bayside,Weekday,0,22,22,15,12,17,29.0
16,Queens,Bayside,Weekday,1,22,22,21,15,6,19.0
16,Queens,Bayside,Weekday,2,22,22,19,17,5,13.0
16,Queens,Bayside,Weekday,3,22,22,18,18,5,11.5
16,Queens,Bayside,Weekday,4,22,22,21,21,7,16.5
16,Queens,Bayside,Weekday,5,22,22,16,16,16,27.0
16,Queens,Bayside,Weekday,6,22,22,14,10,35,48.0
16,Queens,Bayside,Weekday,7,22,22,12,8,50,84.5
16,Queens,Bayside,Weekday,8,22,22,5,5,73,106.5
16,Queens,Bayside,Weekday,9,22,22,7,6,63,78.5
16,Queens,Bayside,Weekday,10,22,22,14,8,46,69.0
16,Queens,Bayside,Weekday,11,22,22,17,15,41,58.5
16,Queens,Bayside,Weekday,12,22,22,22,14,42,60.5
16,Queens,Bayside,Weekday,13,22,22,17,13,53,65.0
16,Queens,Bayside,Weekday,14,22,22,12,6,40,78.0
16,Queens,Bayside,Weekday,15,22,22,15,12,50,75.5
16,Queens,Bayside,Weekday,16,22,22,13,10,66,81.0
16,Queens,Bayside,Weekday,17,22,22,10,10,58,84.5
16,Queens,Bayside,Weekday,18,22,22,10,11,58,81.0
16,Queens,Bayside,Weekday,19,22,22,14,11,40,70.0
16,Queens,Bayside,Weekday,20,22,22,18,15,40,66.5
16,Queens,Bayside,Weekday,21,22,22,14,11,42,57.0
16,Queens,Bayside,Weekday,22,22,22,14,13,31,54.5
16,Queens,Bayside,Weekday,23,22,22,10,11,23,46.5
16,Queens,Bayside,Weekend,0,8,8,4,6,61,95.0
16,Queens,Bayside,Weekend,1,8,8,6,7,61,103.0
16,Queens,Bayside,Weekend,2,8,8,7,6,55,96.5
16,Queens,Bayside,Weekend,3,8,8,7,5,43,67.5
16,Queens,Bayside,Weekend,4,8,8,4,4,20,24.5
16,Queens,Bayside,Weekend,5,8,8,8,6,14,21.5
16,Queens,Bayside,Weekend,6,8,8,5,6,21,29.5
16,Queens,Bayside,Weekend,7,8,8,5,4,23,34.0
16,Queens,Bayside,Weekend,8,8,8,3,5,35,50.5
16,Queens,Bayside,Weekend,9,8,8,5,5,42,53.0
16,Queens,Bayside,Weekend,10,8,8,6,5,48,53.5
16,Queens,Bayside,Weekend,11,8,8,2,5,44,62.5
16,Queens,Bayside,Weekend,12,8,8,3,0,46,62.5
16,Queens,Bayside,Weekend,13,8,8,2,1,48,65.5
16,Queens,Bayside,Weekend,14,8,8,1,1,61,63.5
16,Queens,Bayside,Weekend,15,8,8,4,3,46,65.0
16,Queens,Bayside,Weekend,16,8,8,4,4,53,69.0
16,Queens,Bayside,Weekend,17,8,8,3,3,52,66.5
16,Queens,Bayside,Weekend,18,8,8,6,4,44,67.5
16,Queens,Bayside,Weekend,19,8,8,4,4,53,68.0
16,Queens,Bayside,Weekend,20,8,8,6,5,55,67.5
16,Queens,Bayside,Weekend,21,8,8,7,7,50,68.5
16,Queens,Bayside,Weekend,22,8,8,8,8,47,70.0
16,Queens,Bayside,Weekend,23,8,8,6,4,26,62.5
17,Brooklyn,Bedford,Weekday,0,22,22,0,1,112,130.5
17,Brooklyn,Bedford,Weekday,1,22,22,4,3,59,79.5
17,Brooklyn,Bedford,Weekday,2,22,22,4,6,30,49.5
17,Brooklyn,Bedford,Weekday,3,22,22,8,9,30,44.0
17,Brooklyn,Bedford,Weekday,4,22,22,19,18,46,65.0
17,Brooklyn,Bedford,Weekday,5,22,22,22,22,64,85.0
17,Brooklyn,Bedford,Weekday,6,22,22,22,21,96,123.5
17,Brooklyn,Bedford,Weekday,7,22,22,22,22,139,181.0
17,Brooklyn,Bedford,Weekday,8,22,22,22,21,180,214.5
17,Brooklyn,Bedford,Weekday,9,22,22,22,21,182,244.5
17,Brooklyn,Bedford,Weekday,10,22,22,18,16,153,238.0
17,Brooklyn,Bedford,Weekday,11,22,22,19,11,161,217.5
17,Brooklyn,Bedford,Weekday,12,22,22,21,16,161,216.5
17,Brooklyn,Bedford,Weekday,13,22,22,22,18,157,225.5
17,Brooklyn,Bedford,Weekday,14,22,22,22,20,152,241.0
17,Brooklyn,Bedford,Weekday,15,22,22,21,15,151,219.0
17,Brooklyn,Bedford,Weekday,16,22,22,17,14,187,237.5
17,Brooklyn,Bedford,Weekday,17,22,22,19,9,217,275.5
17,Brooklyn,Bedford,Weekday,18,22,22,18,6,207,295.0
17,Brooklyn,Bedford,Weekday,19,22,22,19,4,213,282.0
17,Brooklyn,Bedford,Weekday,20,22,22,5,1,195,259.5
17,Brooklyn,Bedford,Weekday,21,22,22,0,0,207,248.5
17,Brooklyn,Bedford,Weekday,22,22,22,0,0,231,297.0
17,Brooklyn,Bedford,Weekday,23,22,22,0,0,165,240.0
17,Brooklyn,Bedford,Weekend,0,8,8,0,0,377,417.5
17,Brooklyn,Bedford,Weekend,1,8,8,0,0,246,305.0
17,Brooklyn,Bedford,Weekend,2,8,8,0,0,169,196.5
17,Brooklyn,Bedford,Weekend,3,8,8,0,0,113,140.0
17,Brooklyn,Bedford,Weekend,4,8,8,0,0,83,102.0
17,Brooklyn,Bedford,Weekend,5,8,8,4,5,78,100.0
17,Brooklyn,Bedford,Weekend,6,8,8,7,6,109,121.0
17,Brooklyn,Bedford,Weekend,7,8,8,8,7,122,147.5
17,Brooklyn,Bedford,Weekend,8,8,8,7,6,156,192.5
17,Brooklyn,Bedford,Weekend,9,8,8,8,7,195,230.0
17,Brooklyn,Bedford,Weekend,10,8,8,8,7,239,277.0
17,Brooklyn,Bedford,Weekend,11,8,8,8,8,229,286.5
17,Brooklyn,Bedford,Weekend,12,8,8,8,8,255,297.5
17,Brooklyn,Bedford,Weekend,13,8,8,8,7,248,286.0
17,Brooklyn,Bedford,Weekend,14,8,8,8,8,273,325.5
17,Brooklyn,Bedford,Weekend,15,8,8,7,4,281,324.5
17,Brooklyn,Bedford,Weekend,16,8,8,4,1,261,330.0
17,Brooklyn,Bedford,Weekend,17,8,8,2,1,295,342.0
17,Brooklyn,Bedford,Weekend,18,8,8,3,1,279,346.5
17,Brooklyn,Bedford,Weekend,19,8,8,4,1,301,363.5
17,Brooklyn,Bedford,Weekend,20,8,8,1,3,296,348.0
17,Brooklyn,Bedford,Weekend,21,8,8,0,0,227,383.0
17,Brooklyn,Bedford,Weekend,22,8,8,0,1,264,421.0
17,Brooklyn,Bedford,Weekend,23,8,8,1,2,211,374.5
18,Bronx,Bedford Park,Weekday,0,22,22,15,10,65,85.0
18,Bronx,Bedford Park,Weekday,1,22,22,15,17,45,55.0
18,Bronx,Bedford Park,Weekday,2,22,22,16,14,22,37.0
18,Bronx,Bedford Park,Weekday,3,22,22,11,13,15,28.0
18,Bronx,Bedford Park,Weekday,4,22,22,14,17,31,44.0
18,Bronx,Bedford Park,Weekday,5,22,22,6,11,58,74.0
18,Bronx,Bedford Park,Weekday,6,22,22,13,15,95,150.5
18,Bronx,Bedford Park,Weekday,7,22,22,22,21,165,229.0
18,Bronx,Bedford Park,Weekday,8,22,22,17,16,234,270.5
18,Bronx,Bedford Park,Weekday,9,22,22,12,14,174,198.5
18,Bronx,Bedford Park,Weekday,10,22,22,12,15,129,160.5
18,Bronx,Bedford Park,Weekday,11,22,22,12,11,120,143.5
18,Bronx,Bedford Park,Weekday,12,22,22,16,13,113,149.5
18,Bronx,Bedford Park,Weekday,13,22,22,18,17,134,164.0
18,Bronx,Bedford Park,Weekday,14,22,22,18,18,135,176.5
18,Bronx,Bedford Park,Weekday,15,22,22,15,17,132,171.5
18,Bronx,Bedford Park,Weekday,16,22,22,22,22,146,170.0
18,Bronx,Bedford Park,Weekday,17,22,22,22,22,170,197.5
18,Bronx,Bedford Park,Weekday,18,22,22,19,17,139,178.0
18,Bronx,Bedford Park,Weekday,19,22,22,22,18,119,172.5
18,Bronx,Bedford Park,Weekday,20,22,22,18,15,115,149.5
18,Bronx,Bedford Park,Weekday,21,22,22,11,10,114,148.5
18,Bronx,Bedford Park,Weekday,22,22,22,13,15,118,146.0
18,Bronx,Bedford Park,Weekday,23,22,22,10,14,83,117.0
18,Bronx,Bedford Park,Weekend,0,8,8,1,5,137,152.0
18,Bronx,Bedford Park,Weekend,1,8,8,3,3,96,108.0
18,Bronx,Bedford Park,Weekend,2,8,8,2,2,60,75.5
18,Bronx,Bedford Park,Weekend,3,8,8,1,4,54,63.5
18,Bronx,Bedford Park,Weekend,4,8,8,4,4,51,60.0
18,Bronx,Bedford Park,Weekend,5,8,8,3,5,54,73.5
18,Bronx,Bedford Park,Weekend,6,8,8,7,7,69,86.0
18,Bronx,Bedford Park,Weekend,7,8,8,6,6,73,111.5
18,Bronx,Bedford Park,Weekend,8,8,8,4,7,86,131.5
18,Bronx,Bedford Park,Weekend,9,8,8,7,5,144,157.0
18,Bronx,Bedford Park,Weekend,10,8,8,7,5,151,163.5
18,Bronx,Bedford Park,Weekend,11,8,8,4,5,140,167.0
18,Bronx,Bedford Park,Weekend,12,8,8,6,6,131,185.0
18,Bronx,Bedford Park,Weekend,13,8,8,7,7,166,198.0
18,Bronx,Bedford Park,Weekend,14,8,8,8,8,148,202.0
18,Bronx,Bedford Park,Weekend,15,8,8,7,7,150,192.5
18,Bronx,Bedford Park,Weekend,16,8,8,8,7,129,183.0
18,Bronx,Bedford Park,Weekend,17,8,8,8,8,151,175.5
18,Bronx,Bedford Park,Weekend,18,8,8,8,7,160,183.5
18,Bronx,Bedford Park,Weekend,19,8,8,8,8,149,188.0
18,Bronx,Bedford Park,Weekend,20,8,8,8,8,141,188.0
18,Bronx,Bedford Park,Weekend,21,8,8,8,6,155,187.0
18,Bronx,Bedford Park,Weekend,22,8,8,6,5,147,194.0
18,Bronx,Bedford Park,Weekend,23,8,8,4,4,126,176.5
19,Queens,Bellerose,Weekday,0,22,22,22,18,5,11.0
19,Queens,Bellerose,Weekday,1,22,22,20,14,3,5.0
19,Queens,Bellerose,Weekday,2,22,22,20,14,1,4.5
19,Queens,Bellerose,Weekday,3,22,22,19,20,3,6.0
19,Queens,Bellerose,Weekday,4,22,22,16,12,3,9.0
19,Queens,Bellerose,Weekday,5,22,22,15,7,8,15.0
19,Queens,Bellerose,Weekday,6,22,22,16,9,21,34.5
19,Queens,Bellerose,Weekday,7,22,22,19,17,37,62.5
19,Queens,Bellerose,Weekday,8,22,22,16,10,45,59.0
19,Queens,Bellerose,Weekday,9,22,22,16,10,28,39.5
19,Queens,Bellerose,Weekday,10,22,22,21,16,22,33.0
19,Queens,Bellerose,Weekday,11,22,22,22,11,19,29.0
19,Queens,Bellerose,Weekday,12,22,22,21,13,22,26.0
19,Queens,Bellerose,Weekday,13,22,22,19,16,17,32.5
19,Queens,Bellerose,Weekday,14,22,22,19,17,23,45.5
19,Queens,Bellerose,Weekday,15,22,22,21,16,25,39.5
19,Queens,Bellerose,Weekday,16,22,22,20,14,24,32.0
19,Queens,Bellerose,Weekday,17,22,22,22,18,17,29.5
19,Queens,Bellerose,Weekday,18,22,22,21,19,19,29.0
19,Queens,Bellerose,Weekday,19,22,22,21,15,20,27.0
19,Queens,Bellerose,Weekday,20,22,22,21,14,16,22.0
19,Queens,Bellerose,Weekday,21,22,22,19,16,10,15.0
19,Queens,Bellerose,Weekday,22,22,22,22,17,8,19.0
19,Queens,Bellerose,Weekday,23,22,22,22,19,14,21.5
19,Queens,Bellerose,Weekend,0,8,8,8,7,13,14.5
19,Queens,Bellerose,Weekend,1,8,8,8,5,7,13.5
19,Queens,Bellerose,Weekend,2,8,8,7,4,7,8.0
19,Queens,Bellerose,Weekend,3,8,8,8,4,1,11.0
19,Queens,Bellerose,Weekend,4,8,8,7,2,5,8.0
19,Queens,Bellerose,Weekend,5,8,8,6,3,7,10.0
19,Queens,Bellerose,Weekend,6,8,8,5,4,13,19.5
19,Queens,Bellerose,Weekend,7,8,8,8,4,12,26.5
19,Queens,Bellerose,Weekend,8,8,8,7,7,15,26.5
19,Queens,Bellerose,Weekend,9,8,8,6,5,18,29.0
19,Queens,Bellerose,Weekend,10,8,8,8,3,25,31.5
19,Queens,Bellerose,Weekend,11,8,8,7,5,25,33.5
19,Queens,Bellerose,Weekend,12,8,8,6,4,21,32.0
19,Queens,Bellerose,Weekend,13,8,8,4,0,23,32.0
19,Queens,Bellerose,Weekend,14,8,8,5,2,25,35.5
19,Queens,Bellerose,Weekend,15,8,8,5,3,20,34.5
19,Queens,Bellerose,Weekend,16,8,8,8,6,30,37.0
19,Queens,Bellerose,Weekend,17,8,8,8,4,19,30.5
19,Queens,Bellerose,Weekend,18,8,8,8,4,23,30.5
19,Queens,Bellerose,Weekend,19,8,8,6,2,20,27.5
19,Queens,Bellerose,Weekend,20,8,8,7,7,21,28.5
19,Queens,Bellerose,Weekend,21,8,8,8,6,17,25.5
19,Queens,Bellerose,Weekend,22,8,8,8,8,16,21.5
19,Queens,Bellerose,Weekend,23,8,8,7,8,16,21.5
20,Bronx,Belmont,Weekday,0,22,22,10,7,40,53.5
20,Bronx,Belmont,Weekday,1,22,22,11,13,17,30.5
20,Bronx,Belmont,Weekday,2,22,22,11,12,10,17.0
20,Bronx,Belmont,Weekday,3,22,22,15,16,7,15.0
20,Bronx,Belmont,Weekday,4,22,22,16,14,10,20.0
20,Bronx,Belmont,Weekday,5,22,22,16,8,32,47.5
20,Bronx,Belmont,Weekday,6,22,22,15,15,54,86.5
20,Bronx,Belmont,Weekday,7,22,22,21,20,84,110.5
20,Bronx,Belmont,Weekday,8,22,22,14,11,105,139.0
20,Bronx,Belmont,Weekday,9,22,22,4,10,90,109.5
20,Bronx,Belmont,Weekday,10,22,22,6,11,77,88.0
20,Bronx,Belmont,Weekday,11,22,22,11,8,61,85.0
20,Bronx,Belmont,Weekday,12,22,22,15,17,65,95.5
20,Bronx,Belmont,Weekday,13,22,22,13,17,83,106.5
20,Bronx,Belmont,Weekday,14,22,22,18,15,81,117.0
20,Bronx,Belmont,Weekday,15,22,22,18,15,92,122.0
20,Bronx,Belmont,Weekday,16,22,22,19,19,91,117.0
20,Bronx,Belmont,Weekday,17,22,22,20,21,93,130.5
20,Bronx,Belmont,Weekday,18,22,22,12,13,90,117.5
20,Bronx,Belmont,Weekday,19,22,22,18,14,86,107.5
20,Bronx,Belmont,Weekday,20,22,22,20,16,85,119.0
20,Bronx,Belmont,Weekday,21,22,22,6,4,71,108.5
20,Bronx,Belmont,Weekday,22,22,22,8,9,70,93.0
20,Bronx,Belmont,Weekday,23,22,22,14,9,67,81.5
20,Bronx,Belmont,Weekend,0,8,8,2,4,76,106.0
20,Bronx,Belmont,Weekend,1,8,8,3,4,71,78.5
20,Bronx,Belmont,Weekend,2,8,8,0,0,33,46.0
20,Bronx,Belmont,Weekend,3,8,8,0,2,35,43.0
20,Bronx,Belmont,Weekend,4,8,8,2,3,23,34.0
20,Bronx,Belmont,Weekend,5,8,8,6,5,32,35.5
20,Bronx,Belmont,Weekend,6,8,8,6,7,38,45.5
20,Bronx,Belmont,Weekend,7,8,8,5,3,40,56.0
20,Bronx,Belmont,Weekend,8,8,8,2,4,63,79.5
20,Bronx,Belmont,Weekend,9,8,8,2,6,69,93.5
20,Bronx,Belmont,Weekend,10,8,8,5,5,72,86.0
20,Bronx,Belmont,Weekend,11,8,8,6,5,76,86.5
20,Bronx,Belmont,Weekend,12,8,8,4,3,94,106.0
20,Bronx,Belmont,Weekend,13,8,8,6,6,90,129.5
20,Bronx,Belmont,Weekend,14,8,8,8,8,104,127.5
20,Bronx,Belmont,Weekend,15,8,8,8,8,109,152.0
20,Bronx,Belmont,Weekend,16,8,8,8,8,114,143.5
20,Bronx,Belmont,Weekend,17,8,8,8,8,113,139.5
20,Bronx,Belmont,Weekend,18,8,8,8,8,116,142.5
20,Bronx,Belmont,Weekend,19,8,8,8,8,102,138.0
20,Bronx,Belmont,Weekend,20,8,8,8,7,108,148.0
20,Bronx,Belmont,Weekend,21,8,8,7,5,94,136.0
20,Bronx,Belmont,Weekend,22,8,8,7,7,86,121.5
20,Bronx,Belmont,Weekend,23,8,8,5,6,82,111.5
21,Brooklyn,Bensonhurst East,Weekday,0,22,22,14,13,21,34.0
21,Brooklyn,Bensonhurst East,Weekday,1,22,22,19,10,11,23.5
21,Brooklyn,Bensonhurst East,Weekday,2,22,22,18,13,10,17.0
21,Brooklyn,Bensonhurst East,Weekday,3,22,22,14,17,12,20.0
21,Brooklyn,Bensonhurst East,Weekday,4,22,22,4,3,18,26.0
21,Brooklyn,Bensonhurst East,Weekday,5,22,22,1,0,18,37.0
21,Brooklyn,Bensonhurst East,Weekday,6,22,22,2,0,52,75.5
21,Brooklyn,Bensonhurst East,Weekday,7,22,22,2,1,76,164.0
21,Brooklyn,Bensonhurst East,Weekday,8,22,22,4,2,108,148.5
21,Brooklyn,Bensonhurst East,Weekday,9,22,22,6,7,105,121.5
21,Brooklyn,Bensonhurst East,Weekday,10,22,22,9,5,79,95.5
21,Brooklyn,Bensonhurst East,Weekday,11,22,22,12,8,53,82.0
21,Brooklyn,Bensonhurst East,Weekday,12,22,22,13,5,62,82.5
21,Brooklyn,Bensonhurst East,Weekday,13,22,22,7,4,65,86.0
21,Brooklyn,Bensonhurst East,Weekday,14,22,22,7,3,72,102.5
21,Brooklyn,Bensonhurst East,Weekday,15,22,22,9,8,65,97.0
21,Brooklyn,Bensonhurst East,Weekday,16,22,22,6,3,60,101.5
21,Brooklyn,Bensonhurst East,Weekday,17,22,22,5,5,77,108.5
21,Brooklyn,Bensonhurst East,Weekday,18,22,22,9,8,70,93.5
21,Brooklyn,Bensonhurst East,Weekday,19,22,22,14,6,73,87.5
21,Brooklyn,Bensonhurst East,Weekday,20,22,22,17,10,66,75.0
21,Brooklyn,Bensonhurst East,Weekday,21,22,22,15,7,54,69.0
21,Brooklyn,Bensonhurst East,Weekday,22,22,22,9,10,47,61.0
21,Brooklyn,Bensonhurst East,Weekday,23,22,22,14,11,20,48.5
21,Brooklyn,Bensonhurst East,Weekend,0,8,8,3,1,61,73.5
21,Brooklyn,Bensonhurst East,Weekend,1,8,8,5,5,41,56.5
21,Brooklyn,Bensonhurst East,Weekend,2,8,8,4,3,36,46.5
21,Brooklyn,Bensonhurst East,Weekend,3,8,8,3,4,33,45.5
21,Brooklyn,Bensonhurst East,Weekend,4,8,8,2,2,34,39.0
21,Brooklyn,Bensonhurst East,Weekend,5,8,8,1,0,22,36.0
21,Brooklyn,Bensonhurst East,Weekend,6,8,8,2,0,42,50.0
21,Brooklyn,Bensonhurst East,Weekend,7,8,8,3,3,57,66.5
21,Brooklyn,Bensonhurst East,Weekend,8,8,8,2,2,63,77.5
21,Brooklyn,Bensonhurst East,Weekend,9,8,8,2,1,79,97.5
21,Brooklyn,Bensonhurst East,Weekend,10,8,8,2,1,83,100.0
21,Brooklyn,Bensonhurst East,Weekend,11,8,8,1,3,79,94.0
21,Brooklyn,Bensonhurst East,Weekend,12,8,8,2,0,87,98.5
21,Brooklyn,Bensonhurst East,Weekend,13,8,8,0,1,83,98.0
21,Brooklyn,Bensonhurst East,Weekend,14,8,8,0,0,82,95.0
21,Brooklyn,Bensonhurst East,Weekend,15,8,8,0,0,80,101.0
21,Brooklyn,Bensonhurst East,Weekend,16,8,8,1,0,74,91.0
21,Brooklyn,Bensonhurst East,Weekend,17,8,8,1,1,80,101.5
21,Brooklyn,Bensonhurst East,Weekend,18,8,8,3,3,79,116.5
21,Brooklyn,Bensonhurst East,Weekend,19,8,8,2,3,82,106.5
21,Brooklyn,Bensonhurst East,Weekend,20,8,8,4,4,71,106.5
21,Brooklyn,Bensonhurst East,Weekend,21,8,8,2,1,72,89.5
21,Brooklyn,Bensonhurst East,Weekend,22,8,8,1,1,57,94.0
21,Brooklyn,Bensonhurst East,Weekend,23,8,8,1,0,59,74.0
22,Brooklyn,Bensonhurst West,Weekday,0,22,22,15,11,27,47.0
22,Brooklyn,Bensonhurst West,Weekday,1,22,22,14,7,16,29.0
22,Brooklyn,Bensonhurst West,Weekday,2,22,22,18,13,7,16.5
22,Brooklyn,Bensonhurst West,Weekday,3,22,22,10,14,9,14.0
22,Brooklyn,Bensonhurst West,Weekday,4,22,22,4,6,21,26.0
22,Brooklyn,Bensonhurst West,Weekday,5,22,22,1,5,32,47.0
22,Brooklyn,Bensonhurst West,Weekday,6,22,22,0,1,61,89.0
22,Brooklyn,Bensonhurst West,Weekday,7,22,22,3,0,106,206.0
22,Brooklyn,Bensonhurst West,Weekday,8,22,22,3,4,145,213.5
22,Brooklyn,Bensonhurst West,Weekday,9,22,22,11,7,140,156.0
22,Brooklyn,Bensonhurst West,Weekday,10,22,22,17,5,99,115.5
22,Brooklyn,Bensonhurst West,Weekday,11,22,22,17,7,83,102.5
22,Brooklyn,Bensonhurst West,Weekday,12,22,22,15,8,95,116.0
22,Brooklyn,Bensonhurst West,Weekday,13,22,22,10,3,84,111.0
22,Brooklyn,Bensonhurst West,Weekday,14,22,22,6,3,81,143.5
22,Brooklyn,Bensonhurst West,Weekday,15,22,22,7,2,91,139.0
22,Brooklyn,Bensonhurst West,Weekday,16,22,22,10,4,101,138.5
22,Brooklyn,Bensonhurst West,Weekday,17,22,22,7,2,100,135.0
22,Brooklyn,Bensonhurst West,Weekday,18,22,22,12,13,103,122.0
22,Brooklyn,Bensonhurst West,Weekday,19,22,22,21,13,91,123.0
22,Brooklyn,Bensonhurst West,Weekday,20,22,22,17,10,80,112.0
22,Brooklyn,Bensonhurst West,Weekday,21,22,22,11,4,80,102.0
22,Brooklyn,Bensonhurst West,Weekday,22,22,22,7,5,75,89.0
22,Brooklyn,Bensonhurst West,Weekday,23,22,22,8,8,49,68.5
22,Brooklyn,Bensonhurst West,Weekend,0,8,8,2,4,61,78.0
22,Brooklyn,Bensonhurst West,Weekend,1,8,8,3,4,31,65.0
22,Brooklyn,Bensonhurst West,Weekend,2,8,8,1,2,25,35.0
22,Brooklyn,Bensonhurst West,Weekend,3,8,8,1,2,24,35.5
22,Brooklyn,Bensonhurst West,Weekend,4,8,8,1,2,23,30.0
22,Brooklyn,Bensonhurst West,Weekend,5,8,8,1,1,31,36.5
22,Brooklyn,Bensonhurst West,Weekend,6,8,8,0,2,44,56.5
22,Brooklyn,Bensonhurst West,Weekend,7,8,8,0,1,63,77.5
22,Brooklyn,Bensonhurst West,Weekend,8,8,8,6,3,92,103.0
22,Brooklyn,Bensonhurst West,Weekend,9,8,8,4,4,111,140.5
22,Brooklyn,Bensonhurst West,Weekend,10,8,8,4,4,116,135.5
22,Brooklyn,Bensonhurst West,Weekend,11,8,8,3,4,109,135.5
22,Brooklyn,Bensonhurst West,Weekend,12,8,8,0,2,115,130.0
22,Brooklyn,Bensonhurst West,Weekend,13,8,8,1,1,110,132.0
22,Brooklyn,Bensonhurst West,Weekend,14,8,8,0,0,114,141.0
22,Brooklyn,Bensonhurst West,Weekend,15,8,8,0,1,130,141.5
22,Brooklyn,Bensonhurst West,Weekend,16,8,8,2,2,112,132.0
22,Brooklyn,Bensonhurst West,Weekend,17,8,8,1,1,119,145.0
22,Brooklyn,Bensonhurst West,Weekend,18,8,8,5,2,115,147.0
22,Brooklyn,Bensonhurst West,Weekend,19,8,8,5,1,116,139.5
22,Brooklyn,Bensonhurst West,Weekend,20,8,8,5,4,128,151.0
22,Brooklyn,Bensonhurst West,Weekend,21,8,8,4,1,119,129.5
22,Brooklyn,Bensonhurst West,Weekend,22,8,8,3,2,88,119.5
22,Brooklyn,Bensonhurst West,Weekend,23,8,8,2,1,72,98.5
23,Staten Island,Bloomfield/Emerson Hill,Weekday,0,22,22,21,18,9,16.0
23,Staten Island,Bloomfield/Emerson Hill,Weekday,1,22,22,22,18,5,9.5
23,Staten Island,Bloomfield/Emerson Hill,Weekday,2,22,22,21,22,4,8.0
23,Staten Island,Bloomfield/Emerson Hill,Weekday,3,22,22,20,22,3,7.5
23,Staten Island,Bloomfield/Emerson Hill,Weekday,4,22,22,22,22,11,18.5
23,Staten Island,Bloomfield/Emerson Hill,Weekday,5,22,22,21,19,15,26.0
23,Staten Island,Bloomfield/Emerson Hill,Weekday,6,22,22,21,21,24,37.0
23,Staten Island,Bloomfield/Emerson Hill,Weekday,7,22,22,14,11,32,68.5
23,Staten Island,Bloomfield/Emerson Hill,Weekday,8,22,22,12,13,46,66.5
23,Staten Island,Bloomfield/Emerson Hill,Weekday,9,22,22,19,15,42,63.0
23,Staten Island,Bloomfield/Emerson Hill,Weekday,10,22,22,21,17,36,63.0
23,Staten Island,Bloomfield/Emerson Hill,Weekday,11,22,22,22,22,40,58.0
23,Staten Island,Bloomfield/Emerson Hill,Weekday,12,22,22,21,20,38,60.5
23,Staten Island,Bloomfield/Emerson Hill,Weekday,13,22,22,22,21,31,68.5
23,Staten Island,Bloomfield/Emerson Hill,Weekday,14,22,22,22,22,53,90.5
23,Staten Island,Bloomfield/Emerson Hill,Weekday,15,22,22,22,22,59,92.5
23,Staten Island,Bloomfield/Emerson Hill,Weekday,16,22,22,22,22,56,83.5
23,Staten Island,Bloomfield/Emerson Hill,Weekday,17,22,22,22,22,56,73.0
23,Staten Island,Bloomfield/Emerson Hill,Weekday,18,22,22,21,22,43,68.0
23,Staten Island,Bloomfield/Emerson Hill,Weekday,19,22,22,22,21,37,48.0
23,Staten Island,Bloomfield/Emerson Hill,Weekday,20,22,22,22,22,29,49.0
23,Staten Island,Bloomfield/Emerson Hill,Weekday,21,22,22,21,22,28,42.0
23,Staten Island,Bloomfield/Emerson Hill,Weekday,22,22,22,22,20,28,39.0
23,Staten Island,Bloomfield/Emerson Hill,Weekday,23,22,22,22,20,22,29.0
23,Staten Island,Bloomfield/Emerson Hill,Weekend,0,8,8,7,8,19,28.5
23,Staten Island,Bloomfield/Emerson Hill,Weekend,1,8,8,8,8,6,20.5
23,Staten Island,Bloomfield/Emerson Hill,Weekend,2,8,8,8,8,7,15.5
23,Staten Island,Bloomfield/Emerson Hill,Weekend,3,8,8,8,8,8,11.5
23,Staten Island,Bloomfield/Emerson Hill,Weekend,4,8,8,8,8,9,16.5
23,Staten Island,Bloomfield/Emerson Hill,Weekend,5,8,8,8,8,15,22.5
23,Staten Island,Bloomfield/Emerson Hill,Weekend,6,8,8,8,8,26,31.5
23,Staten Island,Bloomfield/Emerson Hill,Weekend,7,8,8,8,6,17,27.5
23,Staten Island,Bloomfield/Emerson Hill,Weekend,8,8,8,8,6,27,38.0
23,Staten Island,Bloomfield/Emerson Hill,Weekend,9,8,8,8,7,39,45.5
23,Staten Island,Bloomfield/Emerson Hill,Weekend,10,8,8,8,8,27,48.0
23,Staten Island,Bloomfield/Emerson Hill,Weekend,11,8,8,8,8,36,49.0
23,Staten Island,Bloomfield/Emerson Hill,Weekend,12,8,8,7,4,35,45.0
23,Staten Island,Bloomfield/Emerson Hill,Weekend,13,8,8,7,7,41,45.0
23,Staten Island,Bloomfield/Emerson Hill,Weekend,14,8,8,7,6,37,49.0
23,Staten Island,Bloomfield/Emerson Hill,Weekend,15,8,8,7,8,36,48.5
23,Staten Island,Bloomfield/Emerson Hill,Weekend,16,8,8,7,7,35,50.0
23,Staten Island,Bloomfield/Emerson Hill,Weekend,17,8,8,8,7,37,47.0
23,Staten Island,Bloomfield/Emerson Hill,Weekend,18,8,8,8,7,32,40.5
23,Staten Island,Bloomfield/Emerson Hill,Weekend,19,8,8,6,7,29,40.0
23,Staten Island,Bloomfield/Emerson Hill,Weekend,20,8,8,8,7,24,42.0
23,Staten Island,Bloomfield/Emerson Hill,Weekend,21,8,8,8,8,24,43.5
23,Staten Island,Bloomfield/Emerson Hill,Weekend,22,8,8,8,8,34,44.0
23,Staten Island,Bloomfield/Emerson Hill,Weekend,23,8,8,8,7,21,34.0
24,Manhattan,Bloomingdale,Weekday,0,22,22,5,3,18,24.0
24,Manhattan,Bloomingdale,Weekday,1,22,22,11,10,10,18.5
24,Manhattan,Bloomingdale,Weekday,2,22,22,7,8,8,12.0
24,Manhattan,Bloomingdale,Weekday,3,22,22,11,8,2,9.0
24,Manhattan,Bloomingdale,Weekday,4,22,22,13,11,10,14.5
24,Manhattan,Bloomingdale,Weekday,5,22,22,16,13,10,16.0
24,Manhattan,Bloomingdale,Weekday,6,22,22,9,8,19,31.5
24,Manhattan,Bloomingdale,Weekday,7,22,22,5,2,29,45.0
24,Manhattan,Bloomingdale,Weekday,8,22,22,4,1,52,67.0
24,Manhattan,Bloomingdale,Weekday,9,22,22,6,3,40,55.5
24,Manhattan,Bloomingdale,Weekday,10,22,22,2,2,27,48.0
24,Manhattan,Bloomingdale,Weekday,11,22,22,3,2,28,45.5
24,Manhattan,Bloomingdale,Weekday,12,22,22,2,2,27,40.0
24,Manhattan,Bloomingdale,Weekday,13,22,22,4,5,25,43.5
24,Manhattan,Bloomingdale,Weekday,14,22,22,4,4,29,42.0
24,Manhattan,Bloomingdale,Weekday,15,22,22,4,3,29,42.5
24,Manhattan,Bloomingdale,Weekday,16,22,22,13,3,29,40.5
24,Manhattan,Bloomingdale,Weekday,17,22,22,9,5,26,47.0
24,Manhattan,Bloomingdale,Weekday,18,22,22,11,9,39,55.5
24,Manhattan,Bloomingdale,Weekday,19,22,22,12,12,32,49.5
24,Manhattan,Bloomingdale,Weekday,20,22,22,12,11,34,44.5
24,Manhattan,Bloomingdale,Weekday,21,22,22,15,13,31,48.0
24,Manhattan,Bloomingdale,Weekday,22,22,22,11,12,28,51.5
24,Manhattan,Bloomingdale,Weekday,23,22,22,10,12,19,37.5
24,Manhattan,Bloomingdale,Weekend,0,8,8,2,5,32,45.0
24,Manhattan,Bloomingdale,Weekend,1,8,8,0,4,32,45.0
24,Manhattan,Bloomingdale,Weekend,2,8,8,0,1,15,29.0
24,Manhattan,Bloomingdale,Weekend,3,8,8,2,0,15,20.0
24,Manhattan,Bloomingdale,Weekend,4,8,8,1,2,13,18.0
24,Manhattan,Bloomingdale,Weekend,5,8,8,3,3,9,14.0
24,Manhattan,Bloomingdale,Weekend,6,8,8,3,1,12,17.5
24,Manhattan,Bloomingdale,Weekend,7,8,8,3,1,17,29.5
24,Manhattan,Bloomingdale,Weekend,8,8,8,0,3,23,36.5
24,Manhattan,Bloomingdale,Weekend,9,8,8,0,2,39,48.0
24,Manhattan,Bloomingdale,Weekend,10,8,8,1,0,46,55.5
24,Manhattan,Bloomingdale,Weekend,11,8,8,1,0,47,50.0
24,Manhattan,Bloomingdale,Weekend,12,8,8,3,4,44,51.5
24,Manhattan,Bloomingdale,Weekend,13,8,8,6,4,41,49.0
24,Manhattan,Bloomingdale,Weekend,14,8,8,4,4,40,48.0
24,Manhattan,Bloomingdale,Weekend,15,8,8,2,2,40,45.5
24,Manhattan,Bloomingdale,Weekend,16,8,8,2,3,36,46.5
24,Manhattan,Bloomingdale,Weekend,17,8,8,7,5,36,49.0
24,Manhattan,Bloomingdale,Weekend,18,8,8,4,4,35,55.5
24,Manhattan,Bloomingdale,Weekend,19,8,8,5,5,35,58.0
24,Manhattan,Bloomingdale,Weekend,20,8,8,4,3,39,57.0
24,Manhattan,Bloomingdale,Weekend,21,8,8,4,5,34,54.0
24,Manhattan,Bloomingdale,Weekend,22,8,8,1,2,33,54.5
24,Manhattan,Bloomingdale,Weekend,23,8,8,1,3,26,48.0
25,Brooklyn,Boerum Hill,Weekday,0,22,22,3,2,57,89.0
25,Brooklyn,Boerum Hill,Weekday,1,22,22,9,5,29,51.5
25,Brooklyn,Boerum Hill,Weekday,2,22,22,12,10,16,29.5
25,Brooklyn,Boerum Hill,Weekday,3,22,22,12,11,11,22.0
25,Brooklyn,Boerum Hill,Weekday,4,22,22,3,3,16,35.5
25,Brooklyn,Boerum Hill,Weekday,5,22,22,5,4,52,73.0
25,Brooklyn,Boerum Hill,Weekday,6,22,22,6,1,90,106.0
25,Brooklyn,Boerum Hill,Weekday,7,22,22,7,0,91,142.5
25,Brooklyn,Boerum Hill,Weekday,8,22,22,15,14,135,160.5
25,Brooklyn,Boerum Hill,Weekday,9,22,22,10,12,128,154.5
25,Brooklyn,Boerum Hill,Weekday,10,22,22,5,7,114,146.5
25,Brooklyn,Boerum Hill,Weekday,11,22,22,8,10,123,146.0
25,Brooklyn,Boerum Hill,Weekday,12,22,22,12,16,107,147.0
25,Brooklyn,Boerum Hill,Weekday,13,22,22,14,13,97,138.5
25,Brooklyn,Boerum Hill,Weekday,14,22,22,12,11,97,140.0
25,Brooklyn,Boerum Hill,Weekday,15,22,22,16,12,124,156.5
25,Brooklyn,Boerum Hill,Weekday,16,22,22,10,9,120,167.0
25,Brooklyn,Boerum Hill,Weekday,17,22,22,10,8,164,204.0
25,Brooklyn,Boerum Hill,Weekday,18,22,22,4,5,147,213.5
25,Brooklyn,Boerum Hill,Weekday,19,22,22,0,0,143,198.0
25,Brooklyn,Boerum Hill,Weekday,20,22,22,2,0,115,200.0
25,Brooklyn,Boerum Hill,Weekday,21,22,22,1,1,120,205.0
25,Brooklyn,Boerum Hill,Weekday,22,22,22,5,4,111,214.0
25,Brooklyn,Boerum Hill,Weekday,23,22,22,5,4,103,179.0
25,Brooklyn,Boerum Hill,Weekend,0,8,8,4,4,287,354.5
25,Brooklyn,Boerum Hill,Weekend,1,8,8,2,1,228,292.0
25,Brooklyn,Boerum Hill,Weekend,2,8,8,6,1,173,224.0
25,Brooklyn,Boerum Hill,Weekend,3,8,8,2,0,108,135.5
25,Brooklyn,Boerum Hill,Weekend,4,8,8,1,0,61,75.5
25,Brooklyn,Boerum Hill,Weekend,5,8,8,1,1,39,54.0
25,Brooklyn,Boerum Hill,Weekend,6,8,8,2,0,52,72.0
25,Brooklyn,Boerum Hill,Weekend,7,8,8,3,3,73,98.5
25,Brooklyn,Boerum Hill,Weekend,8,8,8,1,0,88,122.0
25,Brooklyn,Boerum Hill,Weekend,9,8,8,1,0,138,174.0
25,Brooklyn,Boerum Hill,Weekend,10,8,8,1,0,169,233.0
25,Brooklyn,Boerum Hill,Weekend,11,8,8,2,1,191,264.5
25,Brooklyn,Boerum Hill,Weekend,12,8,8,3,3,192,267.0
25,Brooklyn,Boerum Hill,Weekend,13,8,8,4,4,167,251.0
25,Brooklyn,Boerum Hill,Weekend,14,8,8,4,2,187,263.0
25,Brooklyn,Boerum Hill,Weekend,15,8,8,2,0,222,240.0
25,Brooklyn,Boerum Hill,Weekend,16,8,8,3,0,218,263.0
25,Brooklyn,Boerum Hill,Weekend,17,8,8,3,2,195,271.5
25,Brooklyn,Boerum Hill,Weekend,18,8,8,3,1,195,271.0
25,Brooklyn,Boerum Hill,Weekend,19,8,8,2,1,179,272.0
25,Brooklyn,Boerum Hill,Weekend,20,8,8,1,1,159,263.0
25,Brooklyn,Boerum Hill,Weekend,21,8,8,3,2,165,242.5
25,Brooklyn,Boerum Hill,Weekend,22,8,8,4,2,150,287.5
25,Brooklyn,Boerum Hill,Weekend,23,8,8,5,3,99,238.5
26,Brooklyn,Borough Park,Weekday,0,22,22,19,8,38,65.0
26,Brooklyn,Borough Park,Weekday,1,22,22,19,11,19,31.5
26,Brooklyn,Borough Park,Weekday,2,22,22,17,16,13,21.0
26,Brooklyn,Borough Park,Weekday,3,22,22,14,14,9,18.0
26,Brooklyn,Borough Park,Weekday,4,22,22,17,13,13,22.5
26,Brooklyn,Borough Park,Weekday,5,22,22,12,15,15,28.0
26,Brooklyn,Borough Park,Weekday,6,22,22,8,5,28,65.5
26,Brooklyn,Borough Park,Weekday,7,22,22,3,7,64,149.0
26,Brooklyn,Borough Park,Weekday,8,22,22,15,10,75,212.5
26,Brooklyn,Borough Park,Weekday,9,22,22,19,20,52,249.0
26,Brooklyn,Borough Park,Weekday,10,22,22,22,17,46,253.5
26,Brooklyn,Borough Park,Weekday,11,22,22,22,16,55,230.5
26,Brooklyn,Borough Park,Weekday,12,22,22,21,19,59,234.5
26,Brooklyn,Borough Park,Weekday,13,22,22,21,16,50,226.5
26,Brooklyn,Borough Park,Weekday,14,22,22,19,16,41,263.5
26,Brooklyn,Borough Park,Weekday,15,22,22,18,13,65,232.5
26,Brooklyn,Borough Park,Weekday,16,22,22,19,17,61,233.5
26,Brooklyn,Borough Park,Weekday,17,22,22,19,14,48,229.0
26,Brooklyn,Borough Park,Weekday,18,22,22,19,16,58,203.0
26,Brooklyn,Borough Park,Weekday,19,22,22,21,9,63,173.0
26,Brooklyn,Borough Park,Weekday,20,22,22,21,13,58,162.0
26,Brooklyn,Borough Park,Weekday,21,22,22,18,8,47,159.5
26,Brooklyn,Borough Park,Weekday,22,22,22,13,6,51,152.0
26,Brooklyn,Borough Park,Weekday,23,22,22,17,10,50,129.0
26,Brooklyn,Borough Park,Weekend,0,8,8,4,3,40,75.0
26,Brooklyn,Borough Park,Weekend,1,8,8,4,3,25,56.0
26,Brooklyn,Borough Park,Weekend,2,8,8,7,8,23,37.0
26,Brooklyn,Borough Park,Weekend,3,8,8,6,5,20,27.0
26,Brooklyn,Borough Park,Weekend,4,8,8,2,3,18,26.0
26,Brooklyn,Borough Park,Weekend,5,8,8,4,4,17,24.5
26,Brooklyn,Borough Park,Weekend,6,8,8,1,0,21,33.5
26,Brooklyn,Borough Park,Weekend,7,8,8,4,5,56,69.0
26,Brooklyn,Borough Park,Weekend,8,8,8,8,7,47,75.0
26,Brooklyn,Borough Park,Weekend,9,8,8,7,6,46,86.5
26,Brooklyn,Borough Park,Weekend,10,8,8,7,7,43,83.0
26,Brooklyn,Borough Park,Weekend,11,8,8,6,4,43,94.5
26,Brooklyn,Borough Park,Weekend,12,8,8,7,4,44,99.0
26,Brooklyn,Borough Park,Weekend,13,8,8,3,2,35,106.5
26,Brooklyn,Borough Park,Weekend,14,8,8,3,3,42,110.0
26,Brooklyn,Borough Park,Weekend,15,8,8,4,2,39,122.0
26,Brooklyn,Borough Park,Weekend,16,8,8,7,4,52,109.5
26,Brooklyn,Borough Park,Weekend,17,8,8,6,6,56,107.0
26,Brooklyn,Borough Park,Weekend,18,8,8,5,4,65,107.5
26,Brooklyn,Borough Park,Weekend,19,8,8,4,4,77,139.0
26,Brooklyn,Borough Park,Weekend,20,8,8,8,4,88,139.0
26,Brooklyn,Borough Park,Weekend,21,8,8,7,4,135,187.0
26,Brooklyn,Borough Park,Weekend,22,8,8,4,0,120,190.5
26,Brooklyn,Borough Park,Weekend,23,8,8,2,0,118,144.0
27,Queens,Breezy Point/Fort Tilden/Riis Beach,Weekday,1,3,22,3,3,1,1.0
27,Queens,Breezy Point/Fort Tilden/Riis Beach,Weekday,2,3,22,2,1,1,1.0
27,Queens,Breezy Point/Fort Tilden/Riis Beach,Weekday,3,6,22,5,4,1,1.0
27,Queens,Breezy Point/Fort Tilden/Riis Beach,Weekday,4,7,22,5,4,1,1.0
27,Queens,Breezy Point/Fort Tilden/Riis Beach,Weekday,5,6,22,5,3,1,1.0
27,Queens,Breezy Point/Fort Tilden/Riis Beach,Weekday,6,22,22,22,17,1,1.0
27,Queens,Breezy Point/Fort Tilden/Riis Beach,Weekday,7,13,22,13,8,1,1.0
27,Queens,Breezy Point/Fort Tilden/Riis Beach,Weekday,8,12,22,12,8,1,1.0
27,Queens,Breezy Point/Fort Tilden/Riis Beach,Weekday,9,11,22,11,7,1,1.0
27,Queens,Breezy Point/Fort Tilden/Riis Beach,Weekday,10,18,22,18,10,1,1.0
27,Queens,Breezy Point/Fort Tilden/Riis Beach,Weekday,11,17,22,16,8,1,1.0
27,Queens,Breezy Point/Fort Tilden/Riis Beach,Weekday,12,13,22,12,8,1,2.0
27,Queens,Breezy Point/Fort Tilden/Riis Beach,Weekday,13,13,22,12,9,1,2.0
27,Queens,Breezy Point/Fort Tilden/Riis Beach,Weekday,14,19,22,18,12,1,1.0
27,Queens,Breezy Point/Fort Tilden/Riis Beach,Weekday,15,13,22,12,10,1,1.0
27,Queens,Breezy Point/Fort Tilden/Riis Beach,Weekday,16,19,22,18,12,1,1.0
27,Queens,Breezy Point/Fort Tilden/Riis Beach,Weekday,17,17,22,16,14,1,1.0
27,Queens,Breezy Point/Fort Tilden/Riis Beach,Weekday,18,15,22,13,6,1,1.0
27,Queens,Breezy Point/Fort Tilden/Riis Beach,Weekday,19,13,22,11,4,1,1.0
27,Queens,Breezy Point/Fort Tilden/Riis Beach,Weekday,20,18,22,18,13,1,1.5
27,Queens,Breezy Point/Fort Tilden/Riis Beach,Weekday,21,11,22,11,5,1,1.0
27,Queens,Breezy Point/Fort Tilden/Riis Beach,Weekday,22,10,22,10,6,1,1.5
27,Queens,Breezy Point/Fort Tilden/Riis Beach,Weekday,23,7,22,6,5,1,1.0
27,Queens,Breezy Point/Fort Tilden/Riis Beach,Weekend,0,7,8,7,6,1,3.0
27,Queens,Breezy Point/Fort Tilden/Riis Beach,Weekend,1,6,8,6,4,1,1.0
27,Queens,Breezy Point/Fort Tilden/Riis Beach,Weekend,2,7,8,7,5,1,3.0
27,Queens,Breezy Point/Fort Tilden/Riis Beach,Weekend,3,4,8,4,4,1,1.5
27,Queens,Breezy Point/Fort Tilden/Riis Beach,Weekend,4,1,8,1,1,1,1.0
27,Queens,Breezy Point/Fort Tilden/Riis Beach,Weekend,6,5,8,5,3,1,1.0
27,Queens,Breezy Point/Fort Tilden/Riis Beach,Weekend,7,8,8,5,2,1,1.5
27,Queens,Breezy Point/Fort Tilden/Riis Beach,Weekend,8,7,8,7,5,1,2.0
27,Queens,Breezy Point/Fort Tilden/Riis Beach,Weekend,9,5,8,5,4,1,1.0
27,Queens,Breezy Point/Fort Tilden/Riis Beach,Weekend,10,5,8,4,4,1,2.0
27,Queens,Breezy Point/Fort Tilden/Riis Beach,Weekend,11,6,8,6,5,1,2.0
27,Queens,Breezy Point/Fort Tilden/Riis Beach,Weekend,12,6,8,5,3,1,1.0
27,Queens,Breezy Point/Fort Tilden/Riis Beach,Weekend,13,5,8,5,5,1,1.0
27,Queens,Breezy Point/Fort Tilden/Riis Beach,Weekend,14,7,8,6,4,1,2.0
27,Queens,Breezy Point/Fort Tilden/Riis Beach,Weekend,15,7,8,7,6,1,1.0
27,Queens,Breezy Point/Fort Tilden/Riis Beach,Weekend,16,7,8,6,5,1,3.0
27,Queens,Breezy Point/Fort Tilden/Riis Beach,Weekend,17,8,8,6,7,1,2.5
27,Queens,Breezy Point/Fort Tilden/Riis Beach,Weekend,18,7,8,5,4,1,3.0
27,Queens,Breezy Point/Fort Tilden/Riis Beach,Weekend,19,8,8,7,7,1,2.0
27,Queens,Breezy Point/Fort Tilden/Riis Beach,Weekend,20,8,8,8,6,1,2.5
27,Queens,Breezy Point/Fort Tilden/Riis Beach,Weekend,21,7,8,7,7,1,3.0
27,Queens,Breezy Point/Fort Tilden/Riis Beach,Weekend,22,6,8,5,5,1,2.5
27,Queens,Breezy Point/Fort Tilden/Riis Beach,Weekend,23,5,8,5,4,1,3.0
28,Queens,Briarwood/Jamaica Hills,Weekday,0,22,22,21,15,16,27.0
28,Queens,Briarwood/Jamaica Hills,Weekday,1,22,22,17,13,13,18.5
28,Queens,Briarwood/Jamaica Hills,Weekday,2,22,22,21,18,9,14.5
28,Queens,Briarwood/Jamaica Hills,Weekday,3,22,22,19,12,13,20.0
28,Queens,Briarwood/Jamaica Hills,Weekday,4,22,22,8,12,23,33.0
28,Queens,Briarwood/Jamaica Hills,Weekday,5,22,22,3,6,42,52.0
28,Queens,Briarwood/Jamaica Hills,Weekday,6,22,22,10,6,69,100.5
28,Queens,Briarwood/Jamaica Hills,Weekday,7,22,22,7,3,85,162.5
28,Queens,Briarwood/Jamaica Hills,Weekday,8,22,22,4,1,113,150.5
28,Queens,Briarwood/Jamaica Hills,Weekday,9,22,22,11,4,108,126.5
28,Queens,Briarwood/Jamaica Hills,Weekday,10,22,22,15,9,77,95.0
28,Queens,Briarwood/Jamaica Hills,Weekday,11,22,22,21,11,68,86.5
28,Queens,Briarwood/Jamaica Hills,Weekday,12,22,22,19,12,68,77.0
28,Queens,Briarwood/Jamaica Hills,Weekday,13,22,22,20,17,65,81.5
28,Queens,Briarwood/Jamaica Hills,Weekday,14,22,22,18,12,65,96.0
28,Queens,Briarwood/Jamaica Hills,Weekday,15,22,22,18,13,69,94.0
28,Queens,Briarwood/Jamaica Hills,Weekday,16,22,22,17,9,60,81.5
28,Queens,Briarwood/Jamaica Hills,Weekday,17,22,22,13,12,63,88.0
28,Queens,Briarwood/Jamaica Hills,Weekday,18,22,22,18,7,65,81.5
28,Queens,Briarwood/Jamaica Hills,Weekday,19,22,22,19,6,44,70.0
28,Queens,Briarwood/Jamaica Hills,Weekday,20,22,22,22,8,48,65.0
28,Queens,Briarwood/Jamaica Hills,Weekday,21,22,22,13,5,35,53.0
28,Queens,Briarwood/Jamaica Hills,Weekday,22,22,22,12,7,37,51.5
28,Queens,Briarwood/Jamaica Hills,Weekday,23,22,22,22,14,32,53.0
28,Queens,Briarwood/Jamaica Hills,Weekend,0,8,8,6,5,42,56.0
28,Queens,Briarwood/Jamaica Hills,Weekend,1,8,8,6,3,24,33.0
28,Queens,Briarwood/Jamaica Hills,Weekend,2,8,8,2,5,21,27.0
28,Queens,Briarwood/Jamaica Hills,Weekend,3,8,8,3,3,19,24.5
28,Queens,Briarwood/Jamaica Hills,Weekend,4,8,8,3,3,25,34.0
28,Queens,Briarwood/Jamaica Hills,Weekend,5,8,8,5,3,33,40.5
28,Queens,Briarwood/Jamaica Hills,Weekend,6,8,8,5,2,44,60.0
28,Queens,Briarwood/Jamaica Hills,Weekend,7,8,8,6,5,60,66.0
28,Queens,Briarwood/Jamaica Hills,Weekend,8,8,8,7,5,62,79.0
28,Queens,Briarwood/Jamaica Hills,Weekend,9,8,8,6,3,88,104.0
28,Queens,Briarwood/Jamaica Hills,Weekend,10,8,8,6,4,84,96.5
28,Queens,Briarwood/Jamaica Hills,Weekend,11,8,8,4,5,90,94.5
28,Queens,Briarwood/Jamaica Hills,Weekend,12,8,8,5,4,80,96.5
28,Queens,Briarwood/Jamaica Hills,Weekend,13,8,8,5,3,77,100.5
28,Queens,Briarwood/Jamaica Hills,Weekend,14,8,8,3,4,62,97.5
28,Queens,Briarwood/Jamaica Hills,Weekend,15,8,8,3,2,79,95.5
28,Queens,Briarwood/Jamaica Hills,Weekend,16,8,8,5,1,64,86.0
28,Queens,Briarwood/Jamaica Hills,Weekend,17,8,8,3,3,67,79.5
28,Queens,Briarwood/Jamaica Hills,Weekend,18,8,8,6,2,66,87.5
28,Queens,Briarwood/Jamaica Hills,Weekend,19,8,8,7,4,57,87.5
28,Queens,Briarwood/Jamaica Hills,Weekend,20,8,8,6,3,41,74.5
28,Queens,Briarwood/Jamaica Hills,Weekend,21,8,8,7,4,59,70.0
28,Queens,Briarwood/Jamaica Hills,Weekend,22,8,8,6,6,56,75.5
28,Queens,Briarwood/Jamaica Hills,Weekend,23,8,8,8,8,43,62.0
29,Brooklyn,Brighton Beach,Weekday,0,22,22,20,13,14,25.0
29,Brooklyn,Brighton Beach,Weekday,1,22,22,19,14,7,13.0
29,Brooklyn,Brighton Beach,Weekday,2,22,22,19,12,4,9.5
29,Brooklyn,Brighton Beach,Weekday,3,22,22,9,8,4,9.0
29,Brooklyn,Brighton Beach,Weekday,4,22,22,7,4,6,12.5
29,Brooklyn,Brighton Beach,Weekday,5,22,22,3,5,16,20.0
29,Brooklyn,Brighton Beach,Weekday,6,22,22,3,3,24,33.5
29,Brooklyn,Brighton Beach,Weekday,7,22,22,4,1,53,88.0
29,Brooklyn,Brighton Beach,Weekday,8,22,22,0,1,88,101.5
29,Brooklyn,Brighton Beach,Weekday,9,22,22,4,2,75,95.5
29,Brooklyn,Brighton Beach,Weekday,10,22,22,14,10,71,81.0
29,Brooklyn,Brighton Beach,Weekday,11,22,22,16,10,56,80.5
29,Brooklyn,Brighton Beach,Weekday,12,22,22,9,10,55,81.0
29,Brooklyn,Brighton Beach,Weekday,13,22,22,10,4,62,80.0
29,Brooklyn,Brighton Beach,Weekday,14,22,22,10,10,60,86.5
29,Brooklyn,Brighton Beach,Weekday,15,22,22,6,5,69,90.0
29,Brooklyn,Brighton Beach,Weekday,16,22,22,5,4,75,94.5
29,Brooklyn,Brighton Beach,Weekday,17,22,22,7,4,81,103.0
29,Brooklyn,Brighton Beach,Weekday,18,22,22,7,4,56,88.5
29,Brooklyn,Brighton Beach,Weekday,19,22,22,14,6,65,83.0
29,Brooklyn,Brighton Beach,Weekday,20,22,22,15,8,55,72.5
29,Brooklyn,Brighton Beach,Weekday,21,22,22,10,11,43,56.5
29,Brooklyn,Brighton Beach,Weekday,22,22,22,9,5,37,46.0
29,Brooklyn,Brighton Beach,Weekday,23,22,22,17,10,30,42.0
29,Brooklyn,Brighton Beach,Weekend,0,8,8,7,6,27,51.0
29,Brooklyn,Brighton Beach,Weekend,1,8,8,6,5,17,27.5
29,Brooklyn,Brighton Beach,Weekend,2,8,8,3,5,12,21.0
29,Brooklyn,Brighton Beach,Weekend,3,8,8,3,2,4,17.5
29,Brooklyn,Brighton Beach,Weekend,4,8,8,0,1,10,14.5
29,Brooklyn,Brighton Beach,Weekend,5,8,8,0,2,13,20.5
29,Brooklyn,Brighton Beach,Weekend,6,8,8,1,0,16,27.0
29,Brooklyn,Brighton Beach,Weekend,7,8,8,0,2,32,47.0
29,Brooklyn,Brighton Beach,Weekend,8,8,8,0,2,45,61.0
29,Brooklyn,Brighton Beach,Weekend,9,8,8,3,1,51,72.0
29,Brooklyn,Brighton Beach,Weekend,10,8,8,1,1,47,68.0
29,Brooklyn,Brighton Beach,Weekend,11,8,8,3,1,50,65.0
29,Brooklyn,Brighton Beach,Weekend,12,8,8,1,1,54,80.0
29,Brooklyn,Brighton Beach,Weekend,13,8,8,0,0,55,73.0
29,Brooklyn,Brighton Beach,Weekend,14,8,8,0,0,49,79.5
29,Brooklyn,Brighton Beach,Weekend,15,8,8,1,2,67,84.0
29,Brooklyn,Brighton Beach,Weekend,16,8,8,1,1,55,81.0
29,Brooklyn,Brighton Beach,Weekend,17,8,8,0,2,55,78.5
29,Brooklyn,Brighton Beach,Weekend,18,8,8,3,1,53,90.0
29,Brooklyn,Brighton Beach,Weekend,19,8,8,3,0,72,101.0
29,Brooklyn,Brighton Beach,Weekend,20,8,8,5,0,63,88.5
29,Brooklyn,Brighton Beach,Weekend,21,8,8,5,2,49,78.0
29,Brooklyn,Brighton Beach,Weekend,22,8,8,5,3,49,70.5
29,Brooklyn,Brighton Beach,Weekend,23,8,8,4,4,38,67.0
30,Queens,Broad Channel,Weekday,0,12,22,11,10,1,1.5
30,Queens,Broad Channel,Weekday,1,10,22,10,7,1,1.0
30,Queens,Broad Channel,Weekday,2,8,22,7,4,1,1.0
30,Queens,Broad Channel,Weekday,3,7,22,4,4,1,1.0
30,Queens,Broad Channel,Weekday,4,7,22,6,5,1,1.0
30,Queens,Broad Channel,Weekday,5,19,22,18,17,1,2.0
30,Queens,Broad Channel,Weekday,6,17,22,16,10,1,1.0
30,Queens,Broad Channel,Weekday,7,16,22,13,11,1,2.0
30,Queens,Broad Channel,Weekday,8,15,22,12,8,1,1.0
30,Queens,Broad Channel,Weekday,9,13,22,10,7,1,3.0
30,Queens,Broad Channel,Weekday,10,15,22,10,5,1,2.0
30,Queens,Broad Channel,Weekday,11,13,22,12,6,1,2.0
30,Queens,Broad Channel,Weekday,12,16,22,13,3,1,1.0
30,Queens,Broad Channel,Weekday,13,17,22,13,7,1,1.0
30,Queens,Broad Channel,Weekday,14,16,22,14,5,1,2.0
30,Queens,Broad Channel,Weekday,15,18,22,15,8,1,2.0
30,Queens,Broad Channel,Weekday,16,22,22,20,11,1,3.0
30,Queens,Broad Channel,Weekday,17,21,22,19,7,1,2.0
30,Queens,Broad Channel,Weekday,18,18,22,16,6,1,2.0
30,Queens,Broad Channel,Weekday,19,20,22,14,6,1,1.5
30,Queens,Broad Channel,Weekday,20,19,22,17,7,1,2.0
30,Queens,Broad Channel,Weekday,21,19,22,17,9,1,2.0
30,Queens,Broad Channel,Weekday,22,19,22,18,13,1,2.0
30,Queens,Broad Channel,Weekday,23,13,22,11,9,1,3.0
30,Queens,Broad Channel,Weekend,0,7,8,7,4,1,2.0
30,Queens,Broad Channel,Weekend,1,6,8,6,5,2,2.0
30,Queens,Broad Channel,Weekend,2,7,8,5,3,2,2.0
30,Queens,Broad Channel,Weekend,3,6,8,5,5,1,2.0
30,Queens,Broad Channel,Weekend,4,6,8,3,1,1,1.5
30,Queens,Broad Channel,Weekend,5,5,8,5,3,1,2.0
30,Queens,Broad Channel,Weekend,6,7,8,7,2,1,1.0
30,Queens,Broad Channel,Weekend,7,5,8,3,1,1,1.0
30,Queens,Broad Channel,Weekend,8,6,8,5,2,1,1.0
30,Queens,Broad Channel,Weekend,9,6,8,6,2,1,1.5
30,Queens,Broad Channel,Weekend,10,8,8,5,4,1,1.5
30,Queens,Broad Channel,Weekend,11,6,8,6,2,2,2.0
30,Queens,Broad Channel,Weekend,12,7,8,7,3,1,1.0
30,Queens,Broad Channel,Weekend,13,8,8,7,3,1,2.0
30,Queens,Broad Channel,Weekend,14,7,8,7,4,1,3.0
30,Queens,Broad Channel,Weekend,15,7,8,5,3,1,2.0
30,Queens,Broad Channel,Weekend,16,7,8,7,5,1,3.0
30,Queens,Broad Channel,Weekend,17,8,8,7,3,1,2.0
30,Queens,Broad Channel,Weekend,18,8,8,8,2,1,3.0
30,Queens,Broad Channel,Weekend,19,8,8,8,5,2,3.5
30,Queens,Broad Channel,Weekend,20,8,8,8,7,3,5.0
30,Queens,Broad Channel,Weekend,21,8,8,8,5,1,3.5
30,Queens,Broad Channel,Weekend,22,8,8,7,8,1,4.5
30,Queens,Broad Channel,Weekend,23,7,8,7,7,1,2.0
31,Bronx,Bronx Park,Weekday,0,22,22,15,7,1,4.0
31,Bronx,Bronx Park,Weekday,1,21,22,12,6,1,2.0
31,Bronx,Bronx Park,Weekday,2,17,22,8,2,1,2.0
31,Bronx,Bronx Park,Weekday,3,18,22,14,7,1,2.0
31,Bronx,Bronx Park,Weekday,4,19,22,15,11,1,2.0
31,Bronx,Bronx Park,Weekday,5,22,22,10,8,1,3.0
31,Bronx,Bronx Park,Weekday,6,22,22,16,12,3,8.0
31,Bronx,Bronx Park,Weekday,7,22,22,20,18,2,8.0
31,Bronx,Bronx Park,Weekday,8,22,22,17,16,2,9.5
31,Bronx,Bronx Park,Weekday,9,22,22,11,8,4,10.5
31,Bronx,Bronx Park,Weekday,10,22,22,14,7,2,8.0
31,Bronx,Bronx Park,Weekday,11,22,22,16,8,3,9.0
31,Bronx,Bronx Park,Weekday,12,22,22,14,10,3,10.0
31,Bronx,Bronx Park,Weekday,13,22,22,20,17,5,17.5
31,Bronx,Bronx Park,Weekday,14,22,22,17,18,12,23.0
31,Bronx,Bronx Park,Weekday,15,22,22,18,14,8,24.5
31,Bronx,Bronx Park,Weekday,16,22,22,21,19,9,30.5
31,Bronx,Bronx Park,Weekday,17,22,22,20,19,11,30.5
31,Bronx,Bronx Park,Weekday,18,22,22,17,10,9,21.0
31,Bronx,Bronx Park,Weekday,19,22,22,12,5,3,9.5
31,Bronx,Bronx Park,Weekday,20,22,22,15,8,5,8.0
31,Bronx,Bronx Park,Weekday,21,22,22,9,8,4,7.5
31,Bronx,Bronx Park,Weekday,22,22,22,11,9,2,9.0
31,Bronx,Bronx Park,Weekday,23,22,22,12,9,3,9.0
31,Bronx,Bronx Park,Weekend,0,8,8,3,2,8,10.0
31,Bronx,Bronx Park,Weekend,1,8,8,4,2,3,6.0
31,Bronx,Bronx Park,Weekend,2,8,8,4,2,1,3.0
31,Bronx,Bronx Park,Weekend,3,8,8,4,2,1,2.0
31,Bronx,Bronx Park,Weekend,4,7,8,5,2,1,3.0
31,Bronx,Bronx Park,Weekend,5,8,8,7,3,2,4.5
31,Bronx,Bronx Park,Weekend,6,8,8,8,5,4,6.0
31,Bronx,Bronx Park,Weekend,7,8,8,6,3,1,6.0
31,Bronx,Bronx Park,Weekend,8,8,8,5,3,2,5.5
31,Bronx,Bronx Park,Weekend,9,8,8,6,3,5,7.0
31,Bronx,Bronx Park,Weekend,10,8,8,7,4,4,10.0
31,Bronx,Bronx Park,Weekend,11,8,8,5,6,7,13.5
31,Bronx,Bronx Park,Weekend,12,8,8,4,5,16,25.5
31,Bronx,Bronx Park,Weekend,13,8,8,5,5,27,33.0
31,Bronx,Bronx Park,Weekend,14,8,8,8,8,26,52.5
31,Bronx,Bronx Park,Weekend,15,8,8,8,8,30,43.5
31,Bronx,Bronx Park,Weekend,16,8,8,8,6,33,61.0
31,Bronx,Bronx Park,Weekend,17,8,8,6,6,21,81.5
31,Bronx,Bronx Park,Weekend,18,8,8,7,7,14,39.5
31,Bronx,Bronx Park,Weekend,19,8,8,5,5,9,13.5
31,Bronx,Bronx Park,Weekend,20,8,8,7,6,3,21.0
31,Bronx,Bronx Park,Weekend,21,8,8,8,6,4,31.0
31,Bronx,Bronx Park,Weekend,22,8,8,7,5,6,15.0
31,Bronx,Bronx Park,Weekend,23,8,8,4,3,4,9.5
32,Bronx,Bronxdale,Weekday,0,22,22,16,4,26,38.5
32,Bronx,Bronxdale,Weekday,1,22,22,11,13,9,19.5
32,Bronx,Bronxdale,Weekday,2,22,22,18,15,8,15.0
32,Bronx,Bronxdale,Weekday,3,22,22,14,13,8,18.5
32,Bronx,Bronxdale,Weekday,4,22,22,20,16,16,23.5
32,Bronx,Bronxdale,Weekday,5,22,22,22,21,34,45.0
32,Bronx,Bronxdale,Weekday,6,22,22,22,20,61,89.5
32,Bronx,Bronxdale,Weekday,7,22,22,22,18,93,117.5
32,Bronx,Bronxdale,Weekday,8,22,22,16,14,110,141.0
32,Bronx,Bronxdale,Weekday,9,22,22,9,6,86,112.5
32,Bronx,Bronxdale,Weekday,10,22,22,14,11,68,87.0
32,Bronx,Bronxdale,Weekday,11,22,22,13,2,66,78.0
32,Bronx,Bronxdale,Weekday,12,22,22,17,8,58,77.0
32,Bronx,Bronxdale,Weekday,13,22,22,11,11,57,73.5
32,Bronx,Bronxdale,Weekday,14,22,22,11,5,78,89.0
32,Bronx,Bronxdale,Weekday,15,22,22,7,3,76,101.0
32,Bronx,Bronxdale,Weekday,16,22,22,4,1,62,82.5
32,Bronx,Bronxdale,Weekday,17,22,22,9,5,72,95.5
32,Bronx,Bronxdale,Weekday,18,22,22,9,2,68,84.5
32,Bronx,Bronxdale,Weekday,19,22,22,12,6,63,80.0
32,Bronx,Bronxdale,Weekday,20,22,22,19,6,59,73.5
32,Bronx,Bronxdale,Weekday,21,22,22,8,2,52,69.0
32,Bronx,Bronxdale,Weekday,22,22,22,12,8,47,66.5
32,Bronx,Bronxdale,Weekday,23,22,22,11,6,37,66.5
32,Bronx,Bronxdale,Weekend,0,8,8,2,3,47,69.0
32,Bronx,Bronxdale,Weekend,1,8,8,2,4,36,45.5
32,Bronx,Bronxdale,Weekend,2,8,8,3,3,29,34.0
32,Bronx,Bronxdale,Weekend,3,8,8,7,3,26,34.5
32,Bronx,Bronxdale,Weekend,4,8,8,4,2,23,30.0
32,Bronx,Bronxdale,Weekend,5,8,8,7,8,24,33.5
32,Bronx,Bronxdale,Weekend,6,8,8,8,8,48,59.0
32,Bronx,Bronxdale,Weekend,7,8,8,8,4,51,73.0
32,Bronx,Bronxdale,Weekend,8,8,8,6,3,49,82.5
32,Bronx,Bronxdale,Weekend,9,8,8,4,5,71,91.5
32,Bronx,Bronxdale,Weekend,10,8,8,4,3,76,94.5
32,Bronx,Bronxdale,Weekend,11,8,8,2,1,77,85.5
32,Bronx,Bronxdale,Weekend,12,8,8,2,1,80,95.5
32,Bronx,Bronxdale,Weekend,13,8,8,3,5,78,100.5
32,Bronx,Bronxdale,Weekend,14,8,8,5,4,90,107.0
32,Bronx,Bronxdale,Weekend,15,8,8,4,4,96,105.5
32,Bronx,Bronxdale,Weekend,16,8,8,3,3,71,91.5
32,Bronx,Bronxdale,Weekend,17,8,8,3,1,69,95.5
32,Bronx,Bronxdale,Weekend,18,8,8,5,3,66,92.5
32,Bronx,Bronxdale,Weekend,19,8,8,7,5,73,103.0
32,Bronx,Bronxdale,Weekend,20,8,8,8,4,81,103.0
32,Bronx,Bronxdale,Weekend,21,8,8,7,3,61,87.5
32,Bronx,Bronxdale,Weekend,22,8,8,5,3,68,93.0
32,Bronx,Bronxdale,Weekend,23,8,8,7,5,69,90.0
33,Brooklyn,Brooklyn Heights,Weekday,0,22,22,7,6,23,33.0
33,Brooklyn,Brooklyn Heights,Weekday,1,22,22,10,6,8,19.0
33,Brooklyn,Brooklyn Heights,Weekday,2,22,22,12,9,4,10.0
33,Brooklyn,Brooklyn Heights,Weekday,3,22,22,10,10,5,9.5
33,Brooklyn,Brooklyn Heights,Weekday,4,22,22,1,3,18,26.0
33,Brooklyn,Brooklyn Heights,Weekday,5,22,22,2,0,29,51.0
33,Brooklyn,Brooklyn Heights,Weekday,6,22,22,2,0,70,89.5
33,Brooklyn,Brooklyn Heights,Weekday,7,22,22,2,1,78,126.5
33,Brooklyn,Brooklyn Heights,Weekday,8,22,22,14,7,141,174.5
33,Brooklyn,Brooklyn Heights,Weekday,9,22,22,6,2,149,178.0
33,Brooklyn,Brooklyn Heights,Weekday,10,22,22,0,3,115,149.5
33,Brooklyn,Brooklyn Heights,Weekday,11,22,22,2,4,113,157.0
33,Brooklyn,Brooklyn Heights,Weekday,12,22,22,3,4,112,155.5
33,Brooklyn,Brooklyn Heights,Weekday,13,22,22,4,4,114,144.5
33,Brooklyn,Brooklyn Heights,Weekday,14,22,22,2,6,122,151.5
33,Brooklyn,Brooklyn Heights,Weekday,15,22,22,11,12,135,172.5
33,Brooklyn,Brooklyn Heights,Weekday,16,22,22,13,7,136,182.5
33,Brooklyn,Brooklyn Heights,Weekday,17,22,22,12,8,165,210.5
33,Brooklyn,Brooklyn Heights,Weekday,18,22,22,7,4,165,217.5
33,Brooklyn,Brooklyn Heights,Weekday,19,22,22,2,0,137,199.5
33,Brooklyn,Brooklyn Heights,Weekday,20,22,22,0,1,139,193.0
33,Brooklyn,Brooklyn Heights,Weekday,21,22,22,5,1,102,192.5
33,Brooklyn,Brooklyn Heights,Weekday,22,22,22,6,5,71,161.5
33,Brooklyn,Brooklyn Heights,Weekday,23,22,22,6,4,54,100.0
33,Brooklyn,Brooklyn Heights,Weekend,0,8,8,3,3,110,150.5
33,Brooklyn,Brooklyn Heights,Weekend,1,8,8,0,1,58,78.5
33,Brooklyn,Brooklyn Heights,Weekend,2,8,8,2,2,27,37.5
33,Brooklyn,Brooklyn Heights,Weekend,3,8,8,1,2,16,21.0
33,Brooklyn,Brooklyn Heights,Weekend,4,8,8,1,1,15,21.0
33,Brooklyn,Brooklyn Heights,Weekend,5,8,8,0,0,23,31.0
33,Brooklyn,Brooklyn Heights,Weekend,6,8,8,0,1,35,47.5
33,Brooklyn,Brooklyn Heights,Weekend,7,8,8,1,0,49,69.0
33,Brooklyn,Brooklyn Heights,Weekend,8,8,8,0,0,72,92.0
33,Brooklyn,Brooklyn Heights,Weekend,9,8,8,0,1,84,140.0
33,Brooklyn,Brooklyn Heights,Weekend,10,8,8,2,1,115,192.5
33,Brooklyn,Brooklyn Heights,Weekend,11,8,8,1,1,97,211.0
33,Brooklyn,Brooklyn Heights,Weekend,12,8,8,2,2,95,240.0
33,Brooklyn,Brooklyn Heights,Weekend,13,8,8,2,2,83,241.0
33,Brooklyn,Brooklyn Heights,Weekend,14,8,8,3,1,141,233.0
33,Brooklyn,Brooklyn Heights,Weekend,15,8,8,1,0,175,238.5
33,Brooklyn,Brooklyn Heights,Weekend,16,8,8,2,1,170,225.0
33,Brooklyn,Brooklyn Heights,Weekend,17,8,8,3,3,145,234.0
33,Brooklyn,Brooklyn Heights,Weekend,18,8,8,2,1,146,231.5
33,Brooklyn,Brooklyn Heights,Weekend,19,8,8,3,3,149,217.5
33,Brooklyn,Brooklyn Heights,Weekend,20,8,8,3,1,140,214.0
33,Brooklyn,Brooklyn Heights,Weekend,21,8,8,3,3,99,189.5
33,Brooklyn,Brooklyn Heights,Weekend,22,8,8,4,5,84,166.5
33,Brooklyn,Brooklyn Heights,Weekend,23,8,8,3,3,41,144.5
34,Brooklyn,Brooklyn Navy Yard,Weekday,0,22,22,15,9,2,5.0
34,Brooklyn,Brooklyn Navy Yard,Weekday,1,22,22,17,10,1,4.0
34,Brooklyn,Brooklyn Navy Yard,Weekday,2,19,22,15,8,1,2.0
34,Brooklyn,Brooklyn Navy Yard,Weekday,3,17,22,12,8,1,2.0
34,Brooklyn,Brooklyn Navy Yard,Weekday,4,17,22,7,4,1,2.0
34,Brooklyn,Brooklyn Navy Yard,Weekday,5,18,22,15,9,1,1.5
34,Brooklyn,Brooklyn Navy Yard,Weekday,6,21,22,17,6,1,3.0
34,Brooklyn,Brooklyn Navy Yard,Weekday,7,22,22,19,11,1,5.0
34,Brooklyn,Brooklyn Navy Yard,Weekday,8,22,22,13,14,4,8.0
34,Brooklyn,Brooklyn Navy Yard,Weekday,9,22,22,9,7,6,14.0
34,Brooklyn,Brooklyn Navy Yard,Weekday,10,22,22,6,4,7,13.0
34,Brooklyn,Brooklyn Navy Yard,Weekday,11,22,22,10,11,9,19.0
34,Brooklyn,Brooklyn Navy Yard,Weekday,12,22,22,11,6,15,21.5
34,Brooklyn,Brooklyn Navy Yard,Weekday,13,22,22,14,13,12,23.5
34,Brooklyn,Brooklyn Navy Yard,Weekday,14,22,22,18,13,16,28.0
34,Brooklyn,Brooklyn Navy Yard,Weekday,15,22,22,17,13,21,33.5
34,Brooklyn,Brooklyn Navy Yard,Weekday,16,22,22,17,14,21,38.0
34,Brooklyn,Brooklyn Navy Yard,Weekday,17,22,22,17,12,33,43.5
34,Brooklyn,Brooklyn Navy Yard,Weekday,18,22,22,11,10,29,46.5
34,Brooklyn,Brooklyn Navy Yard,Weekday,19,22,22,21,13,23,35.5
34,Brooklyn,Brooklyn Navy Yard,Weekday,20,22,22,11,5,17,31.0
34,Brooklyn,Brooklyn Navy Yard,Weekday,21,22,22,8,4,11,25.0
34,Brooklyn,Brooklyn Navy Yard,Weekday,22,22,22,7,7,10,21.5
34,Brooklyn,Brooklyn Navy Yard,Weekday,23,22,22,10,9,4,11.5
34,Brooklyn,Brooklyn Navy Yard,Weekend,0,8,8,2,3,14,21.0
34,Brooklyn,Brooklyn Navy Yard,Weekend,1,8,8,3,4,3,27.0
34,Brooklyn,Brooklyn Navy Yard,Weekend,2,7,8,5,5,2,141.0
34,Brooklyn,Brooklyn Navy Yard,Weekend,3,8,8,6,5,1,156.5
34,Brooklyn,Brooklyn Navy Yard,Weekend,4,7,8,6,5,3,87.0
34,Brooklyn,Brooklyn Navy Yard,Weekend,5,8,8,7,5,1,2.5
34,Brooklyn,Brooklyn Navy Yard,Weekend,6,8,8,6,3,3,5.5
34,Brooklyn,Brooklyn Navy Yard,Weekend,7,8,8,2,0,1,2.0
34,Brooklyn,Brooklyn Navy Yard,Weekend,8,8,8,4,3,3,5.5
34,Brooklyn,Brooklyn Navy Yard,Weekend,9,8,8,3,3,3,8.0
34,Brooklyn,Brooklyn Navy Yard,Weekend,10,7,8,2,4,8,11.0
34,Brooklyn,Brooklyn Navy Yard,Weekend,11,8,8,3,4,1,18.5
34,Brooklyn,Brooklyn Navy Yard,Weekend,12,8,8,6,5,4,25.0
34,Brooklyn,Brooklyn Navy Yard,Weekend,13,8,8,4,4,14,26.5
34,Brooklyn,Brooklyn Navy Yard,Weekend,14,8,8,5,5,13,34.5
34,Brooklyn,Brooklyn Navy Yard,Weekend,15,8,8,7,7,15,41.5
34,Brooklyn,Brooklyn Navy Yard,Weekend,16,8,8,7,5,18,29.5
34,Brooklyn,Brooklyn Navy Yard,Weekend,17,8,8,6,5,12,33.0
34,Brooklyn,Brooklyn Navy Yard,Weekend,18,8,8,6,6,17,28.0
34,Brooklyn,Brooklyn Navy Yard,Weekend,19,8,8,6,3,15,23.0
34,Brooklyn,Brooklyn Navy Yard,Weekend,20,8,8,4,4,10,22.0
34,Brooklyn,Brooklyn Navy Yard,Weekend,21,8,8,5,5,11,13.5
34,Brooklyn,Brooklyn Navy Yard,Weekend,22,8,8,1,4,8,14.5
34,Brooklyn,Brooklyn Navy Yard,Weekend,23,8,8,5,5,4,14.0
35,Brooklyn,Brownsville,Weekday,0,22,22,17,11,101,120.0
35,Brooklyn,Brownsville,Weekday,1,22,22,21,16,56,69.5
35,Brooklyn,Brownsville,Weekday,2,22,22,22,19,26,52.0
35,Brooklyn,Brownsville,Weekday,3,22,22,20,19,33,50.5
35,Brooklyn,Brownsville,Weekday,4,22,22,22,21,41,59.0
35,Brooklyn,Brownsville,Weekday,5,22,22,22,22,75,97.0
35,Brooklyn,Brownsville,Weekday,6,22,22,22,22,118,163.0
35,Brooklyn,Brownsville,Weekday,7,22,22,22,21,193,246.5
35,Brooklyn,Brownsville,Weekday,8,22,22,22,22,216,279.5
35,Brooklyn,Brownsville,Weekday,9,22,22,22,21,195,223.0
35,Brooklyn,Brownsville,Weekday,10,22,22,22,22,137,164.0
35,Brooklyn,Brownsville,Weekday,11,22,22,21,21,113,165.0
35,Brooklyn,Brownsville,Weekday,12,22,22,22,18,136,171.0
35,Brooklyn,Brownsville,Weekday,13,22,22,22,22,157,199.5
35,Brooklyn,Brownsville,Weekday,14,22,22,22,20,177,233.5
35,Brooklyn,Brownsville,Weekday,15,22,22,21,19,181,239.5
35,Brooklyn,Brownsville,Weekday,16,22,22,20,16,203,256.5
35,Brooklyn,Brownsville,Weekday,17,22,22,21,15,207,271.0
35,Brooklyn,Brownsville,Weekday,18,22,22,16,14,170,221.0
35,Brooklyn,Brownsville,Weekday,19,22,22,21,17,150,204.0
35,Brooklyn,Brownsville,Weekday,20,22,22,22,18,157,206.0
35,Brooklyn,Brownsville,Weekday,21,22,22,16,12,141,184.0
35,Brooklyn,Brownsville,Weekday,22,22,22,17,18,146,192.0
35,Brooklyn,Brownsville,Weekday,23,22,22,19,12,134,159.0
35,Brooklyn,Brownsville,Weekend,0,8,8,3,3,168,186.5
35,Brooklyn,Brownsville,Weekend,1,8,8,5,5,109,142.0
35,Brooklyn,Brownsville,Weekend,2,8,8,2,4,91,117.0
35,Brooklyn,Brownsville,Weekend,3,8,8,7,7,66,97.0
35,Brooklyn,Brownsville,Weekend,4,8,8,8,5,60,84.5
35,Brooklyn,Brownsville,Weekend,5,8,8,8,8,59,87.0
35,Brooklyn,Brownsville,Weekend,6,8,8,8,8,82,109.5
35,Brooklyn,Brownsville,Weekend,7,8,8,8,7,119,157.5
35,Brooklyn,Brownsville,Weekend,8,8,8,8,8,124,160.0
35,Brooklyn,Brownsville,Weekend,9,8,8,8,8,169,194.0
35,Brooklyn,Brownsville,Weekend,10,8,8,8,8,167,203.5
35,Brooklyn,Brownsville,Weekend,11,8,8,8,8,179,214.5
35,Brooklyn,Brownsville,Weekend,12,8,8,8,8,172,222.5
35,Brooklyn,Brownsville,Weekend,13,8,8,8,8,199,241.5
35,Brooklyn,Brownsville,Weekend,14,8,8,8,8,188,274.5
35,Brooklyn,Brownsville,Weekend,15,8,8,8,6,188,278.5
35,Brooklyn,Brownsville,Weekend,16,8,8,6,6,178,243.0
35,Brooklyn,Brownsville,Weekend,17,8,8,6,5,193,234.5
35,Brooklyn,Brownsville,Weekend,18,8,8,7,8,183,225.0
35,Brooklyn,Brownsville,Weekend,19,8,8,8,8,183,247.5
35,Brooklyn,Brownsville,Weekend,20,8,8,8,7,205,248.5
35,Brooklyn,Brownsville,Weekend,21,8,8,8,8,187,237.0
35,Brooklyn,Brownsville,Weekend,22,8,8,8,8,173,228.0
35,Brooklyn,Brownsville,Weekend,23,8,8,8,8,123,208.5
36,Brooklyn,Bushwick North,Weekday,0,22,22,1,0,136,220.0
36,Brooklyn,Bushwick North,Weekday,1,22,22,2,3,85,153.0
36,Brooklyn,Bushwick North,Weekday,2,22,22,4,5,59,103.5
36,Brooklyn,Bushwick North,Weekday,3,22,22,4,5,53,93.0
36,Brooklyn,Bushwick North,Weekday,4,22,22,11,14,64,85.0
36,Brooklyn,Bushwick North,Weekday,5,22,22,18,18,63,81.0
36,Brooklyn,Bushwick North,Weekday,6,22,22,19,19,87,108.0
36,Brooklyn,Bushwick North,Weekday,7,22,22,18,20,106,134.5
36,Brooklyn,Bushwick North,Weekday,8,22,22,15,17,136,159.0
36,Brooklyn,Bushwick North,Weekday,9,22,22,20,18,117,145.0
36,Brooklyn,Bushwick North,Weekday,10,22,22,18,10,105,131.5
36,Brooklyn,Bushwick North,Weekday,11,22,22,16,16,101,133.0
36,Brooklyn,Bushwick North,Weekday,12,22,22,13,14,108,138.5
36,Brooklyn,Bushwick North,Weekday,13,22,22,11,13,102,146.0
36,Brooklyn,Bushwick North,Weekday,14,22,22,14,12,125,164.0
36,Brooklyn,Bushwick North,Weekday,15,22,22,8,11,113,165.5
36,Brooklyn,Bushwick North,Weekday,16,22,22,3,7,136,182.5
36,Brooklyn,Bushwick North,Weekday,17,22,22,4,5,161,200.5
36,Brooklyn,Bushwick North,Weekday,18,22,22,4,6,182,227.5
36,Brooklyn,Bushwick North,Weekday,19,22,22,4,3,179,239.0
36,Brooklyn,Bushwick North,Weekday,20,22,22,2,1,174,243.5
36,Brooklyn,Bushwick North,Weekday,21,22,22,0,0,211,282.0
36,Brooklyn,Bushwick North,Weekday,22,22,22,0,0,207,323.0
36,Brooklyn,Bushwick North,Weekday,23,22,22,1,1,189,314.5
36,Brooklyn,Bushwick North,Weekend,0,8,8,1,1,580,835.0
36,Brooklyn,Bushwick North,Weekend,1,8,8,8,7,677,827.0
36,Brooklyn,Bushwick North,Weekend,2,8,8,8,8,599,669.0
36,Brooklyn,Bushwick North,Weekend,3,8,8,8,8,412,506.5
36,Brooklyn,Bushwick North,Weekend,4,8,8,8,8,293,322.5
36,Brooklyn,Bushwick North,Weekend,5,8,8,7,8,130,157.0
36,Brooklyn,Bushwick North,Weekend,6,8,8,7,8,106,137.5
36,Brooklyn,Bushwick North,Weekend,7,8,8,8,7,94,132.5
36,Brooklyn,Bushwick North,Weekend,8,8,8,6,6,124,140.5
36,Brooklyn,Bushwick North,Weekend,9,8,8,8,7,133,162.5
36,Brooklyn,Bushwick North,Weekend,10,8,8,8,8,170,181.5
36,Brooklyn,Bushwick North,Weekend,11,8,8,7,7,160,206.5
36,Brooklyn,Bushwick North,Weekend,12,8,8,7,6,202,216.0
36,Brooklyn,Bushwick North,Weekend,13,8,8,7,6,200,222.0
36,Brooklyn,Bushwick North,Weekend,14,8,8,4,6,218,250.5
36,Brooklyn,Bushwick North,Weekend,15,8,8,4,3,235,278.0
36,Brooklyn,Bushwick North,Weekend,16,8,8,1,0,202,267.0
36,Brooklyn,Bushwick North,Weekend,17,8,8,0,1,246,281.5
36,Brooklyn,Bushwick North,Weekend,18,8,8,1,0,225,330.0
36,Brooklyn,Bushwick North,Weekend,19,8,8,2,1,246,367.0
36,Brooklyn,Bushwick North,Weekend,20,8,8,1,0,263,428.5
36,Brooklyn,Bushwick North,Weekend,21,8,8,2,1,278,449.5
36,Brooklyn,Bushwick North,Weekend,22,8,8,4,4,300,528.0
36,Brooklyn,Bushwick North,Weekend,23,8,8,1,1,297,596.5
37,Brooklyn,Bushwick South,Weekday,0,22,22,0,0,152,247.0
37,Brooklyn,Bushwick South,Weekday,1,22,22,0,5,103,164.0
37,Brooklyn,Bushwick South,Weekday,2,22,22,1,4,85,106.5
37,Brooklyn,Bushwick South,Weekday,3,22,22,2,5,72,101.5
37,Brooklyn,Bushwick South,Weekday,4,22,22,16,18,79,105.0
37,Brooklyn,Bushwick South,Weekday,5,22,22,21,20,116,132.0
37,Brooklyn,Bushwick South,Weekday,6,22,22,22,21,149,182.5
37,Brooklyn,Bushwick South,Weekday,7,22,22,21,20,207,248.0
37,Brooklyn,Bushwick South,Weekday,8,22,22,22,22,248,287.0
37,Brooklyn,Bushwick South,Weekday,9,22,22,22,22,212,268.0
37,Brooklyn,Bushwick South,Weekday,10,22,22,21,19,194,235.5
37,Brooklyn,Bushwick South,Weekday,11,22,22,17,16,194,221.5
37,Brooklyn,Bushwick South,Weekday,12,22,22,16,16,174,217.5
37,Brooklyn,Bushwick South,Weekday,13,22,22,18,18,177,230.5
37,Brooklyn,Bushwick South,Weekday,14,22,22,21,21,206,248.0
37,Brooklyn,Bushwick South,Weekday,15,22,22,17,13,183,256.0
37,Brooklyn,Bushwick South,Weekday,16,22,22,10,6,210,262.5
37,Brooklyn,Bushwick South,Weekday,17,22,22,5,5,247,312.0
37,Brooklyn,Bushwick South,Weekday,18,22,22,5,9,228,320.0
37,Brooklyn,Bushwick South,Weekday,19,22,22,6,2,230,320.5
37,Brooklyn,Bushwick South,Weekday,20,22,22,2,0,219,322.0
37,Brooklyn,Bushwick South,Weekday,21,22,22,0,0,225,331.5
37,Brooklyn,Bushwick South,Weekday,22,22,22,0,0,244,372.5
37,Brooklyn,Bushwick South,Weekday,23,22,22,0,0,205,339.5
37,Brooklyn,Bushwick South,Weekend,0,8,8,0,0,658,829.5
37,Brooklyn,Bushwick South,Weekend,1,8,8,1,2,723,852.5
37,Brooklyn,Bushwick South,Weekend,2,8,8,7,8,684,767.0
37,Brooklyn,Bushwick South,Weekend,3,8,8,8,8,486,615.0
37,Brooklyn,Bushwick South,Weekend,4,8,8,8,8,377,420.5
37,Brooklyn,Bushwick South,Weekend,5,8,8,5,6,236,315.0
37,Brooklyn,Bushwick South,Weekend,6,8,8,7,7,223,269.5
37,Brooklyn,Bushwick South,Weekend,7,8,8,8,8,225,264.5
37,Brooklyn,Bushwick South,Weekend,8,8,8,8,8,221,284.5
37,Brooklyn,Bushwick South,Weekend,9,8,8,8,8,283,334.0
37,Brooklyn,Bushwick South,Weekend,10,8,8,8,8,309,346.5
37,Brooklyn,Bushwick South,Weekend,11,8,8,8,8,320,381.0
37,Brooklyn,Bushwick South,Weekend,12,8,8,7,7,327,377.5
37,Brooklyn,Bushwick South,Weekend,13,8,8,8,8,325,370.0
37,Brooklyn,Bushwick South,Weekend,14,8,8,6,7,330,376.0
37,Brooklyn,Bushwick South,Weekend,15,8,8,4,4,294,385.0
37,Brooklyn,Bushwick South,Weekend,16,8,8,0,0,320,369.0
37,Brooklyn,Bushwick South,Weekend,17,8,8,1,0,323,390.5
37,Brooklyn,Bushwick South,Weekend,18,8,8,0,0,349,430.0
37,Brooklyn,Bushwick South,Weekend,19,8,8,1,1,342,463.0
37,Brooklyn,Bushwick South,Weekend,20,8,8,1,0,342,511.5
37,Brooklyn,Bushwick South,Weekend,21,8,8,1,0,362,568.0
37,Brooklyn,Bushwick South,Weekend,22,8,8,2,1,356,641.5
37,Brooklyn,Bushwick South,Weekend,23,8,8,0,0,360,606.0
38,Queens,Cambria Heights,Weekday,0,22,22,20,16,6,14.0
38,Queens,Cambria Heights,Weekday,1,22,22,19,15,6,10.0
38,Queens,Cambria Heights,Weekday,2,22,22,21,19,2,8.0
38,Queens,Cambria Heights,Weekday,3,22,22,22,17,5,12.0
38,Queens,Cambria Heights,Weekday,4,22,22,21,16,8,15.0
38,Queens,Cambria Heights,Weekday,5,22,22,22,19,17,24.0
38,Queens,Cambria Heights,Weekday,6,22,22,22,18,34,45.0
38,Queens,Cambria Heights,Weekday,7,22,22,22,19,42,67.0
38,Queens,Cambria Heights,Weekday,8,22,22,16,14,48,67.5
38,Queens,Cambria Heights,Weekday,9,22,22,19,10,39,47.5
38,Queens,Cambria Heights,Weekday,10,22,22,21,15,34,47.5
38,Queens,Cambria Heights,Weekday,11,22,22,18,13,28,40.5
38,Queens,Cambria Heights,Weekday,12,22,22,20,16,32,41.5
38,Queens,Cambria Heights,Weekday,13,22,22,18,13,28,44.0
38,Queens,Cambria Heights,Weekday,14,22,22,19,11,30,50.5
38,Queens,Cambria Heights,Weekday,15,22,22,16,7,31,47.5
38,Queens,Cambria Heights,Weekday,16,22,22,14,10,31,48.0
38,Queens,Cambria Heights,Weekday,17,22,22,11,4,27,46.5
38,Queens,Cambria Heights,Weekday,18,22,22,15,6,25,37.5
38,Queens,Cambria Heights,Weekday,19,22,22,15,11,18,34.0
38,Queens,Cambria Heights,Weekday,20,22,22,20,9,20,29.0
38,Queens,Cambria Heights,Weekday,21,22,22,15,10,17,30.0
38,Queens,Cambria Heights,Weekday,22,22,22,16,15,20,28.5
38,Queens,Cambria Heights,Weekday,23,22,22,20,12,12,21.5
38,Queens,Cambria Heights,Weekend,0,8,8,5,4,13,22.0
38,Queens,Cambria Heights,Weekend,1,8,8,7,4,10,15.0
38,Queens,Cambria Heights,Weekend,2,8,8,5,4,7,15.0
38,Queens,Cambria Heights,Weekend,3,8,8,8,5,11,16.0
38,Queens,Cambria Heights,Weekend,4,8,8,8,6,13,18.0
38,Queens,Cambria Heights,Weekend,5,8,8,7,7,15,18.0
38,Queens,Cambria Heights,Weekend,6,8,8,6,5,23,32.0
38,Queens,Cambria Heights,Weekend,7,8,8,7,6,26,34.0
38,Queens,Cambria Heights,Weekend,8,8,8,6,3,31,34.5
38,Queens,Cambria Heights,Weekend,9,8,8,7,3,33,43.0
38,Queens,Cambria Heights,Weekend,10,8,8,8,6,45,57.0
38,Queens,Cambria Heights,Weekend,11,8,8,5,3,37,48.0
38,Queens,Cambria Heights,Weekend,12,8,8,5,3,37,43.5
38,Queens,Cambria Heights,Weekend,13,8,8,4,2,34,41.0
38,Queens,Cambria Heights,Weekend,14,8,8,6,0,34,52.0
38,Queens,Cambria Heights,Weekend,15,8,8,6,2,32,42.0
38,Queens,Cambria Heights,Weekend,16,8,8,6,1,28,39.5
38,Queens,Cambria Heights,Weekend,17,8,8,6,2,25,37.0
38,Queens,Cambria Heights,Weekend,18,8,8,4,3,27,35.0
38,Queens,Cambria Heights,Weekend,19,8,8,7,7,29,40.5
38,Queens,Cambria Heights,Weekend,20,8,8,7,4,28,38.5
38,Queens,Cambria Heights,Weekend,21,8,8,7,6,33,38.0
38,Queens,Cambria Heights,Weekend,22,8,8,8,7,27,39.0
38,Queens,Cambria Heights,Weekend,23,8,8,8,6,13,21.5
39,Brooklyn,Canarsie,Weekday,0,22,22,18,14,89,115.0
39,Brooklyn,Canarsie,Weekday,1,22,22,17,11,49,72.5
39,Brooklyn,Canarsie,Weekday,2,22,22,21,14,39,52.5
39,Brooklyn,Canarsie,Weekday,3,22,22,18,15,46,59.5
39,Brooklyn,Canarsie,Weekday,4,22,22,20,20,83,88.0
39,Brooklyn,Canarsie,Weekday,5,22,22,22,17,145,158.0
39,Brooklyn,Canarsie,Weekday,6,22,22,22,21,199,269.5
39,Brooklyn,Canarsie,Weekday,7,22,22,22,21,257,377.5
39,Brooklyn,Canarsie,Weekday,8,22,22,22,21,335,378.5
39,Brooklyn,Canarsie,Weekday,9,22,22,22,22,248,289.0
39,Brooklyn,Canarsie,Weekday,10,22,22,22,18,204,228.5
39,Brooklyn,Canarsie,Weekday,11,22,22,22,21,162,200.0
39,Brooklyn,Canarsie,Weekday,12,22,22,20,14,159,200.0
39,Brooklyn,Canarsie,Weekday,13,22,22,22,20,200,233.0
39,Brooklyn,Canarsie,Weekday,14,22,22,21,15,225,298.5
39,Brooklyn,Canarsie,Weekday,15,22,22,10,6,228,273.5
39,Brooklyn,Canarsie,Weekday,16,22,22,14,6,223,276.0
39,Brooklyn,Canarsie,Weekday,17,22,22,10,3,227,289.0
39,Brooklyn,Canarsie,Weekday,18,22,22,15,7,209,255.0
39,Brooklyn,Canarsie,Weekday,19,22,22,22,10,192,229.0
39,Brooklyn,Canarsie,Weekday,20,22,22,19,11,166,213.5
39,Brooklyn,Canarsie,Weekday,21,22,22,10,7,149,196.0
39,Brooklyn,Canarsie,Weekday,22,22,22,16,13,156,209.5
39,Brooklyn,Canarsie,Weekday,23,22,22,17,9,123,161.0
39,Brooklyn,Canarsie,Weekend,0,8,8,4,2,177,195.5
39,Brooklyn,Canarsie,Weekend,1,8,8,3,2,113,127.5
39,Brooklyn,Canarsie,Weekend,2,8,8,2,1,86,99.0
39,Brooklyn,Canarsie,Weekend,3,8,8,5,4,72,88.5
39,Brooklyn,Canarsie,Weekend,4,8,8,8,6,88,101.0
39,Brooklyn,Canarsie,Weekend,5,8,8,8,8,87,116.0
39,Brooklyn,Canarsie,Weekend,6,8,8,7,7,130,144.5
39,Brooklyn,Canarsie,Weekend,7,8,8,8,6,175,194.0
39,Brooklyn,Canarsie,Weekend,8,8,8,8,7,193,251.0
39,Brooklyn,Canarsie,Weekend,9,8,8,8,8,275,297.0
39,Brooklyn,Canarsie,Weekend,10,8,8,8,7,261,290.5
39,Brooklyn,Canarsie,Weekend,11,8,8,8,8,276,286.5
39,Brooklyn,Canarsie,Weekend,12,8,8,6,6,239,278.5
39,Brooklyn,Canarsie,Weekend,13,8,8,8,7,225,276.0
39,Brooklyn,Canarsie,Weekend,14,8,8,8,8,243,306.5
39,Brooklyn,Canarsie,Weekend,15,8,8,8,7,234,308.0
39,Brooklyn,Canarsie,Weekend,16,8,8,5,3,210,282.5
39,Brooklyn,Canarsie,Weekend,17,8,8,4,2,204,267.0
39,Brooklyn,Canarsie,Weekend,18,8,8,6,5,221,262.5
39,Brooklyn,Canarsie,Weekend,19,8,8,8,8,199,274.5
39,Brooklyn,Canarsie,Weekend,20,8,8,8,8,213,278.0
39,Brooklyn,Canarsie,Weekend,21,8,8,7,6,205,246.5
39,Brooklyn,Canarsie,Weekend,22,8,8,8,8,191,258.5
39,Brooklyn,Canarsie,Weekend,23,8,8,7,7,157,221.0
40,Brooklyn,Carroll Gardens,Weekday,0,22,22,6,2,15,21.5
40,Brooklyn,Carroll Gardens,Weekday,1,22,22,14,7,6,13.5
40,Brooklyn,Carroll Gardens,Weekday,2,22,22,13,6,3,9.0
40,Brooklyn,Carroll Gardens,Weekday,3,22,22,13,9,2,6.0
40,Brooklyn,Carroll Gardens,Weekday,4,22,22,5,1,9,15.0
40,Brooklyn,Carroll Gardens,Weekday,5,22,22,2,0,23,30.0
40,Brooklyn,Carroll Gardens,Weekday,6,22,22,0,0,36,50.0
40,Brooklyn,Carroll Gardens,Weekday,7,22,22,1,1,41,77.5
40,Brooklyn,Carroll Gardens,Weekday,8,22,22,13,5,60,102.5
40,Brooklyn,Carroll Gardens,Weekday,9,22,22,9,5,63,82.0
40,Brooklyn,Carroll Gardens,Weekday,10,22,22,10,3,47,64.0
40,Brooklyn,Carroll Gardens,Weekday,11,22,22,5,6,48,61.5
40,Brooklyn,Carroll Gardens,Weekday,12,22,22,3,7,46,60.0
40,Brooklyn,Carroll Gardens,Weekday,13,22,22,3,2,41,57.0
40,Brooklyn,Carroll Gardens,Weekday,14,22,22,2,1,38,66.0
40,Brooklyn,Carroll Gardens,Weekday,15,22,22,3,2,45,71.5
40,Brooklyn,Carroll Gardens,Weekday,16,22,22,0,1,53,75.5
40,Brooklyn,Carroll Gardens,Weekday,17,22,22,0,0,70,96.0
40,Brooklyn,Carroll Gardens,Weekday,18,22,22,0,1,64,106.5
40,Brooklyn,Carroll Gardens,Weekday,19,22,22,1,1,50,94.0
40,Brooklyn,Carroll Gardens,Weekday,20,22,22,1,0,36,89.5
40,Brooklyn,Carroll Gardens,Weekday,21,22,22,1,1,52,98.0
40,Brooklyn,Carroll Gardens,Weekday,22,22,22,6,1,31,86.5
40,Brooklyn,Carroll Gardens,Weekday,23,22,22,6,2,25,53.0
40,Brooklyn,Carroll Gardens,Weekend,0,8,8,2,2,94,112.0
40,Brooklyn,Carroll Gardens,Weekend,1,8,8,1,3,48,64.0
40,Brooklyn,Carroll Gardens,Weekend,2,8,8,2,2,22,44.5
40,Brooklyn,Carroll Gardens,Weekend,3,8,8,0,2,16,21.5
40,Brooklyn,Carroll Gardens,Weekend,4,8,8,0,1,8,16.5
40,Brooklyn,Carroll Gardens,Weekend,5,8,8,1,1,10,14.0
40,Brooklyn,Carroll Gardens,Weekend,6,8,8,2,0,15,31.0
40,Brooklyn,Carroll Gardens,Weekend,7,8,8,0,0,28,35.5
40,Brooklyn,Carroll Gardens,Weekend,8,8,8,0,1,42,59.0
40,Brooklyn,Carroll Gardens,Weekend,9,8,8,1,1,43,84.5
40,Brooklyn,Carroll Gardens,Weekend,10,8,8,0,0,60,83.0
40,Brooklyn,Carroll Gardens,Weekend,11,8,8,0,0,72,102.5
40,Brooklyn,Carroll Gardens,Weekend,12,8,8,1,0,86,109.0
40,Brooklyn,Carroll Gardens,Weekend,13,8,8,0,0,75,112.5
40,Brooklyn,Carroll Gardens,Weekend,14,8,8,1,0,78,109.5
40,Brooklyn,Carroll Gardens,Weekend,15,8,8,0,0,94,109.0
40,Brooklyn,Carroll Gardens,Weekend,16,8,8,1,1,85,107.5
40,Brooklyn,Carroll Gardens,Weekend,17,8,8,0,0,86,142.0
40,Brooklyn,Carroll Gardens,Weekend,18,8,8,1,1,67,125.5
40,Brooklyn,Carroll Gardens,Weekend,19,8,8,1,0,78,111.5
40,Brooklyn,Carroll Gardens,Weekend,20,8,8,1,0,79,108.0
40,Brooklyn,Carroll Gardens,Weekend,21,8,8,3,1,53,113.5
40,Brooklyn,Carroll Gardens,Weekend,22,8,8,4,4,47,116.5
40,Brooklyn,Carroll Gardens,Weekend,23,8,8,3,2,28,100.0
41,Manhattan,Central Harlem,Weekday,0,22,22,13,6,75,114.0
41,Manhattan,Central Harlem,Weekday,1,22,22,14,4,43,61.5
41,Manhattan,Central Harlem,Weekday,2,22,22,12,16,19,33.5
41,Manhattan,Central Harlem,Weekday,3,22,22,15,15,20,30.5
41,Manhattan,Central Harlem,Weekday,4,22,22,18,17,39,47.0
41,Manhattan,Central Harlem,Weekday,5,22,22,21,21,43,63.5
41,Manhattan,Central Harlem,Weekday,6,22,22,20,18,91,129.0
41,Manhattan,Central Harlem,Weekday,7,22,22,14,7,164,229.0
41,Manhattan,Central Harlem,Weekday,8,22,22,6,3,192,271.5
41,Manhattan,Central Harlem,Weekday,9,22,22,7,5,184,232.0
41,Manhattan,Central Harlem,Weekday,10,22,22,4,1,137,192.5
41,Manhattan,Central Harlem,Weekday,11,22,22,9,4,161,182.5
41,Manhattan,Central Harlem,Weekday,12,22,22,8,8,151,193.0
41,Manhattan,Central Harlem,Weekday,13,22,22,13,11,168,209.5
41,Manhattan,Central Harlem,Weekday,14,22,22,14,11,177,223.0
41,Manhattan,Central Harlem,Weekday,15,22,22,19,14,186,236.0
41,Manhattan,Central Harlem,Weekday,16,22,22,20,20,185,241.0
41,Manhattan,Central Harlem,Weekday,17,22,22,22,18,223,276.0
41,Manhattan,Central Harlem,Weekday,18,22,22,18,11,222,274.5
41,Manhattan,Central Harlem,Weekday,19,22,22,19,12,194,251.0
41,Manhattan,Central Harlem,Weekday,20,22,22,19,13,188,242.5
41,Manhattan,Central Harlem,Weekday,21,22,22,12,11,163,229.5
41,Manhattan,Central Harlem,Weekday,22,22,22,16,14,150,201.5
41,Manhattan,Central Harlem,Weekday,23,22,22,17,13,134,168.5
41,Manhattan,Central Harlem,Weekend,0,8,8,7,7,203,237.5
41,Manhattan,Central Harlem,Weekend,1,8,8,3,3,141,164.0
41,Manhattan,Central Harlem,Weekend,2,8,8,1,1,96,120.0
41,Manhattan,Central Harlem,Weekend,3,8,8,0,0,61,72.5
41,Manhattan,Central Harlem,Weekend,4,8,8,3,5,53,63.5
41,Manhattan,Central Harlem,Weekend,5,8,8,5,4,48,65.0
41,Manhattan,Central Harlem,Weekend,6,8,8,8,3,66,82.5
41,Manhattan,Central Harlem,Weekend,7,8,8,4,2,97,114.5
41,Manhattan,Central Harlem,Weekend,8,8,8,1,0,130,156.5
41,Manhattan,Central Harlem,Weekend,9,8,8,0,0,162,205.0
41,Manhattan,Central Harlem,Weekend,10,8,8,0,0,195,222.5
41,Manhattan,Central Harlem,Weekend,11,8,8,1,1,220,250.0
41,Manhattan,Central Harlem,Weekend,12,8,8,7,3,209,259.5
41,Manhattan,Central Harlem,Weekend,13,8,8,8,8,230,279.5
41,Manhattan,Central Harlem,Weekend,14,8,8,7,6,254,284.0
41,Manhattan,Central Harlem,Weekend,15,8,8,8,5,260,289.5
41,Manhattan,Central Harlem,Weekend,16,8,8,8,5,222,286.0
41,Manhattan,Central Harlem,Weekend,17,8,8,8,5,244,291.5
41,Manhattan,Central Harlem,Weekend,18,8,8,7,5,228,296.0
41,Manhattan,Central Harlem,Weekend,19,8,8,7,5,218,290.0
41,Manhattan,Central Harlem,Weekend,20,8,8,6,5,226,281.5
41,Manhattan,Central Harlem,Weekend,21,8,8,4,4,195,275.5
41,Manhattan,Central Harlem,Weekend,22,8,8,4,3,158,242.5
41,Manhattan,Central Harlem,Weekend,23,8,8,4,3,124,218.5
42,Manhattan,Central Harlem North,Weekday,0,22,22,15,10,122,178.0
42,Manhattan,Central Harlem North,Weekday,1,22,22,18,11,89,112.0
42,Manhattan,Central Harlem North,Weekday,2,22,22,12,14,57,80.5
42,Manhattan,Central Harlem North,Weekday,3,22,22,19,18,66,84.5
42,Manhattan,Central Harlem North,Weekday,4,22,22,22,20,67,89.0
42,Manhattan,Central Harlem North,Weekday,5,22,22,22,22,99,124.0
42,Manhattan,Central Harlem North,Weekday,6,22,22,22,22,201,240.5
42,Manhattan,Central Harlem North,Weekday,7,22,22,22,21,270,414.0
42,Manhattan,Central Harlem North,Weekday,8,22,22,20,17,351,450.5
42,Manhattan,Central Harlem North,Weekday,9,22,22,17,16,294,348.5
42,Manhattan,Central Harlem North,Weekday,10,22,22,19,14,227,280.5
42,Manhattan,Central Harlem North,Weekday,11,22,22,19,12,172,233.0
42,Manhattan,Central Harlem North,Weekday,12,22,22,21,21,199,237.5
42,Manhattan,Central Harlem North,Weekday,13,22,22,22,21,203,254.5
42,Manhattan,Central Harlem North,Weekday,14,22,22,20,20,223,282.5
42,Manhattan,Central Harlem North,Weekday,15,22,22,22,22,210,297.0
42,Manhattan,Central Harlem North,Weekday,16,22,22,22,22,226,305.5
42,Manhattan,Central Harlem North,Weekday,17,22,22,22,19,272,322.5
42,Manhattan,Central Harlem North,Weekday,18,22,22,22,19,252,326.0
42,Manhattan,Central Harlem North,Weekday,19,22,22,22,19,246,297.5
42,Manhattan,Central Harlem North,Weekday,20,22,22,22,20,234,283.0
42,Manhattan,Central Harlem North,Weekday,21,22,22,17,17,182,276.5
42,Manhattan,Central Harlem North,Weekday,22,22,22,19,18,200,287.0
42,Manhattan,Central Harlem North,Weekday,23,22,22,22,19,195,271.0
42,Manhattan,Central Harlem North,Weekend,0,8,8,8,8,289,316.0
42,Manhattan,Central Harlem North,Weekend,1,8,8,7,5,209,256.5
42,Manhattan,Central Harlem North,Weekend,2,8,8,3,4,169,207.5
42,Manhattan,Central Harlem North,Weekend,3,8,8,2,1,145,195.0
42,Manhattan,Central Harlem North,Weekend,4,8,8,4,3,125,154.5
42,Manhattan,Central Harlem North,Weekend,5,8,8,6,7,102,112.0
42,Manhattan,Central Harlem North,Weekend,6,8,8,8,7,139,157.0
42,Manhattan,Central Harlem North,Weekend,7,8,8,6,4,168,214.5
42,Manhattan,Central Harlem North,Weekend,8,8,8,8,8,227,243.0
42,Manhattan,Central Harlem North,Weekend,9,8,8,4,3,272,295.0
42,Manhattan,Central Harlem North,Weekend,10,8,8,4,3,285,328.5
42,Manhattan,Central Harlem North,Weekend,11,8,8,8,8,287,321.0
42,Manhattan,Central Harlem North,Weekend,12,8,8,7,8,277,309.5
42,Manhattan,Central Harlem North,Weekend,13,8,8,8,7,281,332.5
42,Manhattan,Central Harlem North,Weekend,14,8,8,8,8,271,347.5
42,Manhattan,Central Harlem North,Weekend,15,8,8,8,8,260,318.0
42,Manhattan,Central Harlem North,Weekend,16,8,8,8,8,260,312.5
42,Manhattan,Central Harlem North,Weekend,17,8,8,8,6,235,307.5
42,Manhattan,Central Harlem North,Weekend,18,8,8,8,6,273,324.5
42,Manhattan,Central Harlem North,Weekend,19,8,8,8,7,268,332.5
42,Manhattan,Central Harlem North,Weekend,20,8,8,7,7,277,340.5
42,Manhattan,Central Harlem North,Weekend,21,8,8,5,5,261,329.5
42,Manhattan,Central Harlem North,Weekend,22,8,8,4,5,256,320.0
42,Manhattan,Central Harlem North,Weekend,23,8,8,6,4,221,318.0
43,Manhattan,Central Park,Weekday,0,22,22,4,4,1,9.0
43,Manhattan,Central Park,Weekday,1,22,22,7,1,2,4.0
43,Manhattan,Central Park,Weekday,2,20,22,11,2,1,2.0
43,Manhattan,Central Park,Weekday,3,20,22,10,5,1,2.0
43,Manhattan,Central Park,Weekday,4,21,22,8,5,1,3.0
43,Manhattan,Central Park,Weekday,5,22,22,6,6,2,8.0
43,Manhattan,Central Park,Weekday,6,22,22,4,4,8,13.0
43,Manhattan,Central Park,Weekday,7,22,22,0,0,16,32.0
43,Manhattan,Central Park,Weekday,8,22,22,1,2,18,37.5
43,Manhattan,Central Park,Weekday,9,22,22,1,1,28,35.5
43,Manhattan,Central Park,Weekday,10,22,22,2,1,20,34.5
43,Manhattan,Central Park,Weekday,11,22,22,5,5,33,45.0
43,Manhattan,Central Park,Weekday,12,22,22,1,4,41,55.0
43,Manhattan,Central Park,Weekday,13,22,22,2,2,42,61.5
43,Manhattan,Central Park,Weekday,14,22,22,5,6,38,61.5
43,Manhattan,Central Park,Weekday,15,22,22,12,5,46,66.5
43,Manhattan,Central Park,Weekday,16,22,22,7,9,45,75.5
43,Manhattan,Central Park,Weekday,17,22,22,7,5,42,69.0
43,Manhattan,Central Park,Weekday,18,22,22,7,4,41,68.0
43,Manhattan,Central Park,Weekday,19,22,22,3,3,30,57.0
43,Manhattan,Central Park,Weekday,20,22,22,9,4,25,46.5
43,Manhattan,Central Park,Weekday,21,22,22,10,4,16,49.5
43,Manhattan,Central Park,Weekday,22,22,22,7,1,12,36.0
43,Manhattan,Central Park,Weekday,23,22,22,5,2,11,21.0
43,Manhattan,Central Park,Weekend,0,8,8,1,1,14,19.5
43,Manhattan,Central Park,Weekend,1,8,8,3,1,4,8.5
43,Manhattan,Central Park,Weekend,2,8,8,1,1,5,6.5
43,Manhattan,Central Park,Weekend,3,7,8,1,1,1,4.0
43,Manhattan,Central Park,Weekend,4,8,8,3,1,1,4.0
43,Manhattan,Central Park,Weekend,5,8,8,4,1,1,4.5
43,Manhattan,Central Park,Weekend,6,8,8,1,1,1,8.0
43,Manhattan,Central Park,Weekend,7,8,8,0,1,10,13.5
43,Manhattan,Central Park,Weekend,8,8,8,1,1,14,23.0
43,Manhattan,Central Park,Weekend,9,8,8,1,0,27,35.0
43,Manhattan,Central Park,Weekend,10,8,8,0,0,38,51.5
43,Manhattan,Central Park,Weekend,11,8,8,1,0,49,78.0
43,Manhattan,Central Park,Weekend,12,8,8,0,0,56,97.5
43,Manhattan,Central Park,Weekend,13,8,8,1,1,59,107.5
43,Manhattan,Central Park,Weekend,14,8,8,2,1,48,113.0
43,Manhattan,Central Park,Weekend,15,8,8,5,5,55,122.0
43,Manhattan,Central Park,Weekend,16,8,8,8,3,72,129.5
43,Manhattan,Central Park,Weekend,17,8,8,6,3,67,116.0
43,Manhattan,Central Park,Weekend,18,8,8,2,0,52,86.5
43,Manhattan,Central Park,Weekend,19,8,8,4,1,46,84.0
43,Manhattan,Central Park,Weekend,20,8,8,4,2,26,53.5
43,Manhattan,Central Park,Weekend,21,8,8,3,2,20,42.5
43,Manhattan,Central Park,Weekend,22,8,8,3,3,11,25.0
43,Manhattan,Central Park,Weekend,23,8,8,2,0,8,18.5
44,Staten Island,Charleston/Tottenville,Weekday,0,22,22,21,17,1,4.0
44,Staten Island,Charleston/Tottenville,Weekday,1,19,22,19,13,1,2.0
44,Staten Island,Charleston/Tottenville,Weekday,2,17,22,17,13,1,2.0
44,Staten Island,Charleston/Tottenville,Weekday,3,22,22,20,16,1,3.0
44,Staten Island,Charleston/Tottenville,Weekday,4,21,22,20,16,1,4.0
44,Staten Island,Charleston/Tottenville,Weekday,5,22,22,20,18,2,5.0
44,Staten Island,Charleston/Tottenville,Weekday,6,22,22,21,17,7,10.0
44,Staten Island,Charleston/Tottenville,Weekday,7,22,22,20,21,5,14.5
44,Staten Island,Charleston/Tottenville,Weekday,8,22,22,18,20,10,14.0
44,Staten Island,Charleston/Tottenville,Weekday,9,22,22,22,17,11,17.0
44,Staten Island,Charleston/Tottenville,Weekday,10,22,22,20,20,5,14.0
44,Staten Island,Charleston/Tottenville,Weekday,11,22,22,22,21,6,15.0
44,Staten Island,Charleston/Tottenville,Weekday,12,22,22,21,21,4,16.0
44,Staten Island,Charleston/Tottenville,Weekday,13,22,22,21,19,8,16.5
44,Staten Island,Charleston/Tottenville,Weekday,14,22,22,22,20,13,21.0
44,Staten Island,Charleston/Tottenville,Weekday,15,22,22,22,18,12,21.0
44,Staten Island,Charleston/Tottenville,Weekday,16,22,22,22,18,17,21.5
44,Staten Island,Charleston/Tottenville,Weekday,17,22,22,21,20,17,24.5
44,Staten Island,Charleston/Tottenville,Weekday,18,22,22,22,15,14,18.0
44,Staten Island,Charleston/Tottenville,Weekday,19,22,22,22,21,8,17.0
44,Staten Island,Charleston/Tottenville,Weekday,20,22,22,22,19,4,14.5
44,Staten Island,Charleston/Tottenville,Weekday,21,22,22,20,16,4,11.0
44,Staten Island,Charleston/Tottenville,Weekday,22,22,22,20,17,4,11.0
44,Staten Island,Charleston/Tottenville,Weekday,23,22,22,22,17,3,7.0
44,Staten Island,Charleston/Tottenville,Weekend,0,8,8,7,7,6,15.0
44,Staten Island,Charleston/Tottenville,Weekend,1,8,8,8,8,7,13.0
44,Staten Island,Charleston/Tottenville,Weekend,2,8,8,6,8,2,5.0
44,Staten Island,Charleston/Tottenville,Weekend,3,8,8,8,7,4,7.5
44,Staten Island,Charleston/Tottenville,Weekend,4,8,8,6,6,2,4.5
44,Staten Island,Charleston/Tottenville,Weekend,5,8,8,8,7,1,4.0
44,Staten Island,Charleston/Tottenville,Weekend,6,8,8,7,7,2,5.0
44,Staten Island,Charleston/Tottenville,Weekend,7,8,8,8,8,6,12.5
44,Staten Island,Charleston/Tottenville,Weekend,8,8,8,8,7,6,9.5
44,Staten Island,Charleston/Tottenville,Weekend,9,8,8,8,8,9,13.0
44,Staten Island,Charleston/Tottenville,Weekend,10,8,8,8,8,6,14.5
44,Staten Island,Charleston/Tottenville,Weekend,11,8,8,8,6,11,19.0
44,Staten Island,Charleston/Tottenville,Weekend,12,8,8,8,8,10,17.0
44,Staten Island,Charleston/Tottenville,Weekend,13,8,8,7,8,8,19.0
44,Staten Island,Charleston/Tottenville,Weekend,14,8,8,7,6,12,17.5
44,Staten Island,Charleston/Tottenville,Weekend,15,8,8,6,5,11,16.0
44,Staten Island,Charleston/Tottenville,Weekend,16,8,8,8,5,12,17.5
44,Staten Island,Charleston/Tottenville,Weekend,17,8,8,8,8,14,21.5
44,Staten Island,Charleston/Tottenville,Weekend,18,8,8,8,7,11,17.5
44,Staten Island,Charleston/Tottenville,Weekend,19,8,8,8,8,8,19.0
44,Staten Island,Charleston/Tottenville,Weekend,20,8,8,8,7,7,14.0
44,Staten Island,Charleston/Tottenville,Weekend,21,8,8,8,7,9,12.5
44,Staten Island,Charleston/Tottenville,Weekend,22,8,8,7,7,6,17.5
44,Staten Island,Charleston/Tottenville,Weekend,23,8,8,6,5,3,11.0
45,Manhattan,Chinatown,Weekday,0,22,22,2,3,33,50.0
45,Manhattan,Chinatown,Weekday,1,22,22,4,2,19,36.0
45,Manhattan,Chinatown,Weekday,2,22,22,9,10,9,19.0
45,Manhattan,Chinatown,Weekday,3,22,22,10,10,6,12.5
45,Manhattan,Chinatown,Weekday,4,22,22,9,14,7,14.5
45,Manhattan,Chinatown,Weekday,5,22,22,18,13,8,15.0
45,Manhattan,Chinatown,Weekday,6,22,22,17,11,11,19.5
45,Manhattan,Chinatown,Weekday,7,22,22,13,10,24,33.0
45,Manhattan,Chinatown,Weekday,8,22,22,16,9,35,48.5
45,Manhattan,Chinatown,Weekday,9,22,22,7,6,38,57.0
45,Manhattan,Chinatown,Weekday,10,22,22,3,8,42,56.5
45,Manhattan,Chinatown,Weekday,11,22,22,7,7,39,60.0
45,Manhattan,Chinatown,Weekday,12,22,22,11,14,46,66.0
45,Manhattan,Chinatown,Weekday,13,22,22,7,12,38,65.0
45,Manhattan,Chinatown,Weekday,14,22,22,12,13,55,68.0
45,Manhattan,Chinatown,Weekday,15,22,22,15,10,55,80.5
45,Manhattan,Chinatown,Weekday,16,22,22,17,13,53,82.0
45,Manhattan,Chinatown,Weekday,17,22,22,12,9,55,83.0
45,Manhattan,Chinatown,Weekday,18,22,22,9,9,59,80.0
45,Manhattan,Chinatown,Weekday,19,22,22,7,4,65,102.0
45,Manhattan,Chinatown,Weekday,20,22,22,0,2,74,120.5
45,Manhattan,Chinatown,Weekday,21,22,22,4,1,80,115.5
45,Manhattan,Chinatown,Weekday,22,22,22,10,6,58,105.0
45,Manhattan,Chinatown,Weekday,23,22,22,8,4,45,83.0
45,Manhattan,Chinatown,Weekend,0,8,8,8,7,141,160.0
45,Manhattan,Chinatown,Weekend,1,8,8,6,5,108,119.0
45,Manhattan,Chinatown,Weekend,2,8,8,5,3,68,91.0
45,Manhattan,Chinatown,Weekend,3,8,8,0,0,58,67.5
45,Manhattan,Chinatown,Weekend,4,8,8,0,0,23,40.0
45,Manhattan,Chinatown,Weekend,5,8,8,2,3,15,18.5
45,Manhattan,Chinatown,Weekend,6,8,8,4,2,16,22.0
45,Manhattan,Chinatown,Weekend,7,8,8,1,1,17,23.0
45,Manhattan,Chinatown,Weekend,8,8,8,5,3,23,32.5
45,Manhattan,Chinatown,Weekend,9,8,8,3,3,34,52.5
45,Manhattan,Chinatown,Weekend,10,8,8,4,3,49,59.0
45,Manhattan,Chinatown,Weekend,11,8,8,6,3,64,68.0
45,Manhattan,Chinatown,Weekend,12,8,8,4,4,66,83.5
45,Manhattan,Chinatown,Weekend,13,8,8,7,5,77,93.0
45,Manhattan,Chinatown,Weekend,14,8,8,5,4,69,98.0
45,Manhattan,Chinatown,Weekend,15,8,8,7,3,71,103.5
45,Manhattan,Chinatown,Weekend,16,8,8,7,5,69,91.0
45,Manhattan,Chinatown,Weekend,17,8,8,6,5,57,91.0
45,Manhattan,Chinatown,Weekend,18,8,8,2,1,69,98.5
45,Manhattan,Chinatown,Weekend,19,8,8,2,3,86,113.5
45,Manhattan,Chinatown,Weekend,20,8,8,2,1,77,138.5
45,Manhattan,Chinatown,Weekend,21,8,8,1,0,63,150.0
45,Manhattan,Chinatown,Weekend,22,8,8,3,1,53,118.5
45,Manhattan,Chinatown,Weekend,23,8,8,3,1,37,97.5
46,Bronx,City Island,Weekday,0,21,22,21,20,1,3.0
46,Bronx,City Island,Weekday,1,16,22,16,10,1,2.0
46,Bronx,City Island,Weekday,2,11,22,11,9,1,1.0
46,Bronx,City Island,Weekday,3,15,22,14,10,1,1.0
46,Bronx,City Island,Weekday,4,15,22,14,10,1,1.0
46,Bronx,City Island,Weekday,5,20,22,17,16,1,1.0
46,Bronx,City Island,Weekday,6,22,22,21,18,1,4.0
46,Bronx,City Island,Weekday,7,22,22,20,19,3,7.0
46,Bronx,City Island,Weekday,8,22,22,22,22,5,7.0
46,Bronx,City Island,Weekday,9,20,22,19,18,1,5.5
46,Bronx,City Island,Weekday,10,22,22,22,21,1,4.5
46,Bronx,City Island,Weekday,11,22,22,20,16,3,4.0
46,Bronx,City Island,Weekday,12,20,22,18,13,2,4.0
46,Bronx,City Island,Weekday,13,22,22,19,21,3,6.5
46,Bronx,City Island,Weekday,14,22,22,20,15,1,4.5
46,Bronx,City Island,Weekday,15,22,22,18,17,2,5.0
46,Bronx,City Island,Weekday,16,22,22,21,18,2,6.0
46,Bronx,City Island,Weekday,17,22,22,20,17,2,7.5
46,Bronx,City Island,Weekday,18,22,22,19,19,3,7.5
46,Bronx,City Island,Weekday,19,22,22,22,17,3,7.0
46,Bronx,City Island,Weekday,20,22,22,21,20,2,9.5
46,Bronx,City Island,Weekday,21,22,22,21,21,5,8.0
46,Bronx,City Island,Weekday,22,22,22,22,21,3,6.0
46,Bronx,City Island,Weekday,23,22,22,22,20,1,5.5
46,Bronx,City Island,Weekend,0,8,8,8,8,4,13.5
46,Bronx,City Island,Weekend,1,8,8,8,8,2,9.5
46,Bronx,City Island,Weekend,2,8,8,8,7,1,4.0
46,Bronx,City Island,Weekend,3,6,8,6,5,1,2.0
46,Bronx,City Island,Weekend,4,5,8,4,4,1,1.0
46,Bronx,City Island,Weekend,5,5,8,4,3,1,1.0
46,Bronx,City Island,Weekend,6,8,8,8,7,1,1.5
46,Bronx,City Island,Weekend,7,8,8,8,8,2,3.0
46,Bronx,City Island,Weekend,8,8,8,8,5,1,2.0
46,Bronx,City Island,Weekend,9,8,8,7,7,2,5.0
46,Bronx,City Island,Weekend,10,8,8,8,5,1,3.5
46,Bronx,City Island,Weekend,11,8,8,7,7,4,6.0
46,Bronx,City Island,Weekend,12,8,8,7,5,2,6.0
46,Bronx,City Island,Weekend,13,8,8,6,5,5,6.5
46,Bronx,City Island,Weekend,14,8,8,5,6,5,10.0
46,Bronx,City Island,Weekend,15,8,8,8,8,9,11.5
46,Bronx,City Island,Weekend,16,8,8,7,8,7,14.5
46,Bronx,City Island,Weekend,17,8,8,7,7,10,15.5
46,Bronx,City Island,Weekend,18,8,8,7,8,12,17.5
46,Bronx,City Island,Weekend,19,8,8,8,8,8,19.0
46,Bronx,City Island,Weekend,20,8,8,8,8,11,17.0
46,Bronx,City Island,Weekend,21,8,8,8,8,8,14.0
46,Bronx,City Island,Weekend,22,8,8,7,7,7,16.0
46,Bronx,City Island,Weekend,23,8,8,8,8,5,13.0
47,Bronx,Claremont/Bathgate,Weekday,0,22,22,7,5,48,65.0
47,Bronx,Claremont/Bathgate,Weekday,1,22,22,17,14,27,38.0
47,Bronx,Claremont/Bathgate,Weekday,2,22,22,13,11,16,26.0
47,Bronx,Claremont/Bathgate,Weekday,3,22,22,15,12,23,26.0
47,Bronx,Claremont/Bathgate,Weekday,4,22,22,19,20,21,32.0
47,Bronx,Claremont/Bathgate,Weekday,5,22,22,20,15,37,54.5
47,Bronx,Claremont/Bathgate,Weekday,6,22,22,21,17,91,115.0
47,Bronx,Claremont/Bathgate,Weekday,7,22,22,21,20,134,179.0
47,Bronx,Claremont/Bathgate,Weekday,8,22,22,15,14,176,204.0
47,Bronx,Claremont/Bathgate,Weekday,9,22,22,11,9,117,139.5
47,Bronx,Claremont/Bathgate,Weekday,10,22,22,18,10,85,112.5
47,Bronx,Claremont/Bathgate,Weekday,11,22,22,16,12,75,91.0
47,Bronx,Claremont/Bathgate,Weekday,12,22,22,21,18,75,99.5
47,Bronx,Claremont/Bathgate,Weekday,13,22,22,19,16,88,110.0
47,Bronx,Claremont/Bathgate,Weekday,14,22,22,20,16,95,135.5
47,Bronx,Claremont/Bathgate,Weekday,15,22,22,21,15,95,135.0
47,Bronx,Claremont/Bathgate,Weekday,16,22,22,22,17,135,168.0
47,Bronx,Claremont/Bathgate,Weekday,17,22,22,22,18,105,142.0
47,Bronx,Claremont/Bathgate,Weekday,18,22,22,17,13,93,120.0
47,Bronx,Claremont/Bathgate,Weekday,19,22,22,19,17,61,93.5
47,Bronx,Claremont/Bathgate,Weekday,20,22,22,20,13,63,94.5
47,Bronx,Claremont/Bathgate,Weekday,21,22,22,10,10,68,95.5
47,Bronx,Claremont/Bathgate,Weekday,22,22,22,9,7,68,91.0
47,Bronx,Claremont/Bathgate,Weekday,23,22,22,14,9,61,94.5
47,Bronx,Claremont/Bathgate,Weekend,0,8,8,5,1,89,112.5
47,Bronx,Claremont/Bathgate,Weekend,1,8,8,5,6,67,82.0
47,Bronx,Claremont/Bathgate,Weekend,2,8,8,1,4,55,67.5
47,Bronx,Claremont/Bathgate,Weekend,3,8,8,2,5,32,44.5
47,Bronx,Claremont/Bathgate,Weekend,4,8,8,4,2,35,37.0
47,Bronx,Claremont/Bathgate,Weekend,5,8,8,5,6,23,41.5
47,Bronx,Claremont/Bathgate,Weekend,6,8,8,7,6,55,63.5
47,Bronx,Claremont/Bathgate,Weekend,7,8,8,7,7,69,86.5
47,Bronx,Claremont/Bathgate,Weekend,8,8,8,6,7,62,74.5
47,Bronx,Claremont/Bathgate,Weekend,9,8,8,6,5,70,101.5
47,Bronx,Claremont/Bathgate,Weekend,10,8,8,8,5,84,100.5
47,Bronx,Claremont/Bathgate,Weekend,11,8,8,7,4,88,101.0
47,Bronx,Claremont/Bathgate,Weekend,12,8,8,6,6,104,120.5
47,Bronx,Claremont/Bathgate,Weekend,13,8,8,8,8,95,113.5
47,Bronx,Claremont/Bathgate,Weekend,14,8,8,8,8,89,134.0
47,Bronx,Claremont/Bathgate,Weekend,15,8,8,8,8,101,129.5
47,Bronx,Claremont/Bathgate,Weekend,16,8,8,8,6,104,134.5
47,Bronx,Claremont/Bathgate,Weekend,17,8,8,8,7,96,120.5
47,Bronx,Claremont/Bathgate,Weekend,18,8,8,8,8,93,109.0
47,Bronx,Claremont/Bathgate,Weekend,19,8,8,8,8,91,106.0
47,Bronx,Claremont/Bathgate,Weekend,20,8,8,8,7,90,118.5
47,Bronx,Claremont/Bathgate,Weekend,21,8,8,8,7,104,122.0
47,Bronx,Claremont/Bathgate,Weekend,22,8,8,6,7,90,121.0
47,Bronx,Claremont/Bathgate,Weekend,23,8,8,3,4,78,109.5
48,Manhattan,Clinton East,Weekday,0,22,22,0,0,121,208.5
48,Manhattan,Clinton East,Weekday,1,22,22,0,1,93,140.5
48,Manhattan,Clinton East,Weekday,2,22,22,0,1,66,106.0
48,Manhattan,Clinton East,Weekday,3,22,22,0,0,64,97.5
48,Manhattan,Clinton East,Weekday,4,22,22,0,1,66,91.0
48,Manhattan,Clinton East,Weekday,5,22,22,2,0,83,110.0
48,Manhattan,Clinton East,Weekday,6,22,22,0,0,112,163.0
48,Manhattan,Clinton East,Weekday,7,22,22,0,0,148,229.5
48,Manhattan,Clinton East,Weekday,8,22,22,2,0,183,316.0
48,Manhattan,Clinton East,Weekday,9,22,22,2,6,216,288.5
48,Manhattan,Clinton East,Weekday,10,22,22,0,5,194,236.5
48,Manhattan,Clinton East,Weekday,11,22,22,0,7,171,226.5
48,Manhattan,Clinton East,Weekday,12,22,22,1,0,159,198.5
48,Manhattan,Clinton East,Weekday,13,22,22,1,3,154,198.5
48,Manhattan,Clinton East,Weekday,14,22,22,4,3,163,193.5
48,Manhattan,Clinton East,Weekday,15,22,22,2,5,148,185.0
48,Manhattan,Clinton East,Weekday,16,22,22,3,6,173,198.5
48,Manhattan,Clinton East,Weekday,17,22,22,7,9,185,243.5
48,Manhattan,Clinton East,Weekday,18,22,22,5,5,206,288.5
48,Manhattan,Clinton East,Weekday,19,22,22,0,1,190,270.5
48,Manhattan,Clinton East,Weekday,20,22,22,0,0,203,298.0
48,Manhattan,Clinton East,Weekday,21,22,22,11,8,238,387.5
48,Manhattan,Clinton East,Weekday,22,22,22,14,10,202,361.5
48,Manhattan,Clinton East,Weekday,23,22,22,4,3,189,307.0
48,Manhattan,Clinton East,Weekend,0,8,8,2,0,464,502.5
48,Manhattan,Clinton East,Weekend,1,8,8,0,0,380,422.0
48,Manhattan,Clinton East,Weekend,2,8,8,0,0,331,363.0
48,Manhattan,Clinton East,Weekend,3,8,8,0,0,265,300.0
48,Manhattan,Clinton East,Weekend,4,8,8,0,0,174,192.0
48,Manhattan,Clinton East,Weekend,5,8,8,2,0,99,127.5
48,Manhattan,Clinton East,Weekend,6,8,8,0,0,97,122.0
48,Manhattan,Clinton East,Weekend,7,8,8,0,0,113,129.5
48,Manhattan,Clinton East,Weekend,8,8,8,0,0,151,183.5
48,Manhattan,Clinton East,Weekend,9,8,8,0,0,212,243.5
48,Manhattan,Clinton East,Weekend,10,8,8,0,0,239,272.5
48,Manhattan,Clinton East,Weekend,11,8,8,2,2,268,273.0
48,Manhattan,Clinton East,Weekend,12,8,8,2,2,269,275.5
48,Manhattan,Clinton East,Weekend,13,8,8,1,3,241,284.0
48,Manhattan,Clinton East,Weekend,14,8,8,0,0,253,259.5
48,Manhattan,Clinton East,Weekend,15,8,8,1,1,217,248.0
48,Manhattan,Clinton East,Weekend,16,8,8,3,3,246,293.0
48,Manhattan,Clinton East,Weekend,17,8,8,2,1,260,340.0
48,Manhattan,Clinton East,Weekend,18,8,8,0,1,270,311.5
48,Manhattan,Clinton East,Weekend,19,8,8,0,0,277,367.5
48,Manhattan,Clinton East,Weekend,20,8,8,0,0,276,375.0
48,Manhattan,Clinton East,Weekend,21,8,8,1,1,285,376.5
48,Manhattan,Clinton East,Weekend,22,8,8,2,1,260,382.0
48,Manhattan,Clinton East,Weekend,23,8,8,1,0,216,384.0
49,Brooklyn,Clinton Hill,Weekday,0,22,22,1,1,70,86.5
49,Brooklyn,Clinton Hill,Weekday,1,22,22,4,3,33,49.0
49,Brooklyn,Clinton Hill,Weekday,2,22,22,6,5,18,34.0
49,Brooklyn,Clinton Hill,Weekday,3,22,22,7,2,17,29.5
49,Brooklyn,Clinton Hill,Weekday,4,22,22,16,12,26,40.0
49,Brooklyn,Clinton Hill,Weekday,5,22,22,22,18,50,60.5
49,Brooklyn,Clinton Hill,Weekday,6,22,22,22,16,80,94.5
49,Brooklyn,Clinton Hill,Weekday,7,22,22,19,17,121,146.5
49,Brooklyn,Clinton Hill,Weekday,8,22,22,18,17,170,209.5
49,Brooklyn,Clinton Hill,Weekday,9,22,22,18,10,177,208.5
49,Brooklyn,Clinton Hill,Weekday,10,22,22,8,4,121,165.0
49,Brooklyn,Clinton Hill,Weekday,11,22,22,9,3,117,156.0
49,Brooklyn,Clinton Hill,Weekday,12,22,22,8,7,131,155.5
49,Brooklyn,Clinton Hill,Weekday,13,22,22,14,10,114,159.0
49,Brooklyn,Clinton Hill,Weekday,14,22,22,13,7,124,164.5
49,Brooklyn,Clinton Hill,Weekday,15,22,22,8,6,121,168.0
49,Brooklyn,Clinton Hill,Weekday,16,22,22,5,1,160,179.0
49,Brooklyn,Clinton Hill,Weekday,17,22,22,2,1,166,226.5
49,Brooklyn,Clinton Hill,Weekday,18,22,22,2,1,181,244.0
49,Brooklyn,Clinton Hill,Weekday,19,22,22,1,0,157,214.0
49,Brooklyn,Clinton Hill,Weekday,20,22,22,0,0,151,208.5
49,Brooklyn,Clinton Hill,Weekday,21,22,22,0,0,161,216.5
49,Brooklyn,Clinton Hill,Weekday,22,22,22,0,0,144,215.0
49,Brooklyn,Clinton Hill,Weekday,23,22,22,1,1,91,162.5
49,Brooklyn,Clinton Hill,Weekend,0,8,8,0,0,294,321.0
49,Brooklyn,Clinton Hill,Weekend,1,8,8,0,0,195,214.5
49,Brooklyn,Clinton Hill,Weekend,2,8,8,0,0,101,125.0
49,Brooklyn,Clinton Hill,Weekend,3,8,8,0,0,74,88.0
49,Brooklyn,Clinton Hill,Weekend,4,8,8,2,0,49,71.0
49,Brooklyn,Clinton Hill,Weekend,5,8,8,3,2,32,56.0
49,Brooklyn,Clinton Hill,Weekend,6,8,8,5,5,65,71.0
49,Brooklyn,Clinton Hill,Weekend,7,8,8,3,3,84,91.5
49,Brooklyn,Clinton Hill,Weekend,8,8,8,3,2,107,140.0
49,Brooklyn,Clinton Hill,Weekend,9,8,8,3,2,176,191.5
49,Brooklyn,Clinton Hill,Weekend,10,8,8,5,2,204,238.0
49,Brooklyn,Clinton Hill,Weekend,11,8,8,6,3,207,264.5
49,Brooklyn,Clinton Hill,Weekend,12,8,8,7,6,211,276.0
49,Brooklyn,Clinton Hill,Weekend,13,8,8,7,6,201,282.0
49,Brooklyn,Clinton Hill,Weekend,14,8,8,6,5,237,280.5
49,Brooklyn,Clinton Hill,Weekend,15,8,8,4,2,209,262.0
49,Brooklyn,Clinton Hill,Weekend,16,8,8,1,1,220,280.5
49,Brooklyn,Clinton Hill,Weekend,17,8,8,1,1,193,284.0
49,Brooklyn,Clinton Hill,Weekend,18,8,8,2,1,173,309.5
49,Brooklyn,Clinton Hill,Weekend,19,8,8,1,1,196,295.5
49,Brooklyn,Clinton Hill,Weekend,20,8,8,0,1,184,302.0
49,Brooklyn,Clinton Hill,Weekend,21,8,8,0,0,177,298.5
49,Brooklyn,Clinton Hill,Weekend,22,8,8,0,0,156,272.5
49,Brooklyn,Clinton Hill,Weekend,23,8,8,2,1,106,263.0
50,Manhattan,Clinton West,Weekday,0,22,22,0,0,33,55.5
50,Manhattan,Clinton West,Weekday,1,22,22,7,1,20,29.5
50,Manhattan,Clinton West,Weekday,2,22,22,9,4,11,21.0
50,Manhattan,Clinton West,Weekday,3,22,22,1,1,12,24.0
50,Manhattan,Clinton West,Weekday,4,22,22,0,0,25,37.5
50,Manhattan,Clinton West,Weekday,5,22,22,3,2,33,53.5
50,Manhattan,Clinton West,Weekday,6,22,22,0,0,87,109.5
50,Manhattan,Clinton West,Weekday,7,22,22,0,0,107,187.5
50,Manhattan,Clinton West,Weekday,8,22,22,8,4,186,261.0
50,Manhattan,Clinton West,Weekday,9,22,22,8,3,175,232.5
50,Manhattan,Clinton West,Weekday,10,22,22,2,1,150,180.5
50,Manhattan,Clinton West,Weekday,11,22,22,2,1,133,155.0
50,Manhattan,Clinton West,Weekday,12,22,22,4,2,115,146.5
50,Manhattan,Clinton West,Weekday,13,22,22,2,3,120,140.5
50,Manhattan,Clinton West,Weekday,14,22,22,9,5,128,148.0
50,Manhattan,Clinton West,Weekday,15,22,22,7,4,108,148.0
50,Manhattan,Clinton West,Weekday,16,22,22,11,11,122,151.5
50,Manhattan,Clinton West,Weekday,17,22,22,7,6,130,172.0
50,Manhattan,Clinton West,Weekday,18,22,22,6,6,123,187.0
50,Manhattan,Clinton West,Weekday,19,22,22,0,1,105,163.0
50,Manhattan,Clinton West,Weekday,20,22,22,0,1,93,134.0
50,Manhattan,Clinton West,Weekday,21,22,22,2,2,77,142.0
50,Manhattan,Clinton West,Weekday,22,22,22,4,2,71,142.0
50,Manhattan,Clinton West,Weekday,23,22,22,1,1,51,96.5
50,Manhattan,Clinton West,Weekend,0,8,8,0,1,125,166.5
50,Manhattan,Clinton West,Weekend,1,8,8,0,0,113,162.0
50,Manhattan,Clinton West,Weekend,2,8,8,0,2,85,130.5
50,Manhattan,Clinton West,Weekend,3,8,8,1,1,58,98.0
50,Manhattan,Clinton West,Weekend,4,8,8,1,2,40,74.0
50,Manhattan,Clinton West,Weekend,5,8,8,1,0,37,50.5
50,Manhattan,Clinton West,Weekend,6,8,8,1,0,50,66.0
50,Manhattan,Clinton West,Weekend,7,8,8,0,0,61,73.5
50,Manhattan,Clinton West,Weekend,8,8,8,1,3,89,108.5
50,Manhattan,Clinton West,Weekend,9,8,8,0,2,123,163.0
50,Manhattan,Clinton West,Weekend,10,8,8,0,0,159,179.5
50,Manhattan,Clinton West,Weekend,11,8,8,3,1,165,189.0
50,Manhattan,Clinton West,Weekend,12,8,8,5,2,160,211.5
50,Manhattan,Clinton West,Weekend,13,8,8,3,0,161,195.5
50,Manhattan,Clinton West,Weekend,14,8,8,2,2,147,193.5
50,Manhattan,Clinton West,Weekend,15,8,8,1,1,132,164.5
50,Manhattan,Clinton West,Weekend,16,8,8,5,2,139,169.5
50,Manhattan,Clinton West,Weekend,17,8,8,5,1,117,164.0
50,Manhattan,Clinton West,Weekend,18,8,8,1,0,97,170.0
50,Manhattan,Clinton West,Weekend,19,8,8,0,0,101,171.5
50,Manhattan,Clinton West,Weekend,20,8,8,0,0,105,158.0
50,Manhattan,Clinton West,Weekend,21,8,8,1,1,102,141.0
50,Manhattan,Clinton West,Weekend,22,8,8,1,1,88,136.5
50,Manhattan,Clinton West,Weekend,23,8,8,1,0,39,131.0
51,Bronx,Co-Op City,Weekday,0,22,22,22,17,29,46.0
51,Bronx,Co-Op City,Weekday,1,22,22,22,19,15,24.5
51,Bronx,Co-Op City,Weekday,2,22,22,21,18,9,13.5
51,Bronx,Co-Op City,Weekday,3,22,22,22,21,11,17.0
51,Bronx,Co-Op City,Weekday,4,22,22,21,20,16,23.0
51,Bronx,Co-Op City,Weekday,5,22,22,22,22,45,55.5
51,Bronx,Co-Op City,Weekday,6,22,22,22,19,81,108.0
51,Bronx,Co-Op City,Weekday,7,22,22,22,19,104,159.5
51,Bronx,Co-Op City,Weekday,8,22,22,21,18,143,169.0
51,Bronx,Co-Op City,Weekday,9,22,22,22,19,111,133.0
51,Bronx,Co-Op City,Weekday,10,22,22,22,19,90,119.0
51,Bronx,Co-Op City,Weekday,11,22,22,22,19,81,104.0
51,Bronx,Co-Op City,Weekday,12,22,22,21,19,91,123.5
51,Bronx,Co-Op City,Weekday,13,22,22,21,20,110,137.5
51,Bronx,Co-Op City,Weekday,14,22,22,22,17,114,158.0
51,Bronx,Co-Op City,Weekday,15,22,22,19,16,148,168.5
51,Bronx,Co-Op City,Weekday,16,22,22,19,15,127,162.5
51,Bronx,Co-Op City,Weekday,17,22,22,15,8,132,169.0
51,Bronx,Co-Op City,Weekday,18,22,22,16,9,124,168.5
51,Bronx,Co-Op City,Weekday,19,22,22,20,15,111,170.5
51,Bronx,Co-Op City,Weekday,20,22,22,22,19,124,162.5
51,Bronx,Co-Op City,Weekday,21,22,22,22,20,107,159.0
51,Bronx,Co-Op City,Weekday,22,22,22,22,19,84,118.5
51,Bronx,Co-Op City,Weekday,23,22,22,22,17,65,84.5
51,Bronx,Co-Op City,Weekend,0,8,8,8,7,91,112.0
51,Bronx,Co-Op City,Weekend,1,8,8,8,7,43,72.5
51,Bronx,Co-Op City,Weekend,2,8,8,8,7,27,44.5
51,Bronx,Co-Op City,Weekend,3,8,8,8,8,19,39.0
51,Bronx,Co-Op City,Weekend,4,8,8,8,7,17,26.5
51,Bronx,Co-Op City,Weekend,5,8,8,8,8,34,40.5
51,Bronx,Co-Op City,Weekend,6,8,8,8,8,58,66.0
51,Bronx,Co-Op City,Weekend,7,8,8,8,7,63,73.0
51,Bronx,Co-Op City,Weekend,8,8,8,8,5,76,93.0
51,Bronx,Co-Op City,Weekend,9,8,8,8,8,115,131.0
51,Bronx,Co-Op City,Weekend,10,8,8,8,8,123,134.5
51,Bronx,Co-Op City,Weekend,11,8,8,6,3,113,137.0
51,Bronx,Co-Op City,Weekend,12,8,8,3,3,92,135.0
51,Bronx,Co-Op City,Weekend,13,8,8,1,2,118,157.5
51,Bronx,Co-Op City,Weekend,14,8,8,5,5,166,183.5
51,Bronx,Co-Op City,Weekend,15,8,8,3,4,152,179.5
51,Bronx,Co-Op City,Weekend,16,8,8,4,2,156,184.5
51,Bronx,Co-Op City,Weekend,17,8,8,5,4,163,194.5
51,Bronx,Co-Op City,Weekend,18,8,8,7,6,179,217.0
51,Bronx,Co-Op City,Weekend,19,8,8,8,8,185,217.5
51,Bronx,Co-Op City,Weekend,20,8,8,8,8,145,212.0
51,Bronx,Co-Op City,Weekend,21,8,8,8,7,123,176.0
51,Bronx,Co-Op City,Weekend,22,8,8,8,8,101,158.5
51,Bronx,Co-Op City,Weekend,23,8,8,8,8,90,124.5
52,Brooklyn,Cobble Hill,Weekday,0,22,22,3,3,7,13.0
52,Brooklyn,Cobble Hill,Weekday,1,22,22,11,7,2,6.0
52,Brooklyn,Cobble Hill,Weekday,2,22,22,9,5,1,4.0
52,Brooklyn,Cobble Hill,Weekday,3,22,22,6,3,1,4.0
52,Brooklyn,Cobble Hill,Weekday,4,22,22,1,3,3,7.0
52,Brooklyn,Cobble Hill,Weekday,5,22,22,0,1,11,18.0
52,Brooklyn,Cobble Hill,Weekday,6,22,22,0,1,20,29.5
52,Brooklyn,Cobble Hill,Weekday,7,22,22,2,1,33,44.5
52,Brooklyn,Cobble Hill,Weekday,8,22,22,12,6,31,54.5
52,Brooklyn,Cobble Hill,Weekday,9,22,22,8,5,34,57.5
52,Brooklyn,Cobble Hill,Weekday,10,22,22,2,1,41,52.5
52,Brooklyn,Cobble Hill,Weekday,11,22,22,4,2,42,50.0
52,Brooklyn,Cobble Hill,Weekday,12,22,22,2,1,31,48.5
52,Brooklyn,Cobble Hill,Weekday,13,22,22,3,6,35,45.0
52,Brooklyn,Cobble Hill,Weekday,14,22,22,1,1,35,53.0
52,Brooklyn,Cobble Hill,Weekday,15,22,22,2,5,40,55.5
52,Brooklyn,Cobble Hill,Weekday,16,22,22,1,1,36,60.0
52,Brooklyn,Cobble Hill,Weekday,17,22,22,2,3,50,64.5
52,Brooklyn,Cobble Hill,Weekday,18,22,22,1,0,48,67.5
52,Brooklyn,Cobble Hill,Weekday,19,22,22,0,0,38,68.0
52,Brooklyn,Cobble Hill,Weekday,20,22,22,0,1,34,55.5
52,Brooklyn,Cobble Hill,Weekday,21,22,22,0,0,39,78.0
52,Brooklyn,Cobble Hill,Weekday,22,22,22,4,2,31,57.5
52,Brooklyn,Cobble Hill,Weekday,23,22,22,3,4,14,34.5
52,Brooklyn,Cobble Hill,Weekend,0,8,8,1,0,47,56.5
52,Brooklyn,Cobble Hill,Weekend,1,8,8,0,1,15,26.0
52,Brooklyn,Cobble Hill,Weekend,2,8,8,2,2,10,13.5
52,Brooklyn,Cobble Hill,Weekend,3,8,8,0,2,4,8.0
52,Brooklyn,Cobble Hill,Weekend,4,8,8,1,1,2,6.0
52,Brooklyn,Cobble Hill,Weekend,5,8,8,2,2,5,9.5
52,Brooklyn,Cobble Hill,Weekend,6,8,8,1,0,8,15.5
52,Brooklyn,Cobble Hill,Weekend,7,8,8,1,0,9,18.5
52,Brooklyn,Cobble Hill,Weekend,8,8,8,0,0,26,30.5
52,Brooklyn,Cobble Hill,Weekend,9,8,8,0,1,27,45.5
52,Brooklyn,Cobble Hill,Weekend,10,8,8,0,0,44,55.0
52,Brooklyn,Cobble Hill,Weekend,11,8,8,0,0,50,57.0
52,Brooklyn,Cobble Hill,Weekend,12,8,8,1,1,56,77.5
52,Brooklyn,Cobble Hill,Weekend,13,8,8,1,1,53,81.0
52,Brooklyn,Cobble Hill,Weekend,14,8,8,1,1,59,78.5
52,Brooklyn,Cobble Hill,Weekend,15,8,8,0,0,63,76.5
52,Brooklyn,Cobble Hill,Weekend,16,8,8,1,1,55,75.5
52,Brooklyn,Cobble Hill,Weekend,17,8,8,0,1,50,78.0
52,Brooklyn,Cobble Hill,Weekend,18,8,8,0,0,45,79.0
52,Brooklyn,Cobble Hill,Weekend,19,8,8,0,0,53,87.5
52,Brooklyn,Cobble Hill,Weekend,20,8,8,2,0,57,78.0
52,Brooklyn,Cobble Hill,Weekend,21,8,8,3,2,41,90.0
52,Brooklyn,Cobble Hill,Weekend,22,8,8,4,0,30,76.0
52,Brooklyn,Cobble Hill,Weekend,23,8,8,2,2,17,48.0
53,Queens,College Point,Weekday,0,22,22,22,20,10,21.0
53,Queens,College Point,Weekday,1,22,22,22,18,9,16.0
53,Queens,College Point,Weekday,2,22,22,22,18,6,11.0
53,Queens,College Point,Weekday,3,22,22,22,20,10,17.5
53,Queens,College Point,Weekday,4,22,22,19,21,13,20.0
53,Queens,College Point,Weekday,5,22,22,16,17,19,31.0
53,Queens,College Point,Weekday,6,22,22,14,15,33,52.0
53,Queens,College Point,Weekday,7,22,22,12,10,58,77.5
53,Queens,College Point,Weekday,8,22,22,19,20,62,82.5
53,Queens,College Point,Weekday,9,22,22,21,19,47,67.5
53,Queens,College Point,Weekday,10,22,22,22,18,41,60.0
53,Queens,College Point,Weekday,11,22,22,22,20,43,56.0
53,Queens,College Point,Weekday,12,22,22,20,17,36,48.0
53,Queens,College Point,Weekday,13,22,22,20,21,35,55.5
53,Queens,College Point,Weekday,14,22,22,20,17,46,67.0
53,Queens,College Point,Weekday,15,22,22,19,18,49,62.5
53,Queens,College Point,Weekday,16,22,22,19,18,41,53.5
53,Queens,College Point,Weekday,17,22,22,21,19,36,48.0
53,Queens,College Point,Weekday,18,22,22,17,19,33,44.5
53,Queens,College Point,Weekday,19,22,22,21,17,25,41.5
53,Queens,College Point,Weekday,20,22,22,21,20,22,38.0
53,Queens,College Point,Weekday,21,22,22,21,18,25,34.5
53,Queens,College Point,Weekday,22,22,22,21,21,26,39.0
53,Queens,College Point,Weekday,23,22,22,22,20,29,37.0
53,Queens,College Point,Weekend,0,8,8,7,7,20,36.5
53,Queens,College Point,Weekend,1,8,8,8,7,17,31.5
53,Queens,College Point,Weekend,2,8,8,7,7,14,20.5
53,Queens,College Point,Weekend,3,8,8,6,5,18,22.5
53,Queens,College Point,Weekend,4,8,8,6,7,17,21.5
53,Queens,College Point,Weekend,5,8,8,6,4,18,31.0
53,Queens,College Point,Weekend,6,8,8,7,4,22,39.0
53,Queens,College Point,Weekend,7,8,8,6,7,28,46.5
53,Queens,College Point,Weekend,8,8,8,7,8,38,49.5
53,Queens,College Point,Weekend,9,8,8,7,7,49,60.5
53,Queens,College Point,Weekend,10,8,8,8,6,49,56.0
53,Queens,College Point,Weekend,11,8,8,8,7,53,56.0
53,Queens,College Point,Weekend,12,8,8,6,6,50,55.5
53,Queens,College Point,Weekend,13,8,8,6,6,44,61.0
53,Queens,College Point,Weekend,14,8,8,7,5,48,61.0
53,Queens,College Point,Weekend,15,8,8,4,5,34,58.0
53,Queens,College Point,Weekend,16,8,8,8,7,41,48.5
53,Queens,College Point,Weekend,17,8,8,8,6,39,51.5
53,Queens,College Point,Weekend,18,8,8,8,7,34,47.0
53,Queens,College Point,Weekend,19,8,8,7,8,45,54.5
53,Queens,College Point,Weekend,20,8,8,8,8,37,46.0
53,Queens,College Point,Weekend,21,8,8,8,8,31,45.5
53,Queens,College Point,Weekend,22,8,8,8,7,35,41.0
53,Queens,College Point,Weekend,23,8,8,8,8,40,59.0
54,Brooklyn,Columbia Street,Weekday,0,22,22,13,6,1,5.0
54,Brooklyn,Columbia Street,Weekday,1,21,22,15,3,1,2.0
54,Brooklyn,Columbia Street,Weekday,2,20,22,8,2,1,2.0
54,Brooklyn,Columbia Street,Weekday,3,15,22,8,3,1,2.0
54,Brooklyn,Columbia Street,Weekday,4,22,22,4,7,2,4.5
54,Brooklyn,Columbia Street,Weekday,5,22,22,6,7,3,6.0
54,Brooklyn,Columbia Street,Weekday,6,22,22,2,3,8,12.0
54,Brooklyn,Columbia Street,Weekday,7,22,22,14,11,11,25.5
54,Brooklyn,Columbia Street,Weekday,8,22,22,16,12,17,29.0
54,Brooklyn,Columbia Street,Weekday,9,22,22,14,5,16,27.0
54,Brooklyn,Columbia Street,Weekday,10,22,22,12,9,14,19.0
54,Brooklyn,Columbia Street,Weekday,11,22,22,7,11,8,16.0
54,Brooklyn,Columbia Street,Weekday,12,22,22,8,6,7,13.0
54,Brooklyn,Columbia Street,Weekday,13,22,22,12,7,5,13.0
54,Brooklyn,Columbia Street,Weekday,14,22,22,8,6,8,13.5
54,Brooklyn,Columbia Street,Weekday,15,22,22,10,4,8,16.0
54,Brooklyn,Columbia Street,Weekday,16,22,22,8,2,10,16.0
54,Brooklyn,Columbia Street,Weekday,17,22,22,4,5,13,21.0
54,Brooklyn,Columbia Street,Weekday,18,22,22,2,4,13,21.0
54,Brooklyn,Columbia Street,Weekday,19,22,22,4,6,15,20.0
54,Brooklyn,Columbia Street,Weekday,20,22,22,3,1,16,26.5
54,Brooklyn,Columbia Street,Weekday,21,22,22,6,2,11,27.0
54,Brooklyn,Columbia Street,Weekday,22,22,22,7,3,10,21.0
54,Brooklyn,Columbia Street,Weekday,23,22,22,9,7,4,14.5
54,Brooklyn,Columbia Street,Weekend,0,8,8,0,1,11,23.0
54,Brooklyn,Columbia Street,Weekend,1,8,8,0,3,5,11.0
54,Brooklyn,Columbia Street,Weekend,2,8,8,2,0,3,7.5
54,Brooklyn,Columbia Street,Weekend,3,8,8,3,1,1,3.0
54,Brooklyn,Columbia Street,Weekend,4,8,8,3,1,2,4.5
54,Brooklyn,Columbia Street,Weekend,5,8,8,2,2,1,5.0
54,Brooklyn,Columbia Street,Weekend,6,8,8,2,1,1,7.5
54,Brooklyn,Columbia Street,Weekend,7,8,8,3,2,5,8.5
54,Brooklyn,Columbia Street,Weekend,8,8,8,2,2,7,12.0
54,Brooklyn,Columbia Street,Weekend,9,8,8,5,1,15,22.0
54,Brooklyn,Columbia Street,Weekend,10,8,8,1,2,16,20.5
54,Brooklyn,Columbia Street,Weekend,11,8,8,1,1,17,22.0
54,Brooklyn,Columbia Street,Weekend,12,8,8,2,2,20,24.5
54,Brooklyn,Columbia Street,Weekend,13,8,8,1,1,15,27.0
54,Brooklyn,Columbia Street,Weekend,14,8,8,2,1,17,29.5
54,Brooklyn,Columbia Street,Weekend,15,8,8,1,0,16,29.5
54,Brooklyn,Columbia Street,Weekend,16,8,8,2,3,14,20.5
54,Brooklyn,Columbia Street,Weekend,17,8,8,0,1,17,28.5
54,Brooklyn,Columbia Street,Weekend,18,8,8,1,0,14,30.0
54,Brooklyn,Columbia Street,Weekend,19,8,8,1,1,17,27.5
54,Brooklyn,Columbia Street,Weekend,20,8,8,3,1,17,30.0
54,Brooklyn,Columbia Street,Weekend,21,8,8,4,0,18,30.5
54,Brooklyn,Columbia Street,Weekend,22,8,8,6,5,12,34.0
54,Brooklyn,Columbia Street,Weekend,23,8,8,5,4,6,18.0
55,Brooklyn,Coney Island,Weekday,0,22,22,21,18,22,38.0
55,Brooklyn,Coney Island,Weekday,1,22,22,20,18,14,23.5
55,Brooklyn,Coney Island,Weekday,2,22,22,20,16,7,19.5
55,Brooklyn,Coney Island,Weekday,3,22,22,19,14,10,14.0
55,Brooklyn,Coney Island,Weekday,4,22,22,16,11,15,24.0
55,Brooklyn,Coney Island,Weekday,5,22,22,8,7,38,50.5
55,Brooklyn,Coney Island,Weekday,6,22,22,10,5,60,87.0
55,Brooklyn,Coney Island,Weekday,7,22,22,17,16,81,162.5
55,Brooklyn,Coney Island,Weekday,8,22,22,9,8,131,173.0
55,Brooklyn,Coney Island,Weekday,9,22,22,20,18,99,125.5
55,Brooklyn,Coney Island,Weekday,10,22,22,22,16,76,93.0
55,Brooklyn,Coney Island,Weekday,11,22,22,22,17,66,88.0
55,Brooklyn,Coney Island,Weekday,12,22,22,17,17,72,91.5
55,Brooklyn,Coney Island,Weekday,13,22,22,13,15,80,100.0
55,Brooklyn,Coney Island,Weekday,14,22,22,14,14,87,118.5
55,Brooklyn,Coney Island,Weekday,15,22,22,11,7,83,109.5
55,Brooklyn,Coney Island,Weekday,16,22,22,6,8,91,115.0
55,Brooklyn,Coney Island,Weekday,17,22,22,5,10,90,121.0
55,Brooklyn,Coney Island,Weekday,18,22,22,9,6,80,105.5
55,Brooklyn,Coney Island,Weekday,19,22,22,18,15,58,97.0
55,Brooklyn,Coney Island,Weekday,20,22,22,21,11,54,84.0
55,Brooklyn,Coney Island,Weekday,21,22,22,17,12,57,76.5
55,Brooklyn,Coney Island,Weekday,22,22,22,17,13,51,70.0
55,Brooklyn,Coney Island,Weekday,23,22,22,22,15,42,56.5
55,Brooklyn,Coney Island,Weekend,0,8,8,7,6,66,80.0
55,Brooklyn,Coney Island,Weekend,1,8,8,8,8,41,51.5
55,Brooklyn,Coney Island,Weekend,2,8,8,6,6,30,38.0
55,Brooklyn,Coney Island,Weekend,3,8,8,6,4,16,24.0
55,Brooklyn,Coney Island,Weekend,4,8,8,4,3,19,27.0
55,Brooklyn,Coney Island,Weekend,5,8,8,3,2,27,33.0
55,Brooklyn,Coney Island,Weekend,6,8,8,3,1,43,49.0
55,Brooklyn,Coney Island,Weekend,7,8,8,4,2,57,63.5
55,Brooklyn,Coney Island,Weekend,8,8,8,4,4,50,69.5
55,Brooklyn,Coney Island,Weekend,9,8,8,6,4,75,89.5
55,Brooklyn,Coney Island,Weekend,10,8,8,7,5,75,89.0
55,Brooklyn,Coney Island,Weekend,11,8,8,8,7,79,91.0
55,Brooklyn,Coney Island,Weekend,12,8,8,4,4,76,90.0
55,Brooklyn,Coney Island,Weekend,13,8,8,2,1,92,108.5
55,Brooklyn,Coney Island,Weekend,14,8,8,2,4,93,117.0
55,Brooklyn,Coney Island,Weekend,15,8,8,3,3,96,121.0
55,Brooklyn,Coney Island,Weekend,16,8,8,4,5,72,128.5
55,Brooklyn,Coney Island,Weekend,17,8,8,4,4,96,131.0
55,Brooklyn,Coney Island,Weekend,18,8,8,4,4,66,132.5
55,Brooklyn,Coney Island,Weekend,19,8,8,8,7,87,128.0
55,Brooklyn,Coney Island,Weekend,20,8,8,8,6,76,122.0
55,Brooklyn,Coney Island,Weekend,21,8,8,6,5,71,102.0
55,Brooklyn,Coney Island,Weekend,22,8,8,6,6,63,95.0
55,Brooklyn,Coney Island,Weekend,23,8,8,7,5,51,79.0
56,Queens,Corona,Weekday,0,22,22,21,17,30,42.0
56,Queens,Corona,Weekday,1,22,22,18,17,18,25.5
56,Queens,Corona,Weekday,2,22,22,18,11,12,23.0
56,Queens,Corona,Weekday,3,22,22,16,16,23,32.0
56,Queens,Corona,Weekday,4,22,22,2,2,42,50.0
56,Queens,Corona,Weekday,5,22,22,5,4,76,91.0
56,Queens,Corona,Weekday,6,22,22,7,5,104,134.5
56,Queens,Corona,Weekday,7,22,22,11,6,114,160.5
56,Queens,Corona,Weekday,8,22,22,18,14,146,172.0
56,Queens,Corona,Weekday,9,22,22,11,9,120,139.5
56,Queens,Corona,Weekday,10,22,22,17,6,94,109.5
56,Queens,Corona,Weekday,11,22,22,15,3,65,87.5
56,Queens,Corona,Weekday,12,22,22,15,14,63,80.0
56,Queens,Corona,Weekday,13,22,22,12,6,74,90.5
56,Queens,Corona,Weekday,14,22,22,15,8,83,105.5
56,Queens,Corona,Weekday,15,22,22,14,4,68,92.5
56,Queens,Corona,Weekday,16,22,22,10,7,65,84.0
56,Queens,Corona,Weekday,17,22,22,11,12,69,83.5
56,Queens,Corona,Weekday,18,22,22,16,10,63,82.5
56,Queens,Corona,Weekday,19,22,22,22,15,58,87.5
56,Queens,Corona,Weekday,20,22,22,21,18,59,80.5
56,Queens,Corona,Weekday,21,22,22,20,12,52,78.0
56,Queens,Corona,Weekday,22,22,22,19,15,52,75.5
56,Queens,Corona,Weekday,23,22,22,16,16,49,64.0
56,Queens,Corona,Weekend,0,8,8,4,2,66,96.0
56,Queens,Corona,Weekend,1,8,8,2,3,40,76.5
56,Queens,Corona,Weekend,2,8,8,3,5,34,53.5
56,Queens,Corona,Weekend,3,8,8,1,2,39,54.5
56,Queens,Corona,Weekend,4,8,8,3,2,42,57.0
56,Queens,Corona,Weekend,5,8,8,3,2,56,72.0
56,Queens,Corona,Weekend,6,8,8,2,1,86,99.0
56,Queens,Corona,Weekend,7,8,8,1,0,80,103.5
56,Queens,Corona,Weekend,8,8,8,7,5,92,115.5
56,Queens,Corona,Weekend,9,8,8,8,5,112,144.0
56,Queens,Corona,Weekend,10,8,8,7,3,126,135.5
56,Queens,Corona,Weekend,11,8,8,6,5,112,125.5
56,Queens,Corona,Weekend,12,8,8,4,4,105,117.5
56,Queens,Corona,Weekend,13,8,8,5,5,100,127.0
56,Queens,Corona,Weekend,14,8,8,4,4,101,115.5
56,Queens,Corona,Weekend,15,8,8,4,6,91,122.0
56,Queens,Corona,Weekend,16,8,8,8,7,83,112.5
56,Queens,Corona,Weekend,17,8,8,6,4,69,103.0
56,Queens,Corona,Weekend,18,8,8,8,5,84,97.0
56,Queens,Corona,Weekend,19,8,8,8,7,82,133.5
56,Queens,Corona,Weekend,20,8,8,8,8,78,116.0
56,Queens,Corona,Weekend,21,8,8,8,7,91,125.5
56,Queens,Corona,Weekend,22,8,8,8,8,99,135.0
56,Queens,Corona,Weekend,23,8,8,7,7,75,107.0
57,Queens,Corona,Weekday,0,22,22,16,14,3,5.0
57,Queens,Corona,Weekday,1,22,22,13,7,1,4.0
57,Queens,Corona,Weekday,2,22,22,15,8,1,3.0
57,Queens,Corona,Weekday,3,22,22,15,14,2,4.5
57,Queens,Corona,Weekday,4,22,22,13,10,1,4.0
57,Queens,Corona,Weekday,5,22,22,7,2,1,5.0
57,Queens,Corona,Weekday,6,22,22,7,8,3,8.0
57,Queens,Corona,Weekday,7,22,22,5,5,3,13.5
57,Queens,Corona,Weekday,8,22,22,12,10,8,12.5
57,Queens,Corona,Weekday,9,22,22,13,9,6,12.0
57,Queens,Corona,Weekday,10,22,22,13,6,2,7.5
57,Queens,Corona,Weekday,11,22,22,17,4,3,7.0
57,Queens,Corona,Weekday,12,22,22,14,5,3,6.0
57,Queens,Corona,Weekday,13,22,22,12,4,1,6.0
57,Queens,Corona,Weekday,14,22,22,15,5,2,7.0
57,Queens,Corona,Weekday,15,22,22,15,8,2,5.0
57,Queens,Corona,Weekday,16,21,22,14,6,1,5.0
57,Queens,Corona,Weekday,17,22,22,15,2,2,5.0
57,Queens,Corona,Weekday,18,22,22,13,3,2,5.0
57,Queens,Corona,Weekday,19,22,22,17,11,2,7.0
57,Queens,Corona,Weekday,20,22,22,18,10,3,5.5
57,Queens,Corona,Weekday,21,22,22,20,18,3,8.5
57,Queens,Corona,Weekday,22,22,22,18,17,3,9.0
57,Queens,Corona,Weekday,23,22,22,19,16,2,7.5
57,Queens,Corona,Weekend,0,8,8,7,5,8,10.5
57,Queens,Corona,Weekend,1,8,8,4,1,5,8.0
57,Queens,Corona,Weekend,2,8,8,3,3,3,6.5
57,Queens,Corona,Weekend,3,8,8,7,4,4,7.5
57,Queens,Corona,Weekend,4,8,8,6,2,3,6.0
57,Queens,Corona,Weekend,5,8,8,1,4,3,5.0
57,Queens,Corona,Weekend,6,8,8,5,2,3,7.0
57,Queens,Corona,Weekend,7,8,8,3,3,2,6.5
57,Queens,Corona,Weekend,8,8,8,6,4,8,11.5
57,Queens,Corona,Weekend,9,8,8,4,2,8,10.0
57,Queens,Corona,Weekend,10,8,8,1,1,5,10.5
57,Queens,Corona,Weekend,11,8,8,7,2,4,11.5
57,Queens,Corona,Weekend,12,8,8,2,2,4,8.5
57,Queens,Corona,Weekend,13,8,8,4,2,3,6.5
57,Queens,Corona,Weekend,14,8,8,4,6,5,8.5
57,Queens,Corona,Weekend,15,8,8,5,6,7,10.0
57,Queens,Corona,Weekend,16,8,8,6,6,4,8.5
57,Queens,Corona,Weekend,17,8,8,7,3,5,9.0
57,Queens,Corona,Weekend,18,8,8,8,6,7,12.0
57,Queens,Corona,Weekend,19,8,8,7,8,6,12.5
57,Queens,Corona,Weekend,20,8,8,8,5,3,13.0
57,Queens,Corona,Weekend,21,8,8,8,6,8,11.0
57,Queens,Corona,Weekend,22,8,8,7,6,7,9.0
57,Queens,Corona,Weekend,23,8,8,8,5,7,11.0
58,Bronx,Country Club,Weekday,0,20,22,19,10,1,3.0
58,Bronx,Country Club,Weekday,1,17,22,16,8,1,2.0
58,Bronx,Country Club,Weekday,2,19,22,17,10,1,2.0
58,Bronx,Country Club,Weekday,3,22,22,20,12,1,2.0
58,Bronx,Country Club,Weekday,4,22,22,22,10,1,4.0
58,Bronx,Country Club,Weekday,5,22,22,19,18,3,8.0
58,Bronx,Country Club,Weekday,6,22,22,19,14,7,11.5
58,Bronx,Country Club,Weekday,7,22,22,22,21,17,27.5
58,Bronx,Country Club,Weekday,8,22,22,17,17,16,25.0
58,Bronx,Country Club,Weekday,9,22,22,21,18,12,16.0
58,Bronx,Country Club,Weekday,10,22,22,22,20,9,14.0
58,Bronx,Country Club,Weekday,11,22,22,21,11,6,10.0
58,Bronx,Country Club,Weekday,12,22,22,19,18,5,11.5
58,Bronx,Country Club,Weekday,13,22,22,19,10,5,10.0
58,Bronx,Country Club,Weekday,14,22,22,18,15,7,12.5
58,Bronx,Country Club,Weekday,15,22,22,16,11,8,12.5
58,Bronx,Country Club,Weekday,16,22,22,11,9,9,12.0
58,Bronx,Country Club,Weekday,17,22,22,17,13,5,12.0
58,Bronx,Country Club,Weekday,18,22,22,15,12,5,12.5
58,Bronx,Country Club,Weekday,19,22,22,21,13,3,9.5
58,Bronx,Country Club,Weekday,20,22,22,19,16,4,8.0
58,Bronx,Country Club,Weekday,21,22,22,19,15,3,6.5
58,Bronx,Country Club,Weekday,22,22,22,21,19,3,7.0
58,Bronx,Country Club,Weekday,23,22,22,22,14,1,5.5
58,Bronx,Country Club,Weekend,0,8,8,7,8,3,8.5
58,Bronx,Country Club,Weekend,1,8,8,7,7,2,5.5
58,Bronx,Country Club,Weekend,2,8,8,6,4,1,2.0
58,Bronx,Country Club,Weekend,3,7,8,6,3,1,3.0
58,Bronx,Country Club,Weekend,4,8,8,6,6,1,2.5
58,Bronx,Country Club,Weekend,5,8,8,5,3,2,3.5
58,Bronx,Country Club,Weekend,6,8,8,8,7,3,6.0
58,Bronx,Country Club,Weekend,7,8,8,8,5,2,5.0
58,Bronx,Country Club,Weekend,8,8,8,8,7,3,10.0
58,Bronx,Country Club,Weekend,9,8,8,8,5,12,15.0
58,Bronx,Country Club,Weekend,10,8,8,8,5,8,15.5
58,Bronx,Country Club,Weekend,11,8,8,8,5,9,14.5
58,Bronx,Country Club,Weekend,12,8,8,6,6,10,14.5
58,Bronx,Country Club,Weekend,13,8,8,6,4,8,14.0
58,Bronx,Country Club,Weekend,14,8,8,5,5,7,10.5
58,Bronx,Country Club,Weekend,15,8,8,6,4,7,15.0
58,Bronx,Country Club,Weekend,16,8,8,7,7,9,12.5
58,Bronx,Country Club,Weekend,17,8,8,5,4,7,11.5
58,Bronx,Country Club,Weekend,18,8,8,7,6,5,11.5
58,Bronx,Country Club,Weekend,19,8,8,8,6,5,13.0
58,Bronx,Country Club,Weekend,20,8,8,8,7,10,16.0
58,Bronx,Country Club,Weekend,21,8,8,7,6,7,11.0
58,Bronx,Country Club,Weekend,22,8,8,8,8,7,12.0
58,Bronx,Country Club,Weekend,23,8,8,8,8,3,9.5
59,Bronx,Crotona Park,Weekday,0,14,22,7,3,1,1.0
59,Bronx,Crotona Park,Weekday,1,9,22,7,0,1,1.0
59,Bronx,Crotona Park,Weekday,2,7,22,6,2,1,1.0
59,Bronx,Crotona Park,Weekday,3,7,22,5,0,1,1.0
59,Bronx,Crotona Park,Weekday,4,7,22,5,3,1,1.0
59,Bronx,Crotona Park,Weekday,5,21,22,18,7,1,1.0
59,Bronx,Crotona Park,Weekday,6,22,22,21,13,1,3.0
59,Bronx,Crotona Park,Weekday,7,22,22,17,11,2,5.0
59,Bronx,Crotona Park,Weekday,8,21,22,17,9,2,7.0
59,Bronx,Crotona Park,Weekday,9,22,22,12,4,1,3.0
59,Bronx,Crotona Park,Weekday,10,20,22,12,2,1,3.0
59,Bronx,Crotona Park,Weekday,11,21,22,12,5,1,3.0
59,Bronx,Crotona Park,Weekday,12,19,22,16,6,1,2.0
59,Bronx,Crotona Park,Weekday,13,22,22,15,2,1,3.0
59,Bronx,Crotona Park,Weekday,14,22,22,13,11,1,4.0
59,Bronx,Crotona Park,Weekday,15,22,22,13,5,1,6.0
59,Bronx,Crotona Park,Weekday,16,22,22,16,6,2,4.5
59,Bronx,Crotona Park,Weekday,17,22,22,13,9,2,4.0
59,Bronx,Crotona Park,Weekday,18,22,22,13,5,1,5.0
59,Bronx,Crotona Park,Weekday,19,21,22,14,6,2,4.0
59,Bronx,Crotona Park,Weekday,20,22,22,17,10,2,6.0
59,Bronx,Crotona Park,Weekday,21,19,22,12,1,2,3.0
59,Bronx,Crotona Park,Weekday,22,21,22,11,11,1,5.0
59,Bronx,Crotona Park,Weekday,23,18,22,10,3,1,2.0
59,Bronx,Crotona Park,Weekend,0,8,8,5,5,1,2.5
59,Bronx,Crotona Park,Weekend,1,8,8,2,2,1,2.0
59,Bronx,Crotona Park,Weekend,2,5,8,3,1,1,1.0
59,Bronx,Crotona Park,Weekend,3,4,8,3,1,1,1.0
59,Bronx,Crotona Park,Weekend,4,5,8,2,0,1,1.0
59,Bronx,Crotona Park,Weekend,5,7,8,5,4,1,2.0
59,Bronx,Crotona Park,Weekend,6,6,8,4,2,1,1.0
59,Bronx,Crotona Park,Weekend,7,7,8,7,4,2,3.0
59,Bronx,Crotona Park,Weekend,8,6,8,3,1,2,3.0
59,Bronx,Crotona Park,Weekend,9,8,8,5,3,1,4.0
59,Bronx,Crotona Park,Weekend,10,7,8,5,2,3,5.0
59,Bronx,Crotona Park,Weekend,11,8,8,5,1,2,5.0
59,Bronx,Crotona Park,Weekend,12,8,8,5,3,1,3.0
59,Bronx,Crotona Park,Weekend,13,8,8,5,1,2,3.0
59,Bronx,Crotona Park,Weekend,14,8,8,6,3,2,4.0
59,Bronx,Crotona Park,Weekend,15,8,8,7,5,2,4.0
59,Bronx,Crotona Park,Weekend,16,8,8,7,2,2,3.0
59,Bronx,Crotona Park,Weekend,17,8,8,7,3,2,6.0
59,Bronx,Crotona Park,Weekend,18,8,8,2,0,1,5.5
59,Bronx,Crotona Park,Weekend,19,8,8,7,3,3,4.5
59,Bronx,Crotona Park,Weekend,20,8,8,5,4,2,4.0
59,Bronx,Crotona Park,Weekend,21,8,8,5,4,2,3.5
59,Bronx,Crotona Park,Weekend,22,7,8,7,7,2,4.0
59,Bronx,Crotona Park,Weekend,23,7,8,4,4,1,2.0
60,Bronx,Crotona Park East,Weekday,0,22,22,16,9,27,41.5
60,Bronx,Crotona Park East,Weekday,1,22,22,20,14,16,28.5
60,Bronx,Crotona Park East,Weekday,2,22,22,18,11,9,16.5
60,Bronx,Crotona Park East,Weekday,3,22,22,14,10,7,16.5
60,Bronx,Crotona Park East,Weekday,4,22,22,17,12,10,19.5
60,Bronx,Crotona Park East,Weekday,5,22,22,22,21,26,38.0
60,Bronx,Crotona Park East,Weekday,6,22,22,22,21,56,71.5
60,Bronx,Crotona Park East,Weekday,7,22,22,22,21,80,111.0
60,Bronx,Crotona Park East,Weekday,8,22,22,22,20,86,125.5
60,Bronx,Crotona Park East,Weekday,9,22,22,18,12,67,91.0
60,Bronx,Crotona Park East,Weekday,10,22,22,21,13,52,70.0
60,Bronx,Crotona Park East,Weekday,11,22,22,22,13,31,62.0
60,Bronx,Crotona Park East,Weekday,12,22,22,20,13,53,67.0
60,Bronx,Crotona Park East,Weekday,13,22,22,21,17,51,72.5
60,Bronx,Crotona Park East,Weekday,14,22,22,20,19,60,83.0
60,Bronx,Crotona Park East,Weekday,15,22,22,22,18,54,80.5
60,Bronx,Crotona Park East,Weekday,16,22,22,20,18,62,88.5
60,Bronx,Crotona Park East,Weekday,17,22,22,20,20,76,99.0
60,Bronx,Crotona Park East,Weekday,18,22,22,19,12,67,82.5
60,Bronx,Crotona Park East,Weekday,19,22,22,22,20,58,78.0
60,Bronx,Crotona Park East,Weekday,20,22,22,21,17,53,69.5
60,Bronx,Crotona Park East,Weekday,21,22,22,16,13,52,68.5
60,Bronx,Crotona Park East,Weekday,22,22,22,17,15,55,71.0
60,Bronx,Crotona Park East,Weekday,23,22,22,17,12,39,51.5
60,Bronx,Crotona Park East,Weekend,0,8,8,3,2,60,78.0
60,Bronx,Crotona Park East,Weekend,1,8,8,4,1,47,56.0
60,Bronx,Crotona Park East,Weekend,2,8,8,1,4,34,39.5
60,Bronx,Crotona Park East,Weekend,3,8,8,5,3,20,29.0
60,Bronx,Crotona Park East,Weekend,4,8,8,3,2,17,23.5
60,Bronx,Crotona Park East,Weekend,5,8,8,8,5,28,30.0
60,Bronx,Crotona Park East,Weekend,6,8,8,8,8,31,41.0
60,Bronx,Crotona Park East,Weekend,7,8,8,8,8,47,61.5
60,Bronx,Crotona Park East,Weekend,8,8,8,7,5,47,62.5
60,Bronx,Crotona Park East,Weekend,9,8,8,8,7,54,75.0
60,Bronx,Crotona Park East,Weekend,10,8,8,7,4,66,75.0
60,Bronx,Crotona Park East,Weekend,11,8,8,7,7,67,83.0
60,Bronx,Crotona Park East,Weekend,12,8,8,5,4,66,71.0
60,Bronx,Crotona Park East,Weekend,13,8,8,7,4,76,86.5
60,Bronx,Crotona Park East,Weekend,14,8,8,8,7,73,94.0
60,Bronx,Crotona Park East,Weekend,15,8,8,8,7,79,97.0
60,Bronx,Crotona Park East,Weekend,16,8,8,8,7,83,91.0
60,Bronx,Crotona Park East,Weekend,17,8,8,8,6,64,82.5
60,Bronx,Crotona Park East,Weekend,18,8,8,8,3,70,88.5
60,Bronx,Crotona Park East,Weekend,19,8,8,8,7,72,104.0
60,Bronx,Crotona Park East,Weekend,20,8,8,8,6,88,110.0
60,Bronx,Crotona Park East,Weekend,21,8,8,7,5,72,106.5
60,Bronx,Crotona Park East,Weekend,22,8,8,7,5,68,97.5
60,Bronx,Crotona Park East,Weekend,23,8,8,8,4,43,79.0
61,Brooklyn,Crown Heights North,Weekday,0,22,22,3,2,190,264.5
61,Brooklyn,Crown Heights North,Weekday,1,22,22,6,4,107,151.5
61,Brooklyn,Crown Heights North,Weekday,2,22,22,18,15,73,99.5
61,Brooklyn,Crown Heights North,Weekday,3,22,22,19,17,62,87.0
61,Brooklyn,Crown Heights North,Weekday,4,22,22,22,22,93,110.5
61,Brooklyn,Crown Heights North,Weekday,5,22,22,22,22,115,141.5
61,Brooklyn,Crown Heights North,Weekday,6,22,22,22,22,208,278.5
61,Brooklyn,Crown Heights North,Weekday,7,22,22,22,21,291,371.0
61,Brooklyn,Crown Heights North,Weekday,8,22,22,20,20,357,429.0
61,Brooklyn,Crown Heights North,Weekday,9,22,22,22,22,359,397.0
61,Brooklyn,Crown Heights North,Weekday,10,22,22,22,21,288,320.0
61,Brooklyn,Crown Heights North,Weekday,11,22,22,22,20,246,303.5
61,Brooklyn,Crown Heights North,Weekday,12,22,22,22,20,256,313.5
61,Brooklyn,Crown Heights North,Weekday,13,22,22,22,21,263,318.5
61,Brooklyn,Crown Heights North,Weekday,14,22,22,22,20,257,350.0
61,Brooklyn,Crown Heights North,Weekday,15,22,22,22,19,308,374.5
61,Brooklyn,Crown Heights North,Weekday,16,22,22,18,17,332,401.5
61,Brooklyn,Crown Heights North,Weekday,17,22,22,20,17,371,470.0
61,Brooklyn,Crown Heights North,Weekday,18,22,22,19,17,372,478.0
61,Brooklyn,Crown Heights North,Weekday,19,22,22,22,10,347,451.5
61,Brooklyn,Crown Heights North,Weekday,20,22,22,12,6,350,452.5
61,Brooklyn,Crown Heights North,Weekday,21,22,22,6,2,312,438.0
61,Brooklyn,Crown Heights North,Weekday,22,22,22,0,2,329,471.0
61,Brooklyn,Crown Heights North,Weekday,23,22,22,0,1,274,406.5
61,Brooklyn,Crown Heights North,Weekend,0,8,8,0,0,563,678.0
61,Brooklyn,Crown Heights North,Weekend,1,8,8,0,0,441,489.5
61,Brooklyn,Crown Heights North,Weekend,2,8,8,0,0,292,339.5
61,Brooklyn,Crown Heights North,Weekend,3,8,8,0,0,188,239.0
61,Brooklyn,Crown Heights North,Weekend,4,8,8,1,2,166,191.5
61,Brooklyn,Crown Heights North,Weekend,5,8,8,7,7,122,140.5
61,Brooklyn,Crown Heights North,Weekend,6,8,8,8,8,165,184.0
61,Brooklyn,Crown Heights North,Weekend,7,8,8,8,8,234,245.5
61,Brooklyn,Crown Heights North,Weekend,8,8,8,8,8,285,326.0
61,Brooklyn,Crown Heights North,Weekend,9,8,8,8,8,372,403.0
61,Brooklyn,Crown Heights North,Weekend,10,8,8,8,8,379,445.0
61,Brooklyn,Crown Heights North,Weekend,11,8,8,8,8,411,470.5
61,Brooklyn,Crown Heights North,Weekend,12,8,8,8,8,322,494.5
61,Brooklyn,Crown Heights North,Weekend,13,8,8,8,8,373,491.5
61,Brooklyn,Crown Heights North,Weekend,14,8,8,8,8,452,537.0
61,Brooklyn,Crown Heights North,Weekend,15,8,8,8,8,468,554.0
61,Brooklyn,Crown Heights North,Weekend,16,8,8,7,4,471,540.5
61,Brooklyn,Crown Heights North,Weekend,17,8,8,4,6,460,518.5
61,Brooklyn,Crown Heights North,Weekend,18,8,8,6,4,439,567.5
61,Brooklyn,Crown Heights North,Weekend,19,8,8,6,4,427,588.5
61,Brooklyn,Crown Heights North,Weekend,20,8,8,4,4,460,600.0
61,Brooklyn,Crown Heights North,Weekend,21,8,8,1,1,438,573.5
61,Brooklyn,Crown Heights North,Weekend,22,8,8,1,0,447,652.5
61,Brooklyn,Crown Heights North,Weekend,23,8,8,0,2,347,616.5
62,Brooklyn,Crown Heights South,Weekday,0,22,22,8,2,44,55.5
62,Brooklyn,Crown Heights South,Weekday,1,22,22,9,4,21,32.0
62,Brooklyn,Crown Heights South,Weekday,2,22,22,17,12,11,20.5
62,Brooklyn,Crown Heights South,Weekday,3,22,22,18,18,16,25.0
62,Brooklyn,Crown Heights South,Weekday,4,22,22,20,19,20,25.5
62,Brooklyn,Crown Heights South,Weekday,5,22,22,21,20,31,43.0
62,Brooklyn,Crown Heights South,Weekday,6,22,22,22,22,48,78.0
62,Brooklyn,Crown Heights South,Weekday,7,22,22,21,21,72,111.0
62,Brooklyn,Crown Heights South,Weekday,8,22,22,22,21,99,134.5
62,Brooklyn,Crown Heights South,Weekday,9,22,22,22,17,79,127.5
62,Brooklyn,Crown Heights South,Weekday,10,22,22,21,17,83,101.0
62,Brooklyn,Crown Heights South,Weekday,11,22,22,21,16,70,88.0
62,Brooklyn,Crown Heights South,Weekday,12,22,22,21,18,66,95.0
62,Brooklyn,Crown Heights South,Weekday,13,22,22,21,18,70,92.5
62,Brooklyn,Crown Heights South,Weekday,14,22,22,22,16,57,116.0
62,Brooklyn,Crown Heights South,Weekday,15,22,22,22,16,75,117.5
62,Brooklyn,Crown Heights South,Weekday,16,22,22,18,18,74,125.5
62,Brooklyn,Crown Heights South,Weekday,17,22,22,19,15,83,133.0
62,Brooklyn,Crown Heights South,Weekday,18,22,22,17,14,86,135.5
62,Brooklyn,Crown Heights South,Weekday,19,22,22,19,12,80,129.0
62,Brooklyn,Crown Heights South,Weekday,20,22,22,17,7,74,132.5
62,Brooklyn,Crown Heights South,Weekday,21,22,22,8,5,71,111.0
62,Brooklyn,Crown Heights South,Weekday,22,22,22,3,5,77,111.5
62,Brooklyn,Crown Heights South,Weekday,23,22,22,3,2,65,101.5
62,Brooklyn,Crown Heights South,Weekend,0,8,8,1,0,121,148.5
62,Brooklyn,Crown Heights South,Weekend,1,8,8,0,0,75,104.5
62,Brooklyn,Crown Heights South,Weekend,2,8,8,0,0,46,66.5
62,Brooklyn,Crown Heights South,Weekend,3,8,8,0,0,25,37.0
62,Brooklyn,Crown Heights South,Weekend,4,8,8,1,0,28,42.0
62,Brooklyn,Crown Heights South,Weekend,5,8,8,3,3,30,37.5
62,Brooklyn,Crown Heights South,Weekend,6,8,8,8,6,33,49.0
62,Brooklyn,Crown Heights South,Weekend,7,8,8,8,8,58,67.5
62,Brooklyn,Crown Heights South,Weekend,8,8,8,7,6,73,90.5
62,Brooklyn,Crown Heights South,Weekend,9,8,8,8,7,102,127.0
62,Brooklyn,Crown Heights South,Weekend,10,8,8,8,6,112,139.5
62,Brooklyn,Crown Heights South,Weekend,11,8,8,8,7,106,129.0
62,Brooklyn,Crown Heights South,Weekend,12,8,8,7,8,85,139.5
62,Brooklyn,Crown Heights South,Weekend,13,8,8,8,7,86,137.0
62,Brooklyn,Crown Heights South,Weekend,14,8,8,8,6,114,139.0
62,Brooklyn,Crown Heights South,Weekend,15,8,8,8,6,121,139.5
62,Brooklyn,Crown Heights South,Weekend,16,8,8,4,2,110,124.0
62,Brooklyn,Crown Heights South,Weekend,17,8,8,8,3,136,155.0
62,Brooklyn,Crown Heights South,Weekend,18,8,8,5,4,109,131.5
62,Brooklyn,Crown Heights South,Weekend,19,8,8,7,6,113,143.5
62,Brooklyn,Crown Heights South,Weekend,20,8,8,6,5,96,145.5
62,Brooklyn,Crown Heights South,Weekend,21,8,8,3,3,110,133.5
62,Brooklyn,Crown Heights South,Weekend,22,8,8,2,2,90,138.5
62,Brooklyn,Crown Heights South,Weekend,23,8,8,1,2,85,142.0
63,Brooklyn,Cypress Hills,Weekday,0,22,22,19,10,37,52.5
63,Brooklyn,Cypress Hills,Weekday,1,22,22,20,12,15,31.0
63,Brooklyn,Cypress Hills,Weekday,2,22,22,21,16,12,21.0
63,Brooklyn,Cypress Hills,Weekday,3,22,22,19,18,18,28.5
63,Brooklyn,Cypress Hills,Weekday,4,22,22,14,11,25,36.0
63,Brooklyn,Cypress Hills,Weekday,5,22,22,5,6,57,70.0
63,Brooklyn,Cypress Hills,Weekday,6,22,22,17,13,90,120.0
63,Brooklyn,Cypress Hills,Weekday,7,22,22,17,14,108,162.5
63,Brooklyn,Cypress Hills,Weekday,8,22,22,13,16,123,165.0
63,Brooklyn,Cypress Hills,Weekday,9,22,22,21,20,107,129.5
63,Brooklyn,Cypress Hills,Weekday,10,22,22,22,17,69,96.5
63,Brooklyn,Cypress Hills,Weekday,11,22,22,21,19,66,86.5
63,Brooklyn,Cypress Hills,Weekday,12,22,22,17,14,56,81.5
63,Brooklyn,Cypress Hills,Weekday,13,22,22,17,15,74,91.5
63,Brooklyn,Cypress Hills,Weekday,14,22,22,11,9,81,100.5
63,Brooklyn,Cypress Hills,Weekday,15,22,22,9,9,76,101.5
63,Brooklyn,Cypress Hills,Weekday,16,22,22,6,6,82,100.5
63,Brooklyn,Cypress Hills,Weekday,17,22,22,8,5,87,104.5
63,Brooklyn,Cypress Hills,Weekday,18,22,22,12,9,77,98.0
63,Brooklyn,Cypress Hills,Weekday,19,22,22,17,15,71,92.0
63,Brooklyn,Cypress Hills,Weekday,20,22,22,16,10,58,92.0
63,Brooklyn,Cypress Hills,Weekday,21,22,22,11,11,63,85.0
63,Brooklyn,Cypress Hills,Weekday,22,22,22,15,11,62,82.0
63,Brooklyn,Cypress Hills,Weekday,23,22,22,19,13,50,71.0
63,Brooklyn,Cypress Hills,Weekend,0,8,8,3,5,86,108.0
63,Brooklyn,Cypress Hills,Weekend,1,8,8,6,5,58,75.0
63,Brooklyn,Cypress Hills,Weekend,2,8,8,4,3,37,58.5
63,Brooklyn,Cypress Hills,Weekend,3,8,8,6,5,45,52.5
63,Brooklyn,Cypress Hills,Weekend,4,8,8,6,6,35,54.5
63,Brooklyn,Cypress Hills,Weekend,5,8,8,7,7,41,54.0
63,Brooklyn,Cypress Hills,Weekend,6,8,8,6,5,59,69.5
63,Brooklyn,Cypress Hills,Weekend,7,8,8,5,6,67,74.5
63,Brooklyn,Cypress Hills,Weekend,8,8,8,7,6,70,86.5
63,Brooklyn,Cypress Hills,Weekend,9,8,8,7,4,94,122.5
63,Brooklyn,Cypress Hills,Weekend,10,8,8,6,5,102,111.0
63,Brooklyn,Cypress Hills,Weekend,11,8,8,6,5,107,116.0
63,Brooklyn,Cypress Hills,Weekend,12,8,8,4,4,101,114.5
63,Brooklyn,Cypress Hills,Weekend,13,8,8,5,4,96,118.0
63,Brooklyn,Cypress Hills,Weekend,14,8,8,3,1,109,131.5
63,Brooklyn,Cypress Hills,Weekend,15,8,8,4,1,100,126.5
63,Brooklyn,Cypress Hills,Weekend,16,8,8,5,4,102,122.5
63,Brooklyn,Cypress Hills,Weekend,17,8,8,3,2,91,128.5
63,Brooklyn,Cypress Hills,Weekend,18,8,8,2,2,111,129.5
63,Brooklyn,Cypress Hills,Weekend,19,8,8,5,2,98,126.0
63,Brooklyn,Cypress Hills,Weekend,20,8,8,6,5,107,131.5
63,Brooklyn,Cypress Hills,Weekend,21,8,8,6,4,92,131.0
63,Brooklyn,Cypress Hills,Weekend,22,8,8,8,5,114,127.0
63,Brooklyn,Cypress Hills,Weekend,23,8,8,7,8,82,111.5
64,Queens,Douglaston,Weekday,0,22,22,20,16,1,6.5
64,Queens,Douglaston,Weekday,1,22,22,22,16,1,4.5
64,Queens,Douglaston,Weekday,2,20,22,20,12,1,3.0
64,Queens,Douglaston,Weekday,3,22,22,20,18,1,5.0
64,Queens,Douglaston,Weekday,4,22,22,16,13,1,5.0
64,Queens,Douglaston,Weekday,5,22,22,21,16,6,9.0
64,Queens,Douglaston,Weekday,6,22,22,22,19,10,14.0
64,Queens,Douglaston,Weekday,7,22,22,19,17,15,32.0
64,Queens,Douglaston,Weekday,8,22,22,21,17,24,34.5
64,Queens,Douglaston,Weekday,9,22,22,22,22,27,36.0
64,Queens,Douglaston,Weekday,10,22,22,21,21,14,22.0
64,Queens,Douglaston,Weekday,11,22,22,22,18,9,20.5
64,Queens,Douglaston,Weekday,12,22,22,21,19,13,21.5
64,Queens,Douglaston,Weekday,13,22,22,22,20,17,27.0
64,Queens,Douglaston,Weekday,14,22,22,20,22,20,34.5
64,Queens,Douglaston,Weekday,15,22,22,22,20,20,25.0
64,Queens,Douglaston,Weekday,16,22,22,22,22,14,29.0
64,Queens,Douglaston,Weekday,17,22,22,22,21,16,32.0
64,Queens,Douglaston,Weekday,18,22,22,21,17,14,24.5
64,Queens,Douglaston,Weekday,19,22,22,22,19,12,20.0
64,Queens,Douglaston,Weekday,20,22,22,22,22,11,19.5
64,Queens,Douglaston,Weekday,21,22,22,22,20,11,20.0
64,Queens,Douglaston,Weekday,22,22,22,22,19,7,17.0
64,Queens,Douglaston,Weekday,23,22,22,22,22,4,12.5
64,Queens,Douglaston,Weekend,0,8,8,8,5,5,14.0
64,Queens,Douglaston,Weekend,1,8,8,8,5,4,8.0
64,Queens,Douglaston,Weekend,2,8,8,7,7,4,6.5
64,Queens,Douglaston,Weekend,3,8,8,8,8,4,6.0
64,Queens,Douglaston,Weekend,4,8,8,8,5,4,5.0
64,Queens,Douglaston,Weekend,5,8,8,5,5,4,7.0
64,Queens,Douglaston,Weekend,6,8,8,7,5,8,10.5
64,Queens,Douglaston,Weekend,7,8,8,7,7,8,12.5
64,Queens,Douglaston,Weekend,8,8,8,8,6,13,16.0
64,Queens,Douglaston,Weekend,9,8,8,8,7,18,24.5
64,Queens,Douglaston,Weekend,10,8,8,8,7,15,19.5
64,Queens,Douglaston,Weekend,11,8,8,8,6,18,23.0
64,Queens,Douglaston,Weekend,12,8,8,8,8,18,26.5
64,Queens,Douglaston,Weekend,13,8,8,7,7,20,25.0
64,Queens,Douglaston,Weekend,14,8,8,7,8,17,26.5
64,Queens,Douglaston,Weekend,15,8,8,8,6,14,27.5
64,Queens,Douglaston,Weekend,16,8,8,8,5,18,25.5
64,Queens,Douglaston,Weekend,17,8,8,8,7,17,29.5
64,Queens,Douglaston,Weekend,18,8,8,8,8,20,24.5
64,Queens,Douglaston,Weekend,19,8,8,8,7,17,26.5
64,Queens,Douglaston,Weekend,20,8,8,8,8,13,24.0
64,Queens,Douglaston,Weekend,21,8,8,8,8,13,21.0
64,Queens,Douglaston,Weekend,22,8,8,8,8,13,21.5
64,Queens,Douglaston,Weekend,23,8,8,8,8,9,16.0
65,Brooklyn,Downtown Brooklyn/MetroTech,Weekday,0,22,22,10,5,51,81.5
65,Brooklyn,Downtown Brooklyn/MetroTech,Weekday,1,22,22,13,8,23,35.5
65,Brooklyn,Downtown Brooklyn/MetroTech,Weekday,2,22,22,10,12,12,22.5
65,Brooklyn,Downtown Brooklyn/MetroTech,Weekday,3,22,22,7,9,10,20.0
65,Brooklyn,Downtown Brooklyn/MetroTech,Weekday,4,22,22,12,8,17,30.5
65,Brooklyn,Downtown Brooklyn/MetroTech,Weekday,5,22,22,11,6,36,47.5
65,Brooklyn,Downtown Brooklyn/MetroTech,Weekday,6,22,22,10,5,63,84.5
65,Brooklyn,Downtown Brooklyn/MetroTech,Weekday,7,22,22,11,10,80,106.0
65,Brooklyn,Downtown Brooklyn/MetroTech,Weekday,8,22,22,17,17,113,138.5
65,Brooklyn,Downtown Brooklyn/MetroTech,Weekday,9,22,22,11,9,126,147.5
65,Brooklyn,Downtown Brooklyn/MetroTech,Weekday,10,22,22,4,10,94,137.0
65,Brooklyn,Downtown Brooklyn/MetroTech,Weekday,11,22,22,12,14,110,137.5
65,Brooklyn,Downtown Brooklyn/MetroTech,Weekday,12,22,22,20,18,115,136.5
65,Brooklyn,Downtown Brooklyn/MetroTech,Weekday,13,22,22,15,15,99,132.0
65,Brooklyn,Downtown Brooklyn/MetroTech,Weekday,14,22,22,21,19,108,140.0
65,Brooklyn,Downtown Brooklyn/MetroTech,Weekday,15,22,22,21,20,129,159.5
65,Brooklyn,Downtown Brooklyn/MetroTech,Weekday,16,22,22,20,20,143,177.5
65,Brooklyn,Downtown Brooklyn/MetroTech,Weekday,17,22,22,22,21,146,211.5
65,Brooklyn,Downtown Brooklyn/MetroTech,Weekday,18,22,22,21,20,153,195.0
65,Brooklyn,Downtown Brooklyn/MetroTech,Weekday,19,22,22,14,7,158,189.0
65,Brooklyn,Downtown Brooklyn/MetroTech,Weekday,20,22,22,15,11,144,211.0
65,Brooklyn,Downtown Brooklyn/MetroTech,Weekday,21,22,22,9,2,112,161.0
65,Brooklyn,Downtown Brooklyn/MetroTech,Weekday,22,22,22,9,8,90,155.0
65,Brooklyn,Downtown Brooklyn/MetroTech,Weekday,23,22,22,6,10,92,143.0
65,Brooklyn,Downtown Brooklyn/MetroTech,Weekend,0,8,8,7,6,161,200.5
65,Brooklyn,Downtown Brooklyn/MetroTech,Weekend,1,8,8,1,2,87,103.0
65,Brooklyn,Downtown Brooklyn/MetroTech,Weekend,2,8,8,2,1,42,58.0
65,Brooklyn,Downtown Brooklyn/MetroTech,Weekend,3,8,8,0,1,38,44.5
65,Brooklyn,Downtown Brooklyn/MetroTech,Weekend,4,8,8,0,2,31,39.5
65,Brooklyn,Downtown Brooklyn/MetroTech,Weekend,5,8,8,1,2,35,43.0
65,Brooklyn,Downtown Brooklyn/MetroTech,Weekend,6,8,8,1,1,45,67.0
65,Brooklyn,Downtown Brooklyn/MetroTech,Weekend,7,8,8,3,2,48,78.5
65,Brooklyn,Downtown Brooklyn/MetroTech,Weekend,8,8,8,1,1,101,109.5
65,Brooklyn,Downtown Brooklyn/MetroTech,Weekend,9,8,8,2,1,131,145.5
65,Brooklyn,Downtown Brooklyn/MetroTech,Weekend,10,8,8,5,2,145,195.0
65,Brooklyn,Downtown Brooklyn/MetroTech,Weekend,11,8,8,7,4,125,215.5
65,Brooklyn,Downtown Brooklyn/MetroTech,Weekend,12,8,8,8,5,126,215.0
65,Brooklyn,Downtown Brooklyn/MetroTech,Weekend,13,8,8,7,7,84,210.0
65,Brooklyn,Downtown Brooklyn/MetroTech,Weekend,14,8,8,8,6,151,196.0
65,Brooklyn,Downtown Brooklyn/MetroTech,Weekend,15,8,8,8,5,180,226.5
65,Brooklyn,Downtown Brooklyn/MetroTech,Weekend,16,8,8,6,7,168,213.0
65,Brooklyn,Downtown Brooklyn/MetroTech,Weekend,17,8,8,5,6,168,254.5
65,Brooklyn,Downtown Brooklyn/MetroTech,Weekend,18,8,8,5,3,153,229.0
65,Brooklyn,Downtown Brooklyn/MetroTech,Weekend,19,8,8,3,4,148,204.5
65,Brooklyn,Downtown Brooklyn/MetroTech,Weekend,20,8,8,4,3,141,208.0
65,Brooklyn,Downtown Brooklyn/MetroTech,Weekend,21,8,8,3,2,133,191.5
65,Brooklyn,Downtown Brooklyn/MetroTech,Weekend,22,8,8,4,3,131,184.5
65,Brooklyn,Downtown Brooklyn/MetroTech,Weekend,23,8,8,5,4,107,174.0
66,Brooklyn,DUMBO/Vinegar Hill,Weekday,0,22,22,17,11,18,42.5
66,Brooklyn,DUMBO/Vinegar Hill,Weekday,1,22,22,15,14,12,20.5
66,Brooklyn,DUMBO/Vinegar Hill,Weekday,2,22,22,17,16,3,11.5
66,Brooklyn,DUMBO/Vinegar Hill,Weekday,3,22,22,13,8,3,8.0
66,Brooklyn,DUMBO/Vinegar Hill,Weekday,4,22,22,7,11,3,12.0
66,Brooklyn,DUMBO/Vinegar Hill,Weekday,5,22,22,7,1,19,31.5
66,Brooklyn,DUMBO/Vinegar Hill,Weekday,6,22,22,6,5,35,56.5
66,Brooklyn,DUMBO/Vinegar Hill,Weekday,7,22,22,9,6,71,86.0
66,Brooklyn,DUMBO/Vinegar Hill,Weekday,8,22,22,15,9,73,123.0
66,Brooklyn,DUMBO/Vinegar Hill,Weekday,9,22,22,1,2,90,115.0
66,Brooklyn,DUMBO/Vinegar Hill,Weekday,10,22,22,0,1,70,91.5
66,Brooklyn,DUMBO/Vinegar Hill,Weekday,11,22,22,0,1,70,92.5
66,Brooklyn,DUMBO/Vinegar Hill,Weekday,12,22,22,0,2,65,92.5
66,Brooklyn,DUMBO/Vinegar Hill,Weekday,13,22,22,4,5,80,105.0
66,Brooklyn,DUMBO/Vinegar Hill,Weekday,14,22,22,2,4,84,108.0
66,Brooklyn,DUMBO/Vinegar Hill,Weekday,15,22,22,4,9,97,122.0
66,Brooklyn,DUMBO/Vinegar Hill,Weekday,16,22,22,1,10,104,130.0
66,Brooklyn,DUMBO/Vinegar Hill,Weekday,17,22,22,14,14,129,176.0
66,Brooklyn,DUMBO/Vinegar Hill,Weekday,18,22,22,15,7,139,194.5
66,Brooklyn,DUMBO/Vinegar Hill,Weekday,19,22,22,0,2,116,175.0
66,Brooklyn,DUMBO/Vinegar Hill,Weekday,20,22,22,7,3,117,171.0
66,Brooklyn,DUMBO/Vinegar Hill,Weekday,21,22,22,11,6,118,179.0
66,Brooklyn,DUMBO/Vinegar Hill,Weekday,22,22,22,13,10,85,140.0
66,Brooklyn,DUMBO/Vinegar Hill,Weekday,23,22,22,15,9,36,94.0
66,Brooklyn,DUMBO/Vinegar Hill,Weekend,0,8,8,5,6,90,124.0
66,Brooklyn,DUMBO/Vinegar Hill,Weekend,1,8,8,2,4,62,74.5
66,Brooklyn,DUMBO/Vinegar Hill,Weekend,2,8,8,5,4,36,45.5
66,Brooklyn,DUMBO/Vinegar Hill,Weekend,3,8,8,3,1,18,22.5
66,Brooklyn,DUMBO/Vinegar Hill,Weekend,4,8,8,2,5,11,14.0
66,Brooklyn,DUMBO/Vinegar Hill,Weekend,5,8,8,3,2,9,13.5
66,Brooklyn,DUMBO/Vinegar Hill,Weekend,6,8,8,1,1,20,27.0
66,Brooklyn,DUMBO/Vinegar Hill,Weekend,7,8,8,2,2,25,45.5
66,Brooklyn,DUMBO/Vinegar Hill,Weekend,8,8,8,1,2,40,53.0
66,Brooklyn,DUMBO/Vinegar Hill,Weekend,9,8,8,1,1,48,92.5
66,Brooklyn,DUMBO/Vinegar Hill,Weekend,10,8,8,1,1,51,120.0
66,Brooklyn,DUMBO/Vinegar Hill,Weekend,11,8,8,1,1,65,154.0
66,Brooklyn,DUMBO/Vinegar Hill,Weekend,12,8,8,1,2,54,193.0
66,Brooklyn,DUMBO/Vinegar Hill,Weekend,13,8,8,2,2,71,203.5
66,Brooklyn,DUMBO/Vinegar Hill,Weekend,14,8,8,5,3,133,221.5
66,Brooklyn,DUMBO/Vinegar Hill,Weekend,15,8,8,4,4,157,220.0
66,Brooklyn,DUMBO/Vinegar Hill,Weekend,16,8,8,4,3,165,224.0
66,Brooklyn,DUMBO/Vinegar Hill,Weekend,17,8,8,6,4,141,220.5
66,Brooklyn,DUMBO/Vinegar Hill,Weekend,18,8,8,5,4,137,206.5
66,Brooklyn,DUMBO/Vinegar Hill,Weekend,19,8,8,4,3,135,201.0
66,Brooklyn,DUMBO/Vinegar Hill,Weekend,20,8,8,5,5,138,172.5
66,Brooklyn,DUMBO/Vinegar Hill,Weekend,21,8,8,7,3,115,169.5
66,Brooklyn,DUMBO/Vinegar Hill,Weekend,22,8,8,7,7,85,162.0
66,Brooklyn,DUMBO/Vinegar Hill,Weekend,23,8,8,4,3,49,112.0
67,Brooklyn,Dyker Heights,Weekday,0,22,22,17,10,15,19.0
67,Brooklyn,Dyker Heights,Weekday,1,22,22,21,18,5,11.0
67,Brooklyn,Dyker Heights,Weekday,2,22,22,17,10,2,8.0
67,Brooklyn,Dyker Heights,Weekday,3,22,22,10,11,4,8.5
67,Brooklyn,Dyker Heights,Weekday,4,22,22,12,7,7,13.0
67,Brooklyn,Dyker Heights,Weekday,5,22,22,3,1,19,30.0
67,Brooklyn,Dyker Heights,Weekday,6,22,22,3,3,45,64.5
67,Brooklyn,Dyker Heights,Weekday,7,22,22,7,0,67,123.5
67,Brooklyn,Dyker Heights,Weekday,8,22,22,3,3,81,112.0
67,Brooklyn,Dyker Heights,Weekday,9,22,22,8,8,69,85.5
67,Brooklyn,Dyker Heights,Weekday,10,22,22,16,9,58,66.5
67,Brooklyn,Dyker Heights,Weekday,11,22,22,16,8,48,59.5
67,Brooklyn,Dyker Heights,Weekday,12,22,22,12,9,46,57.0
67,Brooklyn,Dyker Heights,Weekday,13,22,22,8,6,49,58.0
67,Brooklyn,Dyker Heights,Weekday,14,22,22,7,3,50,75.0
67,Brooklyn,Dyker Heights,Weekday,15,22,22,5,1,54,76.5
67,Brooklyn,Dyker Heights,Weekday,16,22,22,1,2,55,66.5
67,Brooklyn,Dyker Heights,Weekday,17,22,22,3,2,66,76.5
67,Brooklyn,Dyker Heights,Weekday,18,22,22,3,4,51,71.0
67,Brooklyn,Dyker Heights,Weekday,19,22,22,12,5,39,62.5
67,Brooklyn,Dyker Heights,Weekday,20,22,22,10,4,32,53.5
67,Brooklyn,Dyker Heights,Weekday,21,22,22,11,2,25,42.0
67,Brooklyn,Dyker Heights,Weekday,22,22,22,9,10,28,41.5
67,Brooklyn,Dyker Heights,Weekday,23,22,22,16,8,18,29.0
67,Brooklyn,Dyker Heights,Weekend,0,8,8,3,2,29,39.0
67,Brooklyn,Dyker Heights,Weekend,1,8,8,5,5,21,26.5
67,Brooklyn,Dyker Heights,Weekend,2,8,8,6,5,10,16.0
67,Brooklyn,Dyker Heights,Weekend,3,8,8,4,2,8,12.5
67,Brooklyn,Dyker Heights,Weekend,4,8,8,2,2,10,14.5
67,Brooklyn,Dyker Heights,Weekend,5,8,8,6,1,8,23.5
67,Brooklyn,Dyker Heights,Weekend,6,8,8,1,3,28,33.0
67,Brooklyn,Dyker Heights,Weekend,7,8,8,4,5,31,40.0
67,Brooklyn,Dyker Heights,Weekend,8,8,8,4,5,40,59.5
67,Brooklyn,Dyker Heights,Weekend,9,8,8,5,7,57,75.0
67,Brooklyn,Dyker Heights,Weekend,10,8,8,4,3,61,76.0
67,Brooklyn,Dyker Heights,Weekend,11,8,8,2,3,54,67.0
67,Brooklyn,Dyker Heights,Weekend,12,8,8,2,1,58,80.0
67,Brooklyn,Dyker Heights,Weekend,13,8,8,1,0,40,71.5
67,Brooklyn,Dyker Heights,Weekend,14,8,8,2,0,58,72.0
67,Brooklyn,Dyker Heights,Weekend,15,8,8,0,1,56,66.5
67,Brooklyn,Dyker Heights,Weekend,16,8,8,1,1,55,63.5
67,Brooklyn,Dyker Heights,Weekend,17,8,8,1,1,55,62.0
67,Brooklyn,Dyker Heights,Weekend,18,8,8,5,1,57,68.5
67,Brooklyn,Dyker Heights,Weekend,19,8,8,4,2,48,68.5
67,Brooklyn,Dyker Heights,Weekend,20,8,8,5,2,42,65.0
67,Brooklyn,Dyker Heights,Weekend,21,8,8,3,0,42,52.5
67,Brooklyn,Dyker Heights,Weekend,22,8,8,4,2,31,55.0
67,Brooklyn,Dyker Heights,Weekend,23,8,8,4,4,27,46.0
68,Manhattan,East Chelsea,Weekday,0,22,22,0,0,128,172.5
68,Manhattan,East Chelsea,Weekday,1,22,22,0,0,57,94.5
68,Manhattan,East Chelsea,Weekday,2,22,22,2,0,35,54.0
68,Manhattan,East Chelsea,Weekday,3,22,22,0,0,21,46.5
68,Manhattan,East Chelsea,Weekday,4,22,22,0,1,36,57.0
68,Manhattan,East Chelsea,Weekday,5,22,22,1,0,66,96.0
68,Manhattan,East Chelsea,Weekday,6,22,22,0,0,104,150.0
68,Manhattan,East Chelsea,Weekday,7,22,22,0,0,140,242.5
68,Manhattan,East Chelsea,Weekday,8,22,22,0,0,225,346.5
68,Manhattan,East Chelsea,Weekday,9,22,22,0,0,226,272.0
68,Manhattan,East Chelsea,Weekday,10,22,22,0,1,197,275.5
68,Manhattan,East Chelsea,Weekday,11,22,22,0,1,214,283.5
68,Manhattan,East Chelsea,Weekday,12,22,22,0,0,200,262.5
68,Manhattan,East Chelsea,Weekday,13,22,22,0,0,195,297.0
68,Manhattan,East Chelsea,Weekday,14,22,22,1,0,243,310.5
68,Manhattan,East Chelsea,Weekday,15,22,22,2,2,253,310.5
68,Manhattan,East Chelsea,Weekday,16,22,22,4,5,270,342.0
68,Manhattan,East Chelsea,Weekday,17,22,22,9,5,308,410.5
68,Manhattan,East Chelsea,Weekday,18,22,22,5,4,307,436.5
68,Manhattan,East Chelsea,Weekday,19,22,22,2,3,333,473.0
68,Manhattan,East Chelsea,Weekday,20,22,22,1,1,342,448.5
68,Manhattan,East Chelsea,Weekday,21,22,22,12,2,370,478.0
68,Manhattan,East Chelsea,Weekday,22,22,22,14,11,335,476.0
68,Manhattan,East Chelsea,Weekday,23,22,22,10,7,223,352.5
68,Manhattan,East Chelsea,Weekend,0,8,8,4,1,315,367.0
68,Manhattan,East Chelsea,Weekend,1,8,8,3,1,235,278.5
68,Manhattan,East Chelsea,Weekend,2,8,8,1,1,198,231.5
68,Manhattan,East Chelsea,Weekend,3,8,8,1,1,169,191.5
68,Manhattan,East Chelsea,Weekend,4,8,8,1,1,107,118.0
68,Manhattan,East Chelsea,Weekend,5,8,8,1,0,56,77.0
68,Manhattan,East Chelsea,Weekend,6,8,8,0,0,78,92.5
68,Manhattan,East Chelsea,Weekend,7,8,8,0,0,77,115.0
68,Manhattan,East Chelsea,Weekend,8,8,8,0,0,112,161.5
68,Manhattan,East Chelsea,Weekend,9,8,8,0,0,189,220.5
68,Manhattan,East Chelsea,Weekend,10,8,8,0,0,202,285.5
68,Manhattan,East Chelsea,Weekend,11,8,8,0,0,288,355.0
68,Manhattan,East Chelsea,Weekend,12,8,8,0,0,268,347.0
68,Manhattan,East Chelsea,Weekend,13,8,8,0,0,312,393.5
68,Manhattan,East Chelsea,Weekend,14,8,8,0,0,299,337.5
68,Manhattan,East Chelsea,Weekend,15,8,8,1,0,285,304.5
68,Manhattan,East Chelsea,Weekend,16,8,8,0,0,293,379.0
68,Manhattan,East Chelsea,Weekend,17,8,8,0,0,310,367.0
68,Manhattan,East Chelsea,Weekend,18,8,8,0,0,312,384.5
68,Manhattan,East Chelsea,Weekend,19,8,8,0,0,274,394.5
68,Manhattan,East Chelsea,Weekend,20,8,8,0,0,326,424.5
68,Manhattan,East Chelsea,Weekend,21,8,8,0,0,319,426.0
68,Manhattan,East Chelsea,Weekend,22,8,8,0,0,332,405.0
68,Manhattan,East Chelsea,Weekend,23,8,8,0,0,187,338.0
69,Bronx,East Concourse/Concourse Village,Weekday,0,22,22,16,6,61,95.0
69,Bronx,East Concourse/Concourse Village,Weekday,1,22,22,19,13,48,64.5
69,Bronx,East Concourse/Concourse Village,Weekday,2,22,22,13,17,25,32.0
69,Bronx,East Concourse/Concourse Village,Weekday,3,22,22,19,14,29,36.0
69,Bronx,East Concourse/Concourse Village,Weekday,4,22,22,21,19,29,40.5
69,Bronx,East Concourse/Concourse Village,Weekday,5,22,22,21,22,49,86.5
69,Bronx,East Concourse/Concourse Village,Weekday,6,22,22,18,22,127,158.5
69,Bronx,East Concourse/Concourse Village,Weekday,7,22,22,20,17,185,272.0
69,Bronx,East Concourse/Concourse Village,Weekday,8,22,22,11,14,239,291.5
69,Bronx,East Concourse/Concourse Village,Weekday,9,22,22,5,10,172,208.0
69,Bronx,East Concourse/Concourse Village,Weekday,10,22,22,12,13,136,160.0
69,Bronx,East Concourse/Concourse Village,Weekday,11,22,22,20,19,120,149.5
69,Bronx,East Concourse/Concourse Village,Weekday,12,22,22,22,22,118,156.0
69,Bronx,East Concourse/Concourse Village,Weekday,13,22,22,22,21,137,166.0
69,Bronx,East Concourse/Concourse Village,Weekday,14,22,22,20,22,116,189.0
69,Bronx,East Concourse/Concourse Village,Weekday,15,22,22,22,22,162,189.0
69,Bronx,East Concourse/Concourse Village,Weekday,16,22,22,22,22,168,202.0
69,Bronx,East Concourse/Concourse Village,Weekday,17,22,22,22,22,179,209.5
69,Bronx,East Concourse/Concourse Village,Weekday,18,22,22,22,21,148,180.5
69,Bronx,East Concourse/Concourse Village,Weekday,19,22,22,22,22,122,160.5
69,Bronx,East Concourse/Concourse Village,Weekday,20,22,22,22,19,129,162.5
69,Bronx,East Concourse/Concourse Village,Weekday,21,22,22,15,12,128,171.0
69,Bronx,East Concourse/Concourse Village,Weekday,22,22,22,17,17,116,159.0
69,Bronx,East Concourse/Concourse Village,Weekday,23,22,22,19,15,105,138.5
69,Bronx,East Concourse/Concourse Village,Weekend,0,8,8,5,5,139,176.5
69,Bronx,East Concourse/Concourse Village,Weekend,1,8,8,7,6,113,128.5
69,Bronx,East Concourse/Concourse Village,Weekend,2,8,8,5,5,77,83.5
69,Bronx,East Concourse/Concourse Village,Weekend,3,8,8,4,4,53,64.5
69,Bronx,East Concourse/Concourse Village,Weekend,4,8,8,3,4,41,54.5
69,Bronx,East Concourse/Concourse Village,Weekend,5,8,8,7,8,65,69.0
69,Bronx,East Concourse/Concourse Village,Weekend,6,8,8,7,7,79,88.0
69,Bronx,East Concourse/Concourse Village,Weekend,7,8,8,8,7,102,115.0
69,Bronx,East Concourse/Concourse Village,Weekend,8,8,8,7,5,116,147.0
69,Bronx,East Concourse/Concourse Village,Weekend,9,8,8,7,8,127,172.5
69,Bronx,East Concourse/Concourse Village,Weekend,10,8,8,8,6,155,166.5
69,Bronx,East Concourse/Concourse Village,Weekend,11,8,8,8,7,143,174.0
69,Bronx,East Concourse/Concourse Village,Weekend,12,8,8,8,8,151,159.0
69,Bronx,East Concourse/Concourse Village,Weekend,13,8,8,8,8,125,162.5
69,Bronx,East Concourse/Concourse Village,Weekend,14,8,8,8,8,167,188.0
69,Bronx,East Concourse/Concourse Village,Weekend,15,8,8,8,7,170,181.5
69,Bronx,East Concourse/Concourse Village,Weekend,16,8,8,8,8,155,184.5
69,Bronx,East Concourse/Concourse Village,Weekend,17,8,8,7,7,156,194.5
69,Bronx,East Concourse/Concourse Village,Weekend,18,8,8,8,8,157,199.5
69,Bronx,East Concourse/Concourse Village,Weekend,19,8,8,8,8,167,199.0
69,Bronx,East Concourse/Concourse Village,Weekend,20,8,8,8,8,175,223.0
69,Bronx,East Concourse/Concourse Village,Weekend,21,8,8,5,4,174,217.0
69,Bronx,East Concourse/Concourse Village,Weekend,22,8,8,5,5,155,194.5
69,Bronx,East Concourse/Concourse Village,Weekend,23,8,8,5,4,132,183.0
70,Queens,East Elmhurst,Weekday,0,22,22,22,19,21,29.5
70,Queens,East Elmhurst,Weekday,1,22,22,17,11,9,17.5
70,Queens,East Elmhurst,Weekday,2,22,22,13,9,8,15.0
70,Queens,East Elmhurst,Weekday,3,22,22,14,9,13,20.5
70,Queens,East Elmhurst,Weekday,4,22,22,0,0,26,35.5
70,Queens,East Elmhurst,Weekday,5,22,22,0,0,47,60.5
70,Queens,East Elmhurst,Weekday,6,22,22,0,0,66,92.5
70,Queens,East Elmhurst,Weekday,7,22,22,0,2,87,141.0
70,Queens,East Elmhurst,Weekday,8,22,22,3,3,94,125.5
70,Queens,East Elmhurst,Weekday,9,22,22,9,5,62,100.0
70,Queens,East Elmhurst,Weekday,10,22,22,16,12,69,80.5
70,Queens,East Elmhurst,Weekday,11,22,22,6,9,52,71.0
70,Queens,East Elmhurst,Weekday,12,22,22,2,1,50,68.0
70,Queens,East Elmhurst,Weekday,13,22,22,6,4,56,74.0
70,Queens,East Elmhurst,Weekday,14,22,22,4,1,66,82.0
70,Queens,East Elmhurst,Weekday,15,22,22,3,5,45,68.0
70,Queens,East Elmhurst,Weekday,16,22,22,9,3,48,72.0
70,Queens,East Elmhurst,Weekday,17,22,22,10,2,59,78.0
70,Queens,East Elmhurst,Weekday,18,22,22,15,16,56,71.0
70,Queens,East Elmhurst,Weekday,19,22,22,19,20,45,59.5
70,Queens,East Elmhurst,Weekday,20,22,22,21,22,43,58.0
70,Queens,East Elmhurst,Weekday,21,22,22,22,22,42,56.5
70,Queens,East Elmhurst,Weekday,22,22,22,22,21,36,52.0
70,Queens,East Elmhurst,Weekday,23,22,22,22,21,23,42.0
70,Queens,East Elmhurst,Weekend,0,8,8,7,6,51,56.5
70,Queens,East Elmhurst,Weekend,1,8,8,5,0,34,46.5
70,Queens,East Elmhurst,Weekend,2,8,8,7,4,26,35.5
70,Queens,East Elmhurst,Weekend,3,8,8,3,2,21,38.5
70,Queens,East Elmhurst,Weekend,4,8,8,0,3,33,38.0
70,Queens,East Elmhurst,Weekend,5,8,8,0,0,41,52.0
70,Queens,East Elmhurst,Weekend,6,8,8,1,0,40,53.0
70,Queens,East Elmhurst,Weekend,7,8,8,0,1,58,83.0
70,Queens,East Elmhurst,Weekend,8,8,8,3,0,57,81.0
70,Queens,East Elmhurst,Weekend,9,8,8,1,1,74,90.5
70,Queens,East Elmhurst,Weekend,10,8,8,2,3,66,89.5
70,Queens,East Elmhurst,Weekend,11,8,8,3,1,67,92.5
70,Queens,East Elmhurst,Weekend,12,8,8,1,1,77,81.0
70,Queens,East Elmhurst,Weekend,13,8,8,0,1,87,100.0
70,Queens,East Elmhurst,Weekend,14,8,8,1,2,77,88.0
70,Queens,East Elmhurst,Weekend,15,8,8,3,4,60,86.5
70,Queens,East Elmhurst,Weekend,16,8,8,5,3,70,80.0
70,Queens,East Elmhurst,Weekend,17,8,8,7,4,59,83.0
70,Queens,East Elmhurst,Weekend,18,8,8,7,5,71,78.0
70,Queens,East Elmhurst,Weekend,19,8,8,7,7,58,90.0
70,Queens,East Elmhurst,Weekend,20,8,8,8,8,74,91.0
70,Queens,East Elmhurst,Weekend,21,8,8,8,7,81,93.5
70,Queens,East Elmhurst,Weekend,22,8,8,8,7,60,83.5
70,Queens,East Elmhurst,Weekend,23,8,8,8,8,48,70.0
71,Brooklyn,East Flatbush/Farragut,Weekday,0,22,22,16,6,45,68.0
71,Brooklyn,East Flatbush/Farragut,Weekday,1,22,22,17,13,24,38.0
71,Brooklyn,East Flatbush/Farragut,Weekday,2,22,22,19,16,20,34.0
71,Brooklyn,East Flatbush/Farragut,Weekday,3,22,22,21,15,25,35.5
71,Brooklyn,East Flatbush/Farragut,Weekday,4,22,22,21,19,29,43.0
71,Brooklyn,East Flatbush/Farragut,Weekday,5,22,22,22,20,58,67.5
71,Brooklyn,East Flatbush/Farragut,Weekday,6,22,22,21,21,89,142.0
71,Brooklyn,East Flatbush/Farragut,Weekday,7,22,22,21,16,124,197.5
71,Brooklyn,East Flatbush/Farragut,Weekday,8,22,22,18,13,165,214.0
71,Brooklyn,East Flatbush/Farragut,Weekday,9,22,22,20,15,140,169.0
71,Brooklyn,East Flatbush/Farragut,Weekday,10,22,22,21,13,104,126.5
71,Brooklyn,East Flatbush/Farragut,Weekday,11,22,22,21,9,93,113.0
71,Brooklyn,East Flatbush/Farragut,Weekday,12,22,22,15,11,83,117.0
71,Brooklyn,East Flatbush/Farragut,Weekday,13,22,22,21,17,98,134.5
71,Brooklyn,East Flatbush/Farragut,Weekday,14,22,22,20,15,114,159.5
71,Brooklyn,East Flatbush/Farragut,Weekday,15,22,22,12,6,121,154.0
71,Brooklyn,East Flatbush/Farragut,Weekday,16,22,22,12,6,134,164.5
71,Brooklyn,East Flatbush/Farragut,Weekday,17,22,22,16,8,118,156.5
71,Brooklyn,East Flatbush/Farragut,Weekday,18,22,22,17,11,102,140.5
71,Brooklyn,East Flatbush/Farragut,Weekday,19,22,22,18,12,84,128.0
71,Brooklyn,East Flatbush/Farragut,Weekday,20,22,22,16,5,80,114.0
71,Brooklyn,East Flatbush/Farragut,Weekday,21,22,22,10,3,68,113.5
71,Brooklyn,East Flatbush/Farragut,Weekday,22,22,22,11,9,85,113.0
71,Brooklyn,East Flatbush/Farragut,Weekday,23,22,22,14,10,77,103.5
71,Brooklyn,East Flatbush/Farragut,Weekend,0,8,8,0,1,103,123.5
71,Brooklyn,East Flatbush/Farragut,Weekend,1,8,8,3,0,63,90.0
71,Brooklyn,East Flatbush/Farragut,Weekend,2,8,8,4,3,54,76.0
71,Brooklyn,East Flatbush/Farragut,Weekend,3,8,8,2,1,46,59.5
71,Brooklyn,East Flatbush/Farragut,Weekend,4,8,8,6,3,44,56.0
71,Brooklyn,East Flatbush/Farragut,Weekend,5,8,8,8,8,52,61.0
71,Brooklyn,East Flatbush/Farragut,Weekend,6,8,8,8,8,65,80.5
71,Brooklyn,East Flatbush/Farragut,Weekend,7,8,8,8,7,90,101.0
71,Brooklyn,East Flatbush/Farragut,Weekend,8,8,8,8,7,105,123.5
71,Brooklyn,East Flatbush/Farragut,Weekend,9,8,8,8,7,133,148.5
71,Brooklyn,East Flatbush/Farragut,Weekend,10,8,8,8,6,150,178.0
71,Brooklyn,East Flatbush/Farragut,Weekend,11,8,8,8,5,133,160.5
71,Brooklyn,East Flatbush/Farragut,Weekend,12,8,8,8,5,140,161.5
71,Brooklyn,East Flatbush/Farragut,Weekend,13,8,8,8,8,142,163.5
71,Brooklyn,East Flatbush/Farragut,Weekend,14,8,8,8,8,142,174.0
71,Brooklyn,East Flatbush/Farragut,Weekend,15,8,8,5,6,128,156.5
71,Brooklyn,East Flatbush/Farragut,Weekend,16,8,8,3,3,135,160.0
71,Brooklyn,East Flatbush/Farragut,Weekend,17,8,8,4,4,98,130.5
71,Brooklyn,East Flatbush/Farragut,Weekend,18,8,8,7,4,111,153.5
71,Brooklyn,East Flatbush/Farragut,Weekend,19,8,8,8,6,136,157.5
71,Brooklyn,East Flatbush/Farragut,Weekend,20,8,8,8,5,128,157.5
71,Brooklyn,East Flatbush/Farragut,Weekend,21,8,8,6,4,108,172.5
71,Brooklyn,East Flatbush/Farragut,Weekend,22,8,8,6,3,123,169.0
71,Brooklyn,East Flatbush/Farragut,Weekend,23,8,8,3,3,101,150.0
72,Brooklyn,East Flatbush/Remsen Village,Weekday,0,22,22,17,7,69,83.5
72,Brooklyn,East Flatbush/Remsen Village,Weekday,1,22,22,22,16,36,50.0
72,Brooklyn,East Flatbush/Remsen Village,Weekday,2,22,22,21,15,30,44.5
72,Brooklyn,East Flatbush/Remsen Village,Weekday,3,22,22,22,20,26,43.5
72,Brooklyn,East Flatbush/Remsen Village,Weekday,4,22,22,22,22,46,57.5
72,Brooklyn,East Flatbush/Remsen Village,Weekday,5,22,22,22,22,56,80.0
72,Brooklyn,East Flatbush/Remsen Village,Weekday,6,22,22,22,22,127,152.5
72,Brooklyn,East Flatbush/Remsen Village,Weekday,7,22,22,22,22,166,210.5
72,Brooklyn,East Flatbush/Remsen Village,Weekday,8,22,22,22,22,219,253.0
72,Brooklyn,East Flatbush/Remsen Village,Weekday,9,22,22,22,22,167,196.0
72,Brooklyn,East Flatbush/Remsen Village,Weekday,10,22,22,22,19,124,152.5
72,Brooklyn,East Flatbush/Remsen Village,Weekday,11,22,22,22,19,100,141.0
72,Brooklyn,East Flatbush/Remsen Village,Weekday,12,22,22,22,18,103,140.0
72,Brooklyn,East Flatbush/Remsen Village,Weekday,13,22,22,22,20,127,159.5
72,Brooklyn,East Flatbush/Remsen Village,Weekday,14,22,22,22,20,130,184.5
72,Brooklyn,East Flatbush/Remsen Village,Weekday,15,22,22,21,15,155,187.5
72,Brooklyn,East Flatbush/Remsen Village,Weekday,16,22,22,20,14,135,175.0
72,Brooklyn,East Flatbush/Remsen Village,Weekday,17,22,22,21,14,139,185.0
72,Brooklyn,East Flatbush/Remsen Village,Weekday,18,22,22,17,8,120,164.0
72,Brooklyn,East Flatbush/Remsen Village,Weekday,19,22,22,22,12,129,145.5
72,Brooklyn,East Flatbush/Remsen Village,Weekday,20,22,22,20,11,115,148.0
72,Brooklyn,East Flatbush/Remsen Village,Weekday,21,22,22,14,8,104,139.0
72,Brooklyn,East Flatbush/Remsen Village,Weekday,22,22,22,18,12,102,139.0
72,Brooklyn,East Flatbush/Remsen Village,Weekday,23,22,22,19,11,94,123.0
72,Brooklyn,East Flatbush/Remsen Village,Weekend,0,8,8,4,4,139,163.5
72,Brooklyn,East Flatbush/Remsen Village,Weekend,1,8,8,5,5,79,117.5
72,Brooklyn,East Flatbush/Remsen Village,Weekend,2,8,8,5,6,71,88.0
72,Brooklyn,East Flatbush/Remsen Village,Weekend,3,8,8,7,4,64,77.5
72,Brooklyn,East Flatbush/Remsen Village,Weekend,4,8,8,6,6,66,84.0
72,Brooklyn,East Flatbush/Remsen Village,Weekend,5,8,8,8,8,68,82.5
72,Brooklyn,East Flatbush/Remsen Village,Weekend,6,8,8,8,8,100,115.0
72,Brooklyn,East Flatbush/Remsen Village,Weekend,7,8,8,8,8,114,146.0
72,Brooklyn,East Flatbush/Remsen Village,Weekend,8,8,8,8,8,125,160.0
72,Brooklyn,East Flatbush/Remsen Village,Weekend,9,8,8,8,8,156,179.0
72,Brooklyn,East Flatbush/Remsen Village,Weekend,10,8,8,8,8,173,189.0
72,Brooklyn,East Flatbush/Remsen Village,Weekend,11,8,8,8,8,164,188.5
72,Brooklyn,East Flatbush/Remsen Village,Weekend,12,8,8,8,8,149,166.5
72,Brooklyn,East Flatbush/Remsen Village,Weekend,13,8,8,8,8,138,179.5
72,Brooklyn,East Flatbush/Remsen Village,Weekend,14,8,8,8,7,162,198.5
72,Brooklyn,East Flatbush/Remsen Village,Weekend,15,8,8,8,8,159,205.0
72,Brooklyn,East Flatbush/Remsen Village,Weekend,16,8,8,7,6,152,185.5
72,Brooklyn,East Flatbush/Remsen Village,Weekend,17,8,8,7,7,133,171.5
72,Brooklyn,East Flatbush/Remsen Village,Weekend,18,8,8,7,5,139,181.5
72,Brooklyn,East Flatbush/Remsen Village,Weekend,19,8,8,8,6,143,209.5
72,Brooklyn,East Flatbush/Remsen Village,Weekend,20,8,8,8,6,160,190.5
72,Brooklyn,East Flatbush/Remsen Village,Weekend,21,8,8,7,6,172,186.5
72,Brooklyn,East Flatbush/Remsen Village,Weekend,22,8,8,7,6,126,182.5
72,Brooklyn,East Flatbush/Remsen Village,Weekend,23,8,8,7,5,114,178.0
73,Queens,East Flushing,Weekday,0,22,22,20,19,6,11.0
73,Queens,East Flushing,Weekday,1,22,22,17,11,5,10.0
73,Queens,East Flushing,Weekday,2,22,22,19,14,3,7.0
73,Queens,East Flushing,Weekday,3,22,22,18,14,3,7.5
73,Queens,East Flushing,Weekday,4,22,22,12,14,4,9.0
73,Queens,East Flushing,Weekday,5,22,22,11,9,15,22.0
73,Queens,East Flushing,Weekday,6,22,22,9,12,22,38.0
73,Queens,East Flushing,Weekday,7,22,22,7,7,39,62.5
73,Queens,East Flushing,Weekday,8,22,22,7,7,49,60.0
73,Queens,East Flushing,Weekday,9,22,22,12,10,36,50.0
73,Queens,East Flushing,Weekday,10,22,22,15,8,29,40.5
73,Queens,East Flushing,Weekday,11,22,22,13,9,27,36.0
73,Queens,East Flushing,Weekday,12,22,22,13,9,23,30.0
73,Queens,East Flushing,Weekday,13,22,22,12,9,20,34.0
73,Queens,East Flushing,Weekday,14,22,22,9,8,24,33.0
73,Queens,East Flushing,Weekday,15,22,22,6,4,23,34.5
73,Queens,East Flushing,Weekday,16,22,22,16,10,25,34.5
73,Queens,East Flushing,Weekday,17,22,22,14,13,22,31.0
73,Queens,East Flushing,Weekday,18,22,22,14,8,19,30.0
73,Queens,East Flushing,Weekday,19,22,22,15,14,26,33.5
73,Queens,East Flushing,Weekday,20,22,22,16,11,21,28.0
73,Queens,East Flushing,Weekday,21,22,22,11,12,13,27.5
73,Queens,East Flushing,Weekday,22,22,22,18,16,16,25.0
73,Queens,East Flushing,Weekday,23,22,22,15,13,15,21.5
73,Queens,East Flushing,Weekend,0,8,8,3,3,19,23.0
73,Queens,East Flushing,Weekend,1,8,8,7,6,10,18.0
73,Queens,East Flushing,Weekend,2,8,8,4,6,7,11.0
73,Queens,East Flushing,Weekend,3,8,8,4,3,7,13.0
73,Queens,East Flushing,Weekend,4,8,8,2,3,10,13.0
73,Queens,East Flushing,Weekend,5,8,8,2,2,8,13.0
73,Queens,East Flushing,Weekend,6,8,8,7,6,21,23.5
73,Queens,East Flushing,Weekend,7,8,8,5,3,22,30.0
73,Queens,East Flushing,Weekend,8,8,8,4,4,29,33.0
73,Queens,East Flushing,Weekend,9,8,8,5,5,29,39.0
73,Queens,East Flushing,Weekend,10,8,8,3,1,29,40.0
73,Queens,East Flushing,Weekend,11,8,8,3,0,34,43.5
73,Queens,East Flushing,Weekend,12,8,8,3,2,27,38.0
73,Queens,East Flushing,Weekend,13,8,8,0,1,34,42.0
73,Queens,East Flushing,Weekend,14,8,8,3,3,29,43.5
73,Queens,East Flushing,Weekend,15,8,8,2,3,30,44.5
73,Queens,East Flushing,Weekend,16,8,8,1,4,23,33.0
73,Queens,East Flushing,Weekend,17,8,8,3,5,24,34.0
73,Queens,East Flushing,Weekend,18,8,8,5,1,17,33.5
73,Queens,East Flushing,Weekend,19,8,8,5,4,35,44.0
73,Queens,East Flushing,Weekend,20,8,8,5,6,31,37.5
73,Queens,East Flushing,Weekend,21,8,8,8,7,26,32.5
73,Queens,East Flushing,Weekend,22,8,8,8,7,22,34.5
73,Queens,East Flushing,Weekend,23,8,8,6,6,17,30.0
74,Manhattan,East Harlem North,Weekday,0,22,22,16,4,100,137.0
74,Manhattan,East Harlem North,Weekday,1,22,22,13,8,48,74.0
74,Manhattan,East Harlem North,Weekday,2,22,22,13,9,31,47.0
74,Manhattan,East Harlem North,Weekday,3,22,22,16,14,36,46.5
74,Manhattan,East Harlem North,Weekday,4,22,22,21,17,47,60.0
74,Manhattan,East Harlem North,Weekday,5,22,22,22,21,79,97.0
74,Manhattan,East Harlem North,Weekday,6,22,22,22,20,158,189.5
74,Manhattan,East Harlem North,Weekday,7,22,22,20,19,218,310.5
74,Manhattan,East Harlem North,Weekday,8,22,22,20,18,275,314.5
74,Manhattan,East Harlem North,Weekday,9,22,22,21,16,224,247.5
74,Manhattan,East Harlem North,Weekday,10,22,22,17,10,180,195.0
74,Manhattan,East Harlem North,Weekday,11,22,22,21,10,145,182.0
74,Manhattan,East Harlem North,Weekday,12,22,22,22,16,153,187.5
74,Manhattan,East Harlem North,Weekday,13,22,22,22,15,156,191.0
74,Manhattan,East Harlem North,Weekday,14,22,22,22,21,184,223.0
74,Manhattan,East Harlem North,Weekday,15,22,22,22,19,166,219.5
74,Manhattan,East Harlem North,Weekday,16,22,22,22,20,193,240.0
74,Manhattan,East Harlem North,Weekday,17,22,22,22,20,215,255.5
74,Manhattan,East Harlem North,Weekday,18,22,22,22,18,196,263.0
74,Manhattan,East Harlem North,Weekday,19,22,22,22,17,197,238.5
74,Manhattan,East Harlem North,Weekday,20,22,22,22,16,198,235.0
74,Manhattan,East Harlem North,Weekday,21,22,22,20,13,186,228.0
74,Manhattan,East Harlem North,Weekday,22,22,22,18,16,175,231.5
74,Manhattan,East Harlem North,Weekday,23,22,22,22,15,153,204.0
74,Manhattan,East Harlem North,Weekend,0,8,8,7,7,208,239.5
74,Manhattan,East Harlem North,Weekend,1,8,8,8,4,166,181.0
74,Manhattan,East Harlem North,Weekend,2,8,8,3,2,110,129.0
74,Manhattan,East Harlem North,Weekend,3,8,8,0,1,75,93.5
74,Manhattan,East Harlem North,Weekend,4,8,8,1,1,75,96.0
74,Manhattan,East Harlem North,Weekend,5,8,8,8,6,72,102.0
74,Manhattan,East Harlem North,Weekend,6,8,8,8,6,124,127.0
74,Manhattan,East Harlem North,Weekend,7,8,8,6,4,133,162.5
74,Manhattan,East Harlem North,Weekend,8,8,8,4,3,164,181.0
74,Manhattan,East Harlem North,Weekend,9,8,8,5,2,200,219.5
74,Manhattan,East Harlem North,Weekend,10,8,8,6,3,185,233.0
74,Manhattan,East Harlem North,Weekend,11,8,8,7,3,194,250.5
74,Manhattan,East Harlem North,Weekend,12,8,8,8,7,211,238.0
74,Manhattan,East Harlem North,Weekend,13,8,8,8,7,207,258.0
74,Manhattan,East Harlem North,Weekend,14,8,8,8,8,250,272.0
74,Manhattan,East Harlem North,Weekend,15,8,8,8,7,255,286.0
74,Manhattan,East Harlem North,Weekend,16,8,8,8,8,246,304.5
74,Manhattan,East Harlem North,Weekend,17,8,8,8,7,235,264.5
74,Manhattan,East Harlem North,Weekend,18,8,8,8,6,244,280.0
74,Manhattan,East Harlem North,Weekend,19,8,8,7,6,221,287.5
74,Manhattan,East Harlem North,Weekend,20,8,8,8,5,254,306.5
74,Manhattan,East Harlem North,Weekend,21,8,8,6,4,240,290.0
74,Manhattan,East Harlem North,Weekend,22,8,8,5,4,222,284.0
74,Manhattan,East Harlem North,Weekend,23,8,8,4,3,170,254.5
75,Manhattan,East Harlem South,Weekday,0,22,22,12,4,64,83.0
75,Manhattan,East Harlem South,Weekday,1,22,22,8,5,38,53.5
75,Manhattan,East Harlem South,Weekday,2,22,22,11,6,22,37.0
75,Manhattan,East Harlem South,Weekday,3,22,22,13,14,25,41.0
75,Manhattan,East Harlem South,Weekday,4,22,22,17,14,44,54.5
75,Manhattan,East Harlem South,Weekday,5,22,22,22,19,67,88.5
75,Manhattan,East Harlem South,Weekday,6,22,22,21,16,137,179.0
75,Manhattan,East Harlem South,Weekday,7,22,22,11,9,218,281.0
75,Manhattan,East Harlem South,Weekday,8,22,22,18,19,227,270.5
75,Manhattan,East Harlem South,Weekday,9,22,22,14,10,183,229.5
75,Manhattan,East Harlem South,Weekday,10,22,22,9,11,193,210.0
75,Manhattan,East Harlem South,Weekday,11,22,22,14,14,180,208.5
75,Manhattan,East Harlem South,Weekday,12,22,22,19,17,173,202.5
75,Manhattan,East Harlem South,Weekday,13,22,22,17,14,169,204.0
75,Manhattan,East Harlem South,Weekday,14,22,22,21,17,190,235.5
75,Manhattan,East Harlem South,Weekday,15,22,22,21,15,217,254.5
75,Manhattan,East Harlem South,Weekday,16,22,22,22,20,220,257.5
75,Manhattan,East Harlem South,Weekday,17,22,22,22,19,221,273.0
75,Manhattan,East Harlem South,Weekday,18,22,22,21,14,196,244.5
75,Manhattan,East Harlem South,Weekday,19,22,22,20,14,188,236.5
75,Manhattan,East Harlem South,Weekday,20,22,22,22,16,162,200.5
75,Manhattan,East Harlem South,Weekday,21,22,22,19,11,146,197.0
75,Manhattan,East Harlem South,Weekday,22,22,22,11,8,141,177.0
75,Manhattan,East Harlem South,Weekday,23,22,22,15,7,135,155.5
75,Manhattan,East Harlem South,Weekend,0,8,8,5,5,122,160.5
75,Manhattan,East Harlem South,Weekend,1,8,8,1,3,88,108.5
75,Manhattan,East Harlem South,Weekend,2,8,8,0,2,65,77.0
75,Manhattan,East Harlem South,Weekend,3,8,8,0,2,49,56.5
75,Manhattan,East Harlem South,Weekend,4,8,8,0,1,56,65.5
75,Manhattan,East Harlem South,Weekend,5,8,8,2,2,55,80.5
75,Manhattan,East Harlem South,Weekend,6,8,8,3,1,98,111.5
75,Manhattan,East Harlem South,Weekend,7,8,8,1,0,165,181.5
75,Manhattan,East Harlem South,Weekend,8,8,8,5,2,134,166.5
75,Manhattan,East Harlem South,Weekend,9,8,8,6,2,158,177.0
75,Manhattan,East Harlem South,Weekend,10,8,8,4,2,171,193.5
75,Manhattan,East Harlem South,Weekend,11,8,8,6,2,159,199.0
75,Manhattan,East Harlem South,Weekend,12,8,8,7,6,159,189.5
75,Manhattan,East Harlem South,Weekend,13,8,8,8,7,183,201.5
75,Manhattan,East Harlem South,Weekend,14,8,8,8,6,176,191.0
75,Manhattan,East Harlem South,Weekend,15,8,8,8,8,180,218.5
75,Manhattan,East Harlem South,Weekend,16,8,8,7,7,168,205.0
75,Manhattan,East Harlem South,Weekend,17,8,8,8,7,189,210.5
75,Manhattan,East Harlem South,Weekend,18,8,8,6,3,162,217.0
75,Manhattan,East Harlem South,Weekend,19,8,8,4,4,183,238.0
75,Manhattan,East Harlem South,Weekend,20,8,8,5,4,174,205.5
75,Manhattan,East Harlem South,Weekend,21,8,8,5,3,152,207.5
75,Manhattan,East Harlem South,Weekend,22,8,8,3,3,149,213.0
75,Manhattan,East Harlem South,Weekend,23,8,8,3,4,134,197.0
76,Brooklyn,East New York,Weekday,0,22,22,22,14,143,190.5
76,Brooklyn,East New York,Weekday,1,22,22,19,19,70,115.0
76,Brooklyn,East New York,Weekday,2,22,22,21,21,65,82.5
76,Brooklyn,East New York,Weekday,3,22,22,22,19,67,89.0
76,Brooklyn,East New York,Weekday,4,22,22,21,16,104,122.5
76,Brooklyn,East New York,Weekday,5,22,22,10,7,196,239.0
76,Brooklyn,East New York,Weekday,6,22,22,18,15,304,396.0
76,Brooklyn,East New York,Weekday,7,22,22,22,22,414,602.0
76,Brooklyn,East New York,Weekday,8,22,22,17,16,448,566.0
76,Brooklyn,East New York,Weekday,9,22,22,20,18,360,403.0
76,Brooklyn,East New York,Weekday,10,22,22,22,16,259,314.0
76,Brooklyn,East New York,Weekday,11,22,22,22,13,260,304.5
76,Brooklyn,East New York,Weekday,12,22,22,21,12,250,315.5
76,Brooklyn,East New York,Weekday,13,22,22,19,15,269,369.5
76,Brooklyn,East New York,Weekday,14,22,22,12,8,331,412.5
76,Brooklyn,East New York,Weekday,15,22,22,12,5,352,424.0
76,Brooklyn,East New York,Weekday,16,22,22,12,5,404,458.0
76,Brooklyn,East New York,Weekday,17,22,22,8,2,392,493.0
76,Brooklyn,East New York,Weekday,18,22,22,8,5,350,425.0
76,Brooklyn,East New York,Weekday,19,22,22,21,14,320,373.5
76,Brooklyn,East New York,Weekday,20,22,22,21,17,290,375.5
76,Brooklyn,East New York,Weekday,21,22,22,17,13,277,337.5
76,Brooklyn,East New York,Weekday,22,22,22,18,15,283,336.5
76,Brooklyn,East New York,Weekday,23,22,22,20,16,222,282.0
76,Brooklyn,East New York,Weekend,0,8,8,4,4,295,330.0
76,Brooklyn,East New York,Weekend,1,8,8,5,4,214,224.0
76,Brooklyn,East New York,Weekend,2,8,8,6,6,138,170.0
76,Brooklyn,East New York,Weekend,3,8,8,8,8,119,163.5
76,Brooklyn,East New York,Weekend,4,8,8,5,5,130,150.0
76,Brooklyn,East New York,Weekend,5,8,8,8,7,151,168.5
76,Brooklyn,East New York,Weekend,6,8,8,6,5,198,229.0
76,Brooklyn,East New York,Weekend,7,8,8,7,4,218,263.0
76,Brooklyn,East New York,Weekend,8,8,8,7,5,267,301.5
76,Brooklyn,East New York,Weekend,9,8,8,8,6,324,344.0
76,Brooklyn,East New York,Weekend,10,8,8,7,4,323,375.5
76,Brooklyn,East New York,Weekend,11,8,8,7,6,351,399.0
76,Brooklyn,East New York,Weekend,12,8,8,6,5,345,401.5
76,Brooklyn,East New York,Weekend,13,8,8,4,6,369,448.5
76,Brooklyn,East New York,Weekend,14,8,8,4,3,369,449.5
76,Brooklyn,East New York,Weekend,15,8,8,5,6,396,498.0
76,Brooklyn,East New York,Weekend,16,8,8,2,1,341,461.5
76,Brooklyn,East New York,Weekend,17,8,8,6,3,354,430.5
76,Brooklyn,East New York,Weekend,18,8,8,6,3,330,435.5
76,Brooklyn,East New York,Weekend,19,8,8,8,8,374,442.0
76,Brooklyn,East New York,Weekend,20,8,8,8,8,376,449.0
76,Brooklyn,East New York,Weekend,21,8,8,8,8,352,421.0
76,Brooklyn,East New York,Weekend,22,8,8,8,8,306,419.0
76,Brooklyn,East New York,Weekend,23,8,8,8,8,281,360.0
77,Brooklyn,East New York/Pennsylvania Avenue,Weekday,0,22,22,15,5,40,56.0
77,Brooklyn,East New York/Pennsylvania Avenue,Weekday,1,22,22,16,8,22,34.0
77,Brooklyn,East New York/Pennsylvania Avenue,Weekday,2,22,22,16,14,17,26.0
77,Brooklyn,East New York/Pennsylvania Avenue,Weekday,3,22,22,20,16,15,24.0
77,Brooklyn,East New York/Pennsylvania Avenue,Weekday,4,22,22,20,16,19,30.5
77,Brooklyn,East New York/Pennsylvania Avenue,Weekday,5,22,22,22,19,33,52.0
77,Brooklyn,East New York/Pennsylvania Avenue,Weekday,6,22,22,22,21,51,83.5
77,Brooklyn,East New York/Pennsylvania Avenue,Weekday,7,22,22,21,20,74,126.0
77,Brooklyn,East New York/Pennsylvania Avenue,Weekday,8,22,22,19,17,105,129.0
77,Brooklyn,East New York/Pennsylvania Avenue,Weekday,9,22,22,22,20,85,102.5
77,Brooklyn,East New York/Pennsylvania Avenue,Weekday,10,22,22,22,19,67,81.5
77,Brooklyn,East New York/Pennsylvania Avenue,Weekday,11,22,22,22,20,48,71.5
77,Brooklyn,East New York/Pennsylvania Avenue,Weekday,12,22,22,21,17,52,78.5
77,Brooklyn,East New York/Pennsylvania Avenue,Weekday,13,22,22,21,18,70,86.5
77,Brooklyn,East New York/Pennsylvania Avenue,Weekday,14,22,22,16,11,63,101.5
77,Brooklyn,East New York/Pennsylvania Avenue,Weekday,15,22,22,13,7,73,104.5
77,Brooklyn,East New York/Pennsylvania Avenue,Weekday,16,22,22,10,9,72,115.5
77,Brooklyn,East New York/Pennsylvania Avenue,Weekday,17,22,22,12,11,86,114.0
77,Brooklyn,East New York/Pennsylvania Avenue,Weekday,18,22,22,12,8,83,105.5
77,Brooklyn,East New York/Pennsylvania Avenue,Weekday,19,22,22,21,12,68,84.5
77,Brooklyn,East New York/Pennsylvania Avenue,Weekday,20,22,22,21,14,66,88.0
77,Brooklyn,East New York/Pennsylvania Avenue,Weekday,21,22,22,13,9,63,87.0
77,Brooklyn,East New York/Pennsylvania Avenue,Weekday,22,22,22,16,14,56,85.0
77,Brooklyn,East New York/Pennsylvania Avenue,Weekday,23,22,22,15,12,53,74.0
77,Brooklyn,East New York/Pennsylvania Avenue,Weekend,0,8,8,4,4,85,102.5
77,Brooklyn,East New York/Pennsylvania Avenue,Weekend,1,8,8,3,2,62,74.5
77,Brooklyn,East New York/Pennsylvania Avenue,Weekend,2,8,8,3,3,50,58.0
77,Brooklyn,East New York/Pennsylvania Avenue,Weekend,3,8,8,6,6,33,68.5
77,Brooklyn,East New York/Pennsylvania Avenue,Weekend,4,8,8,5,5,30,45.0
77,Brooklyn,East New York/Pennsylvania Avenue,Weekend,5,8,8,7,7,33,41.0
77,Brooklyn,East New York/Pennsylvania Avenue,Weekend,6,8,8,8,7,49,61.5
77,Brooklyn,East New York/Pennsylvania Avenue,Weekend,7,8,8,8,5,69,74.0
77,Brooklyn,East New York/Pennsylvania Avenue,Weekend,8,8,8,8,7,53,76.0
77,Brooklyn,East New York/Pennsylvania Avenue,Weekend,9,8,8,8,6,81,101.0
77,Brooklyn,East New York/Pennsylvania Avenue,Weekend,10,8,8,7,7,83,98.5
77,Brooklyn,East New York/Pennsylvania Avenue,Weekend,11,8,8,6,6,88,102.5
77,Brooklyn,East New York/Pennsylvania Avenue,Weekend,12,8,8,6,5,82,92.0
77,Brooklyn,East New York/Pennsylvania Avenue,Weekend,13,8,8,7,7,80,112.5
77,Brooklyn,East New York/Pennsylvania Avenue,Weekend,14,8,8,6,7,103,121.5
77,Brooklyn,East New York/Pennsylvania Avenue,Weekend,15,8,8,7,6,91,114.0
77,Brooklyn,East New York/Pennsylvania Avenue,Weekend,16,8,8,5,4,99,115.5
77,Brooklyn,East New York/Pennsylvania Avenue,Weekend,17,8,8,4,3,82,103.0
77,Brooklyn,East New York/Pennsylvania Avenue,Weekend,18,8,8,5,2,83,93.0
77,Brooklyn,East New York/Pennsylvania Avenue,Weekend,19,8,8,7,5,82,108.5
77,Brooklyn,East New York/Pennsylvania Avenue,Weekend,20,8,8,8,8,83,109.0
77,Brooklyn,East New York/Pennsylvania Avenue,Weekend,21,8,8,7,7,83,103.0
77,Brooklyn,East New York/Pennsylvania Avenue,Weekend,22,8,8,8,7,95,114.0
77,Brooklyn,East New York/Pennsylvania Avenue,Weekend,23,8,8,7,7,71,105.0
78,Bronx,East Tremont,Weekday,0,22,22,13,10,63,86.0
78,Bronx,East Tremont,Weekday,1,22,22,19,17,31,49.5
78,Bronx,East Tremont,Weekday,2,22,22,19,17,20,33.0
78,Bronx,East Tremont,Weekday,3,22,22,16,13,22,35.0
78,Bronx,East Tremont,Weekday,4,22,22,19,15,28,42.0
78,Bronx,East Tremont,Weekday,5,22,22,20,21,55,68.5
78,Bronx,East Tremont,Weekday,6,22,22,21,22,113,142.0
78,Bronx,East Tremont,Weekday,7,22,22,21,22,167,201.0
78,Bronx,East Tremont,Weekday,8,22,22,22,22,204,254.5
78,Bronx,East Tremont,Weekday,9,22,22,13,12,159,193.0
78,Bronx,East Tremont,Weekday,10,22,22,14,14,109,152.0
78,Bronx,East Tremont,Weekday,11,22,22,18,13,112,137.5
78,Bronx,East Tremont,Weekday,12,22,22,16,14,91,135.5
78,Bronx,East Tremont,Weekday,13,22,22,18,16,116,152.0
78,Bronx,East Tremont,Weekday,14,22,22,21,18,133,176.5
78,Bronx,East Tremont,Weekday,15,22,22,17,22,128,180.5
78,Bronx,East Tremont,Weekday,16,22,22,20,18,157,190.5
78,Bronx,East Tremont,Weekday,17,22,22,19,16,152,194.0
78,Bronx,East Tremont,Weekday,18,22,22,14,12,134,154.0
78,Bronx,East Tremont,Weekday,19,22,22,18,20,121,148.5
78,Bronx,East Tremont,Weekday,20,22,22,21,15,109,139.5
78,Bronx,East Tremont,Weekday,21,22,22,12,11,97,132.0
78,Bronx,East Tremont,Weekday,22,22,22,10,5,103,134.5
78,Bronx,East Tremont,Weekday,23,22,22,12,11,99,131.5
78,Bronx,East Tremont,Weekend,0,8,8,6,5,118,143.0
78,Bronx,East Tremont,Weekend,1,8,8,3,5,78,109.0
78,Bronx,East Tremont,Weekend,2,8,8,3,4,62,79.0
78,Bronx,East Tremont,Weekend,3,8,8,4,2,45,63.0
78,Bronx,East Tremont,Weekend,4,8,8,3,4,47,51.5
78,Bronx,East Tremont,Weekend,5,8,8,7,7,57,68.0
78,Bronx,East Tremont,Weekend,6,8,8,8,8,59,79.0
78,Bronx,East Tremont,Weekend,7,8,8,8,8,103,114.5
78,Bronx,East Tremont,Weekend,8,8,8,4,6,102,126.5
78,Bronx,East Tremont,Weekend,9,8,8,6,6,122,146.5
78,Bronx,East Tremont,Weekend,10,8,8,6,4,122,151.0
78,Bronx,East Tremont,Weekend,11,8,8,5,6,133,147.0
78,Bronx,East Tremont,Weekend,12,8,8,5,4,115,140.0
78,Bronx,East Tremont,Weekend,13,8,8,8,7,132,154.0
78,Bronx,East Tremont,Weekend,14,8,8,7,8,146,170.0
78,Bronx,East Tremont,Weekend,15,8,8,8,6,137,167.0
78,Bronx,East Tremont,Weekend,16,8,8,7,7,129,162.0
78,Bronx,East Tremont,Weekend,17,8,8,7,4,123,142.0
78,Bronx,East Tremont,Weekend,18,8,8,6,6,118,150.0
78,Bronx,East Tremont,Weekend,19,8,8,8,7,122,158.5
78,Bronx,East Tremont,Weekend,20,8,8,8,8,115,181.5
78,Bronx,East Tremont,Weekend,21,8,8,6,6,140,173.0
78,Bronx,East Tremont,Weekend,22,8,8,5,4,129,175.5
78,Bronx,East Tremont,Weekend,23,8,8,5,5,120,177.5
79,Manhattan,East Village,Weekday,0,22,22,0,0,163,273.0
79,Manhattan,East Village,Weekday,1,22,22,0,0,102,167.0
79,Manhattan,East Village,Weekday,2,22,22,0,0,78,124.0
79,Manhattan,East Village,Weekday,3,22,22,0,0,63,96.5
79,Manhattan,East Village,Weekday,4,22,22,1,3,54,99.5
79,Manhattan,East Village,Weekday,5,22,22,3,1,64,101.5
79,Manhattan,East Village,Weekday,6,22,22,5,2,119,151.0
79,Manhattan,East Village,Weekday,7,22,22,3,1,153,190.5
79,Manhattan,East Village,Weekday,8,22,22,18,8,221,258.5
79,Manhattan,East Village,Weekday,9,22,22,5,3,242,278.0
79,Manhattan,East Village,Weekday,10,22,22,0,0,169,203.5
79,Manhattan,East Village,Weekday,11,22,22,0,0,143,178.0
79,Manhattan,East Village,Weekday,12,22,22,0,0,131,182.0
79,Manhattan,East Village,Weekday,13,22,22,0,0,148,197.0
79,Manhattan,East Village,Weekday,14,22,22,0,0,131,190.0
79,Manhattan,East Village,Weekday,15,22,22,0,0,153,200.5
79,Manhattan,East Village,Weekday,16,22,22,0,0,164,200.5
79,Manhattan,East Village,Weekday,17,22,22,0,0,188,252.0
79,Manhattan,East Village,Weekday,18,22,22,0,0,224,319.5
79,Manhattan,East Village,Weekday,19,22,22,0,0,237,390.5
79,Manhattan,East Village,Weekday,20,22,22,0,0,291,448.5
79,Manhattan,East Village,Weekday,21,22,22,0,0,293,527.0
79,Manhattan,East Village,Weekday,22,22,22,2,0,267,543.0
79,Manhattan,East Village,Weekday,23,22,22,2,1,214,482.0
79,Manhattan,East Village,Weekend,0,8,8,7,5,1008,1074.5
79,Manhattan,East Village,Weekend,1,8,8,6,6,939,1185.0
79,Manhattan,East Village,Weekend,2,8,8,5,2,798,1020.5
79,Manhattan,East Village,Weekend,3,8,8,0,0,518,710.5
79,Manhattan,East Village,Weekend,4,8,8,2,0,246,319.5
79,Manhattan,East Village,Weekend,5,8,8,1,0,109,135.5
79,Manhattan,East Village,Weekend,6,8,8,0,0,102,114.0
79,Manhattan,East Village,Weekend,7,8,8,0,0,96,124.5
79,Manhattan,East Village,Weekend,8,8,8,0,0,153,163.5
79,Manhattan,East Village,Weekend,9,8,8,0,0,208,238.5
79,Manhattan,East Village,Weekend,10,8,8,0,1,265,300.0
79,Manhattan,East Village,Weekend,11,8,8,0,0,299,334.0
79,Manhattan,East Village,Weekend,12,8,8,0,1,299,379.0
79,Manhattan,East Village,Weekend,13,8,8,0,0,328,383.5
79,Manhattan,East Village,Weekend,14,8,8,0,0,312,363.5
79,Manhattan,East Village,Weekend,15,8,8,0,0,303,385.0
79,Manhattan,East Village,Weekend,16,8,8,1,0,351,381.5
79,Manhattan,East Village,Weekend,17,8,8,0,0,295,440.5
79,Manhattan,East Village,Weekend,18,8,8,0,0,297,503.0
79,Manhattan,East Village,Weekend,19,8,8,0,0,309,605.0
79,Manhattan,East Village,Weekend,20,8,8,0,0,361,608.5
79,Manhattan,East Village,Weekend,21,8,8,0,0,333,645.0
79,Manhattan,East Village,Weekend,22,8,8,0,0,320,755.0
79,Manhattan,East Village,Weekend,23,8,8,0,0,265,685.0
80,Brooklyn,East Williamsburg,Weekday,0,22,22,0,0,71,139.0
80,Brooklyn,East Williamsburg,Weekday,1,22,22,0,1,49,82.0
80,Brooklyn,East Williamsburg,Weekday,2,22,22,0,1,24,66.0
80,Brooklyn,East Williamsburg,Weekday,3,22,22,1,2,38,51.5
80,Brooklyn,East Williamsburg,Weekday,4,22,22,3,3,49,60.5
80,Brooklyn,East Williamsburg,Weekday,5,22,22,7,8,54,75.0
80,Brooklyn,East Williamsburg,Weekday,6,22,22,16,5,104,118.0
80,Brooklyn,East Williamsburg,Weekday,7,22,22,21,8,120,145.0
80,Brooklyn,East Williamsburg,Weekday,8,22,22,17,13,143,170.0
80,Brooklyn,East Williamsburg,Weekday,9,22,22,18,12,133,159.0
80,Brooklyn,East Williamsburg,Weekday,10,22,22,3,4,99,131.0
80,Brooklyn,East Williamsburg,Weekday,11,22,22,8,7,96,129.0
80,Brooklyn,East Williamsburg,Weekday,12,22,22,3,3,88,129.0
80,Brooklyn,East Williamsburg,Weekday,13,22,22,5,8,101,136.5
80,Brooklyn,East Williamsburg,Weekday,14,22,22,4,6,116,149.0
80,Brooklyn,East Williamsburg,Weekday,15,22,22,5,8,111,151.5
80,Brooklyn,East Williamsburg,Weekday,16,22,22,4,1,144,163.0
80,Brooklyn,East Williamsburg,Weekday,17,22,22,2,4,149,209.5
80,Brooklyn,East Williamsburg,Weekday,18,22,22,0,1,171,233.0
80,Brooklyn,East Williamsburg,Weekday,19,22,22,3,1,171,234.0
80,Brooklyn,East Williamsburg,Weekday,20,22,22,1,1,155,245.0
80,Brooklyn,East Williamsburg,Weekday,21,22,22,1,1,191,263.0
80,Brooklyn,East Williamsburg,Weekday,22,22,22,3,2,144,349.0
80,Brooklyn,East Williamsburg,Weekday,23,22,22,0,0,118,256.5
80,Brooklyn,East Williamsburg,Weekend,0,8,8,1,1,552,639.0
80,Brooklyn,East Williamsburg,Weekend,1,8,8,3,0,550,592.5
80,Brooklyn,East Williamsburg,Weekend,2,8,8,8,8,455,512.5
80,Brooklyn,East Williamsburg,Weekend,3,8,8,8,8,366,436.5
80,Brooklyn,East Williamsburg,Weekend,4,8,8,8,7,236,251.0
80,Brooklyn,East Williamsburg,Weekend,5,8,8,4,4,94,139.0
80,Brooklyn,East Williamsburg,Weekend,6,8,8,1,2,81,119.5
80,Brooklyn,East Williamsburg,Weekend,7,8,8,3,2,77,117.5
80,Brooklyn,East Williamsburg,Weekend,8,8,8,2,3,120,138.5
80,Brooklyn,East Williamsburg,Weekend,9,8,8,1,1,140,172.0
80,Brooklyn,East Williamsburg,Weekend,10,8,8,3,1,188,200.0
80,Brooklyn,East Williamsburg,Weekend,11,8,8,0,1,201,234.0
80,Brooklyn,East Williamsburg,Weekend,12,8,8,1,3,203,258.5
80,Brooklyn,East Williamsburg,Weekend,13,8,8,1,1,229,287.0
80,Brooklyn,East Williamsburg,Weekend,14,8,8,2,1,238,259.0
80,Brooklyn,East Williamsburg,Weekend,15,8,8,1,1,228,273.5
80,Brooklyn,East Williamsburg,Weekend,16,8,8,0,0,232,291.5
80,Brooklyn,East Williamsburg,Weekend,17,8,8,1,0,231,279.5
80,Brooklyn,East Williamsburg,Weekend,18,8,8,0,0,222,338.5
80,Brooklyn,East Williamsburg,Weekend,19,8,8,1,1,232,410.0
80,Brooklyn,East Williamsburg,Weekend,20,8,8,0,0,236,369.5
80,Brooklyn,East Williamsburg,Weekend,21,8,8,1,1,207,360.0
80,Brooklyn,East Williamsburg,Weekend,22,8,8,4,3,220,422.5
80,Brooklyn,East Williamsburg,Weekend,23,8,8,4,3,146,485.0
81,Bronx,Eastchester,Weekday,0,22,22,17,12,29,42.5
81,Bronx,Eastchester,Weekday,1,22,22,19,19,13,26.5
81,Bronx,Eastchester,Weekday,2,22,22,21,15,9,16.0
81,Bronx,Eastchester,Weekday,3,22,22,21,21,13,20.5
81,Bronx,Eastchester,Weekday,4,22,22,21,20,17,25.5
81,Bronx,Eastchester,Weekday,5,22,22,22,21,40,50.0
81,Bronx,Eastchester,Weekday,6,22,22,22,22,86,112.0
81,Bronx,Eastchester,Weekday,7,22,22,22,22,118,150.0
81,Bronx,Eastchester,Weekday,8,22,22,20,19,118,174.0
81,Bronx,Eastchester,Weekday,9,22,22,22,19,103,125.0
81,Bronx,Eastchester,Weekday,10,22,22,22,17,75,96.0
81,Bronx,Eastchester,Weekday,11,22,22,21,17,70,88.0
81,Bronx,Eastchester,Weekday,12,22,22,22,13,66,87.0
81,Bronx,Eastchester,Weekday,13,22,22,21,18,72,95.0
81,Bronx,Eastchester,Weekday,14,22,22,21,19,76,123.0
81,Bronx,Eastchester,Weekday,15,22,22,22,13,80,118.0
81,Bronx,Eastchester,Weekday,16,22,22,17,12,96,113.5
81,Bronx,Eastchester,Weekday,17,22,22,16,10,89,111.0
81,Bronx,Eastchester,Weekday,18,22,22,19,11,89,111.0
81,Bronx,Eastchester,Weekday,19,22,22,22,11,80,100.0
81,Bronx,Eastchester,Weekday,20,22,22,22,10,73,95.5
81,Bronx,Eastchester,Weekday,21,22,22,19,13,70,89.0
81,Bronx,Eastchester,Weekday,22,22,22,20,17,70,84.5
81,Bronx,Eastchester,Weekday,23,22,22,20,12,45,75.0
81,Bronx,Eastchester,Weekend,0,8,8,7,5,66,78.5
81,Bronx,Eastchester,Weekend,1,8,8,6,5,40,59.0
81,Bronx,Eastchester,Weekend,2,8,8,8,6,30,37.0
81,Bronx,Eastchester,Weekend,3,8,8,8,6,17,28.0
81,Bronx,Eastchester,Weekend,4,8,8,8,7,26,27.0
81,Bronx,Eastchester,Weekend,5,8,8,8,7,37,41.5
81,Bronx,Eastchester,Weekend,6,8,8,8,8,51,67.0
81,Bronx,Eastchester,Weekend,7,8,8,8,7,79,86.0
81,Bronx,Eastchester,Weekend,8,8,8,8,7,53,93.5
81,Bronx,Eastchester,Weekend,9,8,8,8,8,89,103.5
81,Bronx,Eastchester,Weekend,10,8,8,8,6,105,113.5
81,Bronx,Eastchester,Weekend,11,8,8,6,4,87,100.0
81,Bronx,Eastchester,Weekend,12,8,8,3,2,71,103.0
81,Bronx,Eastchester,Weekend,13,8,8,5,3,90,106.5
81,Bronx,Eastchester,Weekend,14,8,8,7,7,103,127.5
81,Bronx,Eastchester,Weekend,15,8,8,5,4,82,114.5
81,Bronx,Eastchester,Weekend,16,8,8,6,1,79,110.0
81,Bronx,Eastchester,Weekend,17,8,8,6,4,67,100.5
81,Bronx,Eastchester,Weekend,18,8,8,8,5,65,107.5
81,Bronx,Eastchester,Weekend,19,8,8,8,7,71,101.5
81,Bronx,Eastchester,Weekend,20,8,8,8,8,78,115.5
81,Bronx,Eastchester,Weekend,21,8,8,8,8,88,96.5
81,Bronx,Eastchester,Weekend,22,8,8,8,8,82,105.0
81,Bronx,Eastchester,Weekend,23,8,8,8,7,74,95.0
82,Queens,Elmhurst,Weekday,0,22,22,16,5,116,148.5
82,Queens,Elmhurst,Weekday,1,22,22,5,1,79,103.5
82,Queens,Elmhurst,Weekday,2,22,22,2,2,52,74.0
82,Queens,Elmhurst,Weekday,3,22,22,4,3,65,77.5
82,Queens,Elmhurst,Weekday,4,22,22,9,7,86,101.0
82,Queens,Elmhurst,Weekday,5,22,22,1,1,94,112.0
82,Queens,Elmhurst,Weekday,6,22,22,0,0,148,186.0
82,Queens,Elmhurst,Weekday,7,22,22,1,2,145,226.5
82,Queens,Elmhurst,Weekday,8,22,22,1,2,189,228.5
82,Queens,Elmhurst,Weekday,9,22,22,3,4,198,223.5
82,Queens,Elmhurst,Weekday,10,22,22,4,3,178,199.0
82,Queens,Elmhurst,Weekday,11,22,22,7,4,157,178.0
82,Queens,Elmhurst,Weekday,12,22,22,7,6,157,191.0
82,Queens,Elmhurst,Weekday,13,22,22,2,5,174,206.0
82,Queens,Elmhurst,Weekday,14,22,22,4,5,196,226.0
82,Queens,Elmhurst,Weekday,15,22,22,4,3,204,238.0
82,Queens,Elmhurst,Weekday,16,22,22,4,6,216,252.5
82,Queens,Elmhurst,Weekday,17,22,22,9,7,216,268.5
82,Queens,Elmhurst,Weekday,18,22,22,13,12,226,273.5
82,Queens,Elmhurst,Weekday,19,22,22,15,13,200,252.0
82,Queens,Elmhurst,Weekday,20,22,22,20,10,207,267.5
82,Queens,Elmhurst,Weekday,21,22,22,16,10,223,270.5
82,Queens,Elmhurst,Weekday,22,22,22,12,9,201,241.0
82,Queens,Elmhurst,Weekday,23,22,22,10,4,155,210.0
82,Queens,Elmhurst,Weekend,0,8,8,1,1,188,275.5
82,Queens,Elmhurst,Weekend,1,8,8,1,1,166,206.5
82,Queens,Elmhurst,Weekend,2,8,8,0,0,132,160.5
82,Queens,Elmhurst,Weekend,3,8,8,5,3,135,151.5
82,Queens,Elmhurst,Weekend,4,8,8,8,7,147,169.5
82,Queens,Elmhurst,Weekend,5,8,8,1,2,120,131.5
82,Queens,Elmhurst,Weekend,6,8,8,0,2,139,154.0
82,Queens,Elmhurst,Weekend,7,8,8,0,1,146,170.5
82,Queens,Elmhurst,Weekend,8,8,8,4,2,169,204.5
82,Queens,Elmhurst,Weekend,9,8,8,2,3,203,245.0
82,Queens,Elmhurst,Weekend,10,8,8,3,2,243,271.5
82,Queens,Elmhurst,Weekend,11,8,8,2,2,209,265.5
82,Queens,Elmhurst,Weekend,12,8,8,1,5,241,268.5
82,Queens,Elmhurst,Weekend,13,8,8,3,3,243,296.5
82,Queens,Elmhurst,Weekend,14,8,8,1,1,240,301.0
82,Queens,Elmhurst,Weekend,15,8,8,4,4,247,337.0
82,Queens,Elmhurst,Weekend,16,8,8,3,1,261,298.5
82,Queens,Elmhurst,Weekend,17,8,8,7,4,217,316.0
82,Queens,Elmhurst,Weekend,18,8,8,8,6,223,325.0
82,Queens,Elmhurst,Weekend,19,8,8,8,8,243,352.0
82,Queens,Elmhurst,Weekend,20,8,8,8,7,225,356.0
82,Queens,Elmhurst,Weekend,21,8,8,7,7,206,358.0
82,Queens,Elmhurst,Weekend,22,8,8,8,8,236,325.5
82,Queens,Elmhurst,Weekend,23,8,8,3,2,185,280.5
83,Queens,Elmhurst/Maspeth,Weekday,0,22,22,15,8,27,33.0
83,Queens,Elmhurst/Maspeth,Weekday,1,22,22,11,10,16,27.0
83,Queens,Elmhurst/Maspeth,Weekday,2,22,22,11,9,12,20.5
83,Queens,Elmhurst/Maspeth,Weekday,3,22,22,11,9,17,28.0
83,Queens,Elmhurst/Maspeth,Weekday,4,22,22,9,9,22,31.5
83,Queens,Elmhurst/Maspeth,Weekday,5,22,22,2,1,43,54.0
83,Queens,Elmhurst/Maspeth,Weekday,6,22,22,2,0,78,90.0
83,Queens,Elmhurst/Maspeth,Weekday,7,22,22,3,4,79,130.5
83,Queens,Elmhurst/Maspeth,Weekday,8,22,22,2,2,110,123.0
83,Queens,Elmhurst/Maspeth,Weekday,9,22,22,10,2,79,101.5
83,Queens,Elmhurst/Maspeth,Weekday,10,22,22,14,6,68,92.0
83,Queens,Elmhurst/Maspeth,Weekday,11,22,22,14,5,54,67.0
83,Queens,Elmhurst/Maspeth,Weekday,12,22,22,14,6,58,69.0
83,Queens,Elmhurst/Maspeth,Weekday,13,22,22,9,9,57,66.5
83,Queens,Elmhurst/Maspeth,Weekday,14,22,22,7,2,49,80.5
83,Queens,Elmhurst/Maspeth,Weekday,15,22,22,11,5,58,74.0
83,Queens,Elmhurst/Maspeth,Weekday,16,22,22,9,4,51,76.5
83,Queens,Elmhurst/Maspeth,Weekday,17,22,22,13,7,60,74.0
83,Queens,Elmhurst/Maspeth,Weekday,18,22,22,13,12,46,67.5
83,Queens,Elmhurst/Maspeth,Weekday,19,22,22,15,14,50,64.0
83,Queens,Elmhurst/Maspeth,Weekday,20,22,22,17,4,42,62.0
83,Queens,Elmhurst/Maspeth,Weekday,21,22,22,11,3,46,64.5
83,Queens,Elmhurst/Maspeth,Weekday,22,22,22,10,6,41,55.0
83,Queens,Elmhurst/Maspeth,Weekday,23,22,22,13,3,37,54.0
83,Queens,Elmhurst/Maspeth,Weekend,0,8,8,3,1,67,71.5
83,Queens,Elmhurst/Maspeth,Weekend,1,8,8,1,0,53,61.5
83,Queens,Elmhurst/Maspeth,Weekend,2,8,8,3,2,44,53.0
83,Queens,Elmhurst/Maspeth,Weekend,3,8,8,7,6,37,79.0
83,Queens,Elmhurst/Maspeth,Weekend,4,8,8,8,8,34,58.0
83,Queens,Elmhurst/Maspeth,Weekend,5,8,8,2,0,41,54.5
83,Queens,Elmhurst/Maspeth,Weekend,6,8,8,0,1,48,61.5
83,Queens,Elmhurst/Maspeth,Weekend,7,8,8,4,2,59,68.0
83,Queens,Elmhurst/Maspeth,Weekend,8,8,8,3,1,69,77.5
83,Queens,Elmhurst/Maspeth,Weekend,9,8,8,4,2,74,96.5
83,Queens,Elmhurst/Maspeth,Weekend,10,8,8,3,2,86,118.5
83,Queens,Elmhurst/Maspeth,Weekend,11,8,8,5,2,93,113.5
83,Queens,Elmhurst/Maspeth,Weekend,12,8,8,2,3,76,103.0
83,Queens,Elmhurst/Maspeth,Weekend,13,8,8,2,2,78,94.5
83,Queens,Elmhurst/Maspeth,Weekend,14,8,8,2,2,81,103.0
83,Queens,Elmhurst/Maspeth,Weekend,15,8,8,4,3,76,94.5
83,Queens,Elmhurst/Maspeth,Weekend,16,8,8,5,4,72,90.5
83,Queens,Elmhurst/Maspeth,Weekend,17,8,8,4,4,68,93.5
83,Queens,Elmhurst/Maspeth,Weekend,18,8,8,7,3,57,85.0
83,Queens,Elmhurst/Maspeth,Weekend,19,8,8,5,4,60,95.5
83,Queens,Elmhurst/Maspeth,Weekend,20,8,8,8,5,74,85.0
83,Queens,Elmhurst/Maspeth,Weekend,21,8,8,7,3,62,89.0
83,Queens,Elmhurst/Maspeth,Weekend,22,8,8,6,3,68,88.5
83,Queens,Elmhurst/Maspeth,Weekend,23,8,8,2,1,43,75.5
84,Staten Island,Eltingville/Annadale/Prince's Bay,Weekday,0,22,22,22,18,2,8.0
84,Staten Island,Eltingville/Annadale/Prince's Bay,Weekday,1,21,22,18,14,1,5.0
84,Staten Island,Eltingville/Annadale/Prince's Bay,Weekday,2,21,22,18,13,1,3.0
84,Staten Island,Eltingville/Annadale/Prince's Bay,Weekday,3,21,22,18,13,1,2.0
84,Staten Island,Eltingville/Annadale/Prince's Bay,Weekday,4,22,22,18,18,1,4.0
84,Staten Island,Eltingville/Annadale/Prince's Bay,Weekday,5,22,22,20,15,2,4.0
84,Staten Island,Eltingville/Annadale/Prince's Bay,Weekday,6,22,22,21,14,7,11.5
84,Staten Island,Eltingville/Annadale/Prince's Bay,Weekday,7,22,22,16,12,10,22.5
84,Staten Island,Eltingville/Annadale/Prince's Bay,Weekday,8,22,22,16,13,18,23.0
84,Staten Island,Eltingville/Annadale/Prince's Bay,Weekday,9,22,22,22,18,10,16.0
84,Staten Island,Eltingville/Annadale/Prince's Bay,Weekday,10,22,22,19,18,10,15.0
84,Staten Island,Eltingville/Annadale/Prince's Bay,Weekday,11,22,22,22,18,9,15.5
84,Staten Island,Eltingville/Annadale/Prince's Bay,Weekday,12,22,22,21,16,11,17.5
84,Staten Island,Eltingville/Annadale/Prince's Bay,Weekday,13,22,22,20,13,11,17.0
84,Staten Island,Eltingville/Annadale/Prince's Bay,Weekday,14,22,22,20,17,12,22.5
84,Staten Island,Eltingville/Annadale/Prince's Bay,Weekday,15,22,22,22,15,11,17.5
84,Staten Island,Eltingville/Annadale/Prince's Bay,Weekday,16,22,22,21,14,10,20.0
84,Staten Island,Eltingville/Annadale/Prince's Bay,Weekday,17,22,22,21,13,13,17.5
84,Staten Island,Eltingville/Annadale/Prince's Bay,Weekday,18,22,22,20,18,10,16.0
84,Staten Island,Eltingville/Annadale/Prince's Bay,Weekday,19,22,22,22,15,6,15.0
84,Staten Island,Eltingville/Annadale/Prince's Bay,Weekday,20,22,22,20,16,7,13.0
84,Staten Island,Eltingville/Annadale/Prince's Bay,Weekday,21,22,22,19,13,3,11.0
84,Staten Island,Eltingville/Annadale/Prince's Bay,Weekday,22,22,22,18,14,6,12.5
84,Staten Island,Eltingville/Annadale/Prince's Bay,Weekday,23,22,22,20,15,6,9.0
84,Staten Island,Eltingville/Annadale/Prince's Bay,Weekend,0,8,8,8,8,11,18.5
84,Staten Island,Eltingville/Annadale/Prince's Bay,Weekend,1,8,8,8,8,8,11.5
84,Staten Island,Eltingville/Annadale/Prince's Bay,Weekend,2,8,8,8,7,6,8.5
84,Staten Island,Eltingville/Annadale/Prince's Bay,Weekend,3,8,8,7,6,3,9.0
84,Staten Island,Eltingville/Annadale/Prince's Bay,Weekend,4,8,8,7,6,2,6.0
84,Staten Island,Eltingville/Annadale/Prince's Bay,Weekend,5,8,8,8,6,4,5.0
84,Staten Island,Eltingville/Annadale/Prince's Bay,Weekend,6,8,8,8,3,8,12.0
84,Staten Island,Eltingville/Annadale/Prince's Bay,Weekend,7,8,8,8,6,5,8.0
84,Staten Island,Eltingville/Annadale/Prince's Bay,Weekend,8,8,8,8,6,10,13.0
84,Staten Island,Eltingville/Annadale/Prince's Bay,Weekend,9,8,8,8,5,6,14.0
84,Staten Island,Eltingville/Annadale/Prince's Bay,Weekend,10,8,8,8,7,6,15.5
84,Staten Island,Eltingville/Annadale/Prince's Bay,Weekend,11,8,8,8,5,7,14.0
84,Staten Island,Eltingville/Annadale/Prince's Bay,Weekend,12,8,8,6,5,5,13.0
84,Staten Island,Eltingville/Annadale/Prince's Bay,Weekend,13,8,8,7,4,7,13.0
84,Staten Island,Eltingville/Annadale/Prince's Bay,Weekend,14,8,8,6,5,9,13.0
84,Staten Island,Eltingville/Annadale/Prince's Bay,Weekend,15,8,8,7,7,15,19.5
84,Staten Island,Eltingville/Annadale/Prince's Bay,Weekend,16,8,8,6,6,11,15.0
84,Staten Island,Eltingville/Annadale/Prince's Bay,Weekend,17,8,8,8,6,10,15.0
84,Staten Island,Eltingville/Annadale/Prince's Bay,Weekend,18,8,8,8,8,14,19.5
84,Staten Island,Eltingville/Annadale/Prince's Bay,Weekend,19,8,8,8,8,10,20.0
84,Staten Island,Eltingville/Annadale/Prince's Bay,Weekend,20,8,8,8,8,7,18.5
84,Staten Island,Eltingville/Annadale/Prince's Bay,Weekend,21,8,8,8,7,11,16.0
84,Staten Island,Eltingville/Annadale/Prince's Bay,Weekend,22,8,8,6,4,6,14.5
84,Staten Island,Eltingville/Annadale/Prince's Bay,Weekend,23,8,8,7,7,5,14.0
85,Brooklyn,Erasmus,Weekday,0,22,22,4,2,37,59.5
85,Brooklyn,Erasmus,Weekday,1,22,22,7,5,21,35.5
85,Brooklyn,Erasmus,Weekday,2,22,22,12,12,10,23.5
85,Brooklyn,Erasmus,Weekday,3,22,22,11,10,16,23.0
85,Brooklyn,Erasmus,Weekday,4,22,22,14,12,24,35.0
85,Brooklyn,Erasmus,Weekday,5,22,22,18,11,42,55.5
85,Brooklyn,Erasmus,Weekday,6,22,22,19,16,70,98.0
85,Brooklyn,Erasmus,Weekday,7,22,22,20,17,73,126.0
85,Brooklyn,Erasmus,Weekday,8,22,22,19,11,114,138.5
85,Brooklyn,Erasmus,Weekday,9,22,22,17,8,86,103.5
85,Brooklyn,Erasmus,Weekday,10,22,22,19,12,68,80.0
85,Brooklyn,Erasmus,Weekday,11,22,22,20,11,61,75.0
85,Brooklyn,Erasmus,Weekday,12,22,22,17,11,63,82.0
85,Brooklyn,Erasmus,Weekday,13,22,22,21,10,63,94.5
85,Brooklyn,Erasmus,Weekday,14,22,22,16,10,69,102.0
85,Brooklyn,Erasmus,Weekday,15,22,22,15,6,74,93.5
85,Brooklyn,Erasmus,Weekday,16,22,22,15,7,72,104.5
85,Brooklyn,Erasmus,Weekday,17,22,22,18,11,88,117.5
85,Brooklyn,Erasmus,Weekday,18,22,22,14,10,83,117.5
85,Brooklyn,Erasmus,Weekday,19,22,22,17,6,83,120.0
85,Brooklyn,Erasmus,Weekday,20,22,22,16,3,77,109.0
85,Brooklyn,Erasmus,Weekday,21,22,22,8,3,72,97.0
85,Brooklyn,Erasmus,Weekday,22,22,22,6,3,67,101.0
85,Brooklyn,Erasmus,Weekday,23,22,22,9,2,61,97.0
85,Brooklyn,Erasmus,Weekend,0,8,8,2,0,106,117.5
85,Brooklyn,Erasmus,Weekend,1,8,8,1,0,63,77.5
85,Brooklyn,Erasmus,Weekend,2,8,8,0,0,47,56.5
85,Brooklyn,Erasmus,Weekend,3,8,8,1,1,32,47.0
85,Brooklyn,Erasmus,Weekend,4,8,8,1,1,35,37.5
85,Brooklyn,Erasmus,Weekend,5,8,8,5,6,31,46.5
85,Brooklyn,Erasmus,Weekend,6,8,8,7,4,53,60.5
85,Brooklyn,Erasmus,Weekend,7,8,8,7,6,52,72.0
85,Brooklyn,Erasmus,Weekend,8,8,8,7,3,89,95.0
85,Brooklyn,Erasmus,Weekend,9,8,8,8,5,95,120.5
85,Brooklyn,Erasmus,Weekend,10,8,8,7,5,82,120.0
85,Brooklyn,Erasmus,Weekend,11,8,8,6,3,108,121.0
85,Brooklyn,Erasmus,Weekend,12,8,8,4,4,108,123.5
85,Brooklyn,Erasmus,Weekend,13,8,8,7,6,97,122.5
85,Brooklyn,Erasmus,Weekend,14,8,8,6,7,101,135.0
85,Brooklyn,Erasmus,Weekend,15,8,8,5,5,122,142.5
85,Brooklyn,Erasmus,Weekend,16,8,8,2,3,98,123.0
85,Brooklyn,Erasmus,Weekend,17,8,8,7,2,97,132.5
85,Brooklyn,Erasmus,Weekend,18,8,8,7,4,97,138.5
85,Brooklyn,Erasmus,Weekend,19,8,8,5,3,104,142.5
85,Brooklyn,Erasmus,Weekend,20,8,8,5,1,114,134.0
85,Brooklyn,Erasmus,Weekend,21,8,8,5,5,114,161.5
85,Brooklyn,Erasmus,Weekend,22,8,8,4,4,105,145.5
85,Brooklyn,Erasmus,Weekend,23,8,8,1,1,75,120.0
86,Queens,Far Rockaway,Weekday,0,22,22,22,21,29,37.0
86,Queens,Far Rockaway,Weekday,1,22,22,22,22,18,27.0
86,Queens,Far Rockaway,Weekday,2,22,22,22,21,9,14.0
86,Queens,Far Rockaway,Weekday,3,22,22,21,20,9,16.5
86,Queens,Far Rockaway,Weekday,4,22,22,22,22,11,22.5
86,Queens,Far Rockaway,Weekday,5,22,22,22,21,29,35.5
86,Queens,Far Rockaway,Weekday,6,22,22,22,22,50,63.0
86,Queens,Far Rockaway,Weekday,7,22,22,22,22,86,106.5
86,Queens,Far Rockaway,Weekday,8,22,22,22,22,88,121.0
86,Queens,Far Rockaway,Weekday,9,22,22,22,21,78,98.5
86,Queens,Far Rockaway,Weekday,10,22,22,22,22,55,78.0
86,Queens,Far Rockaway,Weekday,11,22,22,22,22,58,70.0
86,Queens,Far Rockaway,Weekday,12,22,22,22,22,52,77.0
86,Queens,Far Rockaway,Weekday,13,22,22,22,22,63,83.5
86,Queens,Far Rockaway,Weekday,14,22,22,22,22,74,92.0
86,Queens,Far Rockaway,Weekday,15,22,22,22,22,79,97.5
86,Queens,Far Rockaway,Weekday,16,22,22,22,21,72,93.0
86,Queens,Far Rockaway,Weekday,17,22,22,22,21,68,91.0
86,Queens,Far Rockaway,Weekday,18,22,22,22,20,56,77.5
86,Queens,Far Rockaway,Weekday,19,22,22,22,20,57,72.0
86,Queens,Far Rockaway,Weekday,20,22,22,22,21,57,68.5
86,Queens,Far Rockaway,Weekday,21,22,22,21,19,36,57.0
86,Queens,Far Rockaway,Weekday,22,22,22,22,21,40,58.0
86,Queens,Far Rockaway,Weekday,23,22,22,22,20,36,50.0
86,Queens,Far Rockaway,Weekend,0,8,8,8,8,45,49.5
86,Queens,Far Rockaway,Weekend,1,8,8,6,7,21,38.0
86,Queens,Far Rockaway,Weekend,2,8,8,7,7,17,29.5
86,Queens,Far Rockaway,Weekend,3,8,8,6,6,20,27.5
86,Queens,Far Rockaway,Weekend,4,8,8,8,7,10,23.0
86,Queens,Far Rockaway,Weekend,5,8,8,8,7,29,32.5
86,Queens,Far Rockaway,Weekend,6,8,8,8,8,34,49.0
86,Queens,Far Rockaway,Weekend,7,8,8,8,8,58,64.5
86,Queens,Far Rockaway,Weekend,8,8,8,8,8,54,66.0
86,Queens,Far Rockaway,Weekend,9,8,8,8,8,66,71.5
86,Queens,Far Rockaway,Weekend,10,8,8,8,8,62,75.5
86,Queens,Far Rockaway,Weekend,11,8,8,8,8,63,75.5
86,Queens,Far Rockaway,Weekend,12,8,8,8,8,64,70.5
86,Queens,Far Rockaway,Weekend,13,8,8,8,8,66,80.0
86,Queens,Far Rockaway,Weekend,14,8,8,8,8,62,81.0
86,Queens,Far Rockaway,Weekend,15,8,8,8,8,70,86.5
86,Queens,Far Rockaway,Weekend,16,8,8,8,8,56,71.5
86,Queens,Far Rockaway,Weekend,17,8,8,8,8,58,78.0
86,Queens,Far Rockaway,Weekend,18,8,8,8,8,42,72.5
86,Queens,Far Rockaway,Weekend,19,8,8,8,7,57,75.5
86,Queens,Far Rockaway,Weekend,20,8,8,8,8,56,69.5
86,Queens,Far Rockaway,Weekend,21,8,8,8,7,52,72.5
86,Queens,Far Rockaway,Weekend,22,8,8,8,8,53,73.0
86,Queens,Far Rockaway,Weekend,23,8,8,6,6,46,61.0
87,Manhattan,Financial District North,Weekday,0,22,22,1,2,41,78.5
87,Manhattan,Financial District North,Weekday,1,22,22,5,3,21,35.5
87,Manhattan,Financial District North,Weekday,2,22,22,4,3,11,20.0
87,Manhattan,Financial District North,Weekday,3,22,22,3,5,10,20.5
87,Manhattan,Financial District North,Weekday,4,22,22,0,0,23,41.0
87,Manhattan,Financial District North,Weekday,5,22,22,2,1,46,71.0
87,Manhattan,Financial District North,Weekday,6,22,22,1,0,72,116.5
87,Manhattan,Financial District North,Weekday,7,22,22,0,0,106,157.5
87,Manhattan,Financial District North,Weekday,8,22,22,1,2,131,199.5
87,Manhattan,Financial District North,Weekday,9,22,22,0,2,133,177.0
87,Manhattan,Financial District North,Weekday,10,22,22,0,3,101,141.5
87,Manhattan,Financial District North,Weekday,11,22,22,0,1,100,145.5
87,Manhattan,Financial District North,Weekday,12,22,22,0,2,116,143.5
87,Manhattan,Financial District North,Weekday,13,22,22,0,2,124,159.0
87,Manhattan,Financial District North,Weekday,14,22,22,1,0,108,157.5
87,Manhattan,Financial District North,Weekday,15,22,22,0,4,132,170.5
87,Manhattan,Financial District North,Weekday,16,22,22,4,3,131,190.5
87,Manhattan,Financial District North,Weekday,17,22,22,10,11,174,249.5
87,Manhattan,Financial District North,Weekday,18,22,22,8,7,178,264.5
87,Manhattan,Financial District North,Weekday,19,22,22,4,2,164,261.5
87,Manhattan,Financial District North,Weekday,20,22,22,0,0,156,273.5
87,Manhattan,Financial District North,Weekday,21,22,22,3,1,112,257.0
87,Manhattan,Financial District North,Weekday,22,22,22,5,3,98,214.0
87,Manhattan,Financial District North,Weekday,23,22,22,3,2,83,176.0
87,Manhattan,Financial District North,Weekend,0,8,8,7,6,220,262.5
87,Manhattan,Financial District North,Weekend,1,8,8,4,4,176,212.0
87,Manhattan,Financial District North,Weekend,2,8,8,2,2,99,126.0
87,Manhattan,Financial District North,Weekend,3,8,8,0,0,57,77.5
87,Manhattan,Financial District North,Weekend,4,8,8,0,0,47,57.5
87,Manhattan,Financial District North,Weekend,5,8,8,0,0,26,52.5
87,Manhattan,Financial District North,Weekend,6,8,8,1,0,53,68.5
87,Manhattan,Financial District North,Weekend,7,8,8,0,0,62,90.0
87,Manhattan,Financial District North,Weekend,8,8,8,1,0,99,130.0
87,Manhattan,Financial District North,Weekend,9,8,8,0,0,123,173.5
87,Manhattan,Financial District North,Weekend,10,8,8,2,1,169,217.5
87,Manhattan,Financial District North,Weekend,11,8,8,5,4,190,243.5
87,Manhattan,Financial District North,Weekend,12,8,8,5,4,216,244.5
87,Manhattan,Financial District North,Weekend,13,8,8,6,4,171,229.5
87,Manhattan,Financial District North,Weekend,14,8,8,0,1,168,216.5
87,Manhattan,Financial District North,Weekend,15,8,8,1,1,168,200.0
87,Manhattan,Financial District North,Weekend,16,8,8,1,1,157,233.5
87,Manhattan,Financial District North,Weekend,17,8,8,2,2,163,239.5
87,Manhattan,Financial District North,Weekend,18,8,8,1,0,134,273.5
87,Manhattan,Financial District North,Weekend,19,8,8,0,0,129,260.0
87,Manhattan,Financial District North,Weekend,20,8,8,1,0,134,249.5
87,Manhattan,Financial District North,Weekend,21,8,8,0,0,108,222.5
87,Manhattan,Financial District North,Weekend,22,8,8,1,0,87,208.5
87,Manhattan,Financial District North,Weekend,23,8,8,0,0,65,188.5
88,Manhattan,Financial District South,Weekday,0,22,22,3,1,12,49.0
88,Manhattan,Financial District South,Weekday,1,22,22,4,3,6,22.0
88,Manhattan,Financial District South,Weekday,2,22,22,6,5,6,14.5
88,Manhattan,Financial District South,Weekday,3,22,22,4,4,6,12.0
88,Manhattan,Financial District South,Weekday,4,22,22,2,5,8,15.0
88,Manhattan,Financial District South,Weekday,5,22,22,7,8,9,20.0
88,Manhattan,Financial District South,Weekday,6,22,22,2,1,22,37.0
88,Manhattan,Financial District South,Weekday,7,22,22,0,0,28,49.0
88,Manhattan,Financial District South,Weekday,8,22,22,2,2,41,70.0
88,Manhattan,Financial District South,Weekday,9,22,22,0,2,40,57.0
88,Manhattan,Financial District South,Weekday,10,22,22,0,1,40,52.5
88,Manhattan,Financial District South,Weekday,11,22,22,0,3,46,58.0
88,Manhattan,Financial District South,Weekday,12,22,22,0,1,46,67.5
88,Manhattan,Financial District South,Weekday,13,22,22,1,3,55,74.0
88,Manhattan,Financial District South,Weekday,14,22,22,3,1,58,78.5
88,Manhattan,Financial District South,Weekday,15,22,22,2,2,68,90.0
88,Manhattan,Financial District South,Weekday,16,22,22,8,7,83,107.5
88,Manhattan,Financial District South,Weekday,17,22,22,17,10,75,124.0
88,Manhattan,Financial District South,Weekday,18,22,22,13,7,85,127.0
88,Manhattan,Financial District South,Weekday,19,22,22,3,2,72,110.0
88,Manhattan,Financial District South,Weekday,20,22,22,2,0,81,140.5
88,Manhattan,Financial District South,Weekday,21,22,22,6,2,73,136.0
88,Manhattan,Financial District South,Weekday,22,22,22,6,5,60,132.0
88,Manhattan,Financial District South,Weekday,23,22,22,4,2,45,92.5
88,Manhattan,Financial District South,Weekend,0,8,8,8,4,148,185.5
88,Manhattan,Financial District South,Weekend,1,8,8,8,3,130,178.5
88,Manhattan,Financial District South,Weekend,2,8,8,3,2,70,105.0
88,Manhattan,Financial District South,Weekend,3,8,8,0,0,34,45.5
88,Manhattan,Financial District South,Weekend,4,8,8,0,0,20,25.5
88,Manhattan,Financial District South,Weekend,5,8,8,1,1,10,16.5
88,Manhattan,Financial District South,Weekend,6,8,8,1,2,19,28.5
88,Manhattan,Financial District South,Weekend,7,8,8,1,1,10,25.5
88,Manhattan,Financial District South,Weekend,8,8,8,2,2,22,31.0
88,Manhattan,Financial District South,Weekend,9,8,8,0,1,36,45.0
88,Manhattan,Financial District South,Weekend,10,8,8,2,2,45,57.5
88,Manhattan,Financial District South,Weekend,11,8,8,3,2,58,69.0
88,Manhattan,Financial District South,Weekend,12,8,8,5,5,57,91.0
88,Manhattan,Financial District South,Weekend,13,8,8,5,4,64,84.0
88,Manhattan,Financial District South,Weekend,14,8,8,2,2,57,82.5
88,Manhattan,Financial District South,Weekend,15,8,8,2,0,72,94.5
88,Manhattan,Financial District South,Weekend,16,8,8,2,2,83,103.5
88,Manhattan,Financial District South,Weekend,17,8,8,4,1,51,98.0
88,Manhattan,Financial District South,Weekend,18,8,8,2,0,64,88.5
88,Manhattan,Financial District South,Weekend,19,8,8,0,0,55,88.0
88,Manhattan,Financial District South,Weekend,20,8,8,2,2,60,105.0
88,Manhattan,Financial District South,Weekend,21,8,8,0,0,50,102.5
88,Manhattan,Financial District South,Weekend,22,8,8,0,1,41,99.5
88,Manhattan,Financial District South,Weekend,23,8,8,1,1,35,104.0
89,Brooklyn,Flatbush/Ditmas Park,Weekday,0,22,22,6,1,99,121.0
89,Brooklyn,Flatbush/Ditmas Park,Weekday,1,22,22,8,3,60,76.5
89,Brooklyn,Flatbush/Ditmas Park,Weekday,2,22,22,11,10,33,47.5
89,Brooklyn,Flatbush/Ditmas Park,Weekday,3,22,22,8,5,33,49.0
89,Brooklyn,Flatbush/Ditmas Park,Weekday,4,22,22,4,3,59,78.5
89,Brooklyn,Flatbush/Ditmas Park,Weekday,5,22,22,2,0,84,118.0
89,Brooklyn,Flatbush/Ditmas Park,Weekday,6,22,22,2,0,162,225.0
89,Brooklyn,Flatbush/Ditmas Park,Weekday,7,22,22,13,8,230,335.0
89,Brooklyn,Flatbush/Ditmas Park,Weekday,8,22,22,8,7,278,351.5
89,Brooklyn,Flatbush/Ditmas Park,Weekday,9,22,22,15,9,218,269.5
89,Brooklyn,Flatbush/Ditmas Park,Weekday,10,22,22,19,9,171,230.0
89,Brooklyn,Flatbush/Ditmas Park,Weekday,11,22,22,19,6,179,216.5
89,Brooklyn,Flatbush/Ditmas Park,Weekday,12,22,22,19,9,184,218.0
89,Brooklyn,Flatbush/Ditmas Park,Weekday,13,22,22,20,11,164,216.0
89,Brooklyn,Flatbush/Ditmas Park,Weekday,14,22,22,13,6,191,257.0
89,Brooklyn,Flatbush/Ditmas Park,Weekday,15,22,22,11,2,177,239.5
89,Brooklyn,Flatbush/Ditmas Park,Weekday,16,22,22,10,1,214,246.5
89,Brooklyn,Flatbush/Ditmas Park,Weekday,17,22,22,13,2,234,302.5
89,Brooklyn,Flatbush/Ditmas Park,Weekday,18,22,22,16,4,239,307.0
89,Brooklyn,Flatbush/Ditmas Park,Weekday,19,22,22,15,5,210,272.5
89,Brooklyn,Flatbush/Ditmas Park,Weekday,20,22,22,14,3,215,266.5
89,Brooklyn,Flatbush/Ditmas Park,Weekday,21,22,22,4,1,178,243.0
89,Brooklyn,Flatbush/Ditmas Park,Weekday,22,22,22,4,3,179,245.0
89,Brooklyn,Flatbush/Ditmas Park,Weekday,23,22,22,3,1,146,206.0
89,Brooklyn,Flatbush/Ditmas Park,Weekend,0,8,8,0,0,208,228.5
89,Brooklyn,Flatbush/Ditmas Park,Weekend,1,8,8,1,0,134,144.0
89,Brooklyn,Flatbush/Ditmas Park,Weekend,2,8,8,0,0,90,105.5
89,Brooklyn,Flatbush/Ditmas Park,Weekend,3,8,8,0,0,69,85.0
89,Brooklyn,Flatbush/Ditmas Park,Weekend,4,8,8,0,0,78,93.5
89,Brooklyn,Flatbush/Ditmas Park,Weekend,5,8,8,0,0,81,100.5
89,Brooklyn,Flatbush/Ditmas Park,Weekend,6,8,8,0,0,110,156.0
89,Brooklyn,Flatbush/Ditmas Park,Weekend,7,8,8,5,3,156,188.0
89,Brooklyn,Flatbush/Ditmas Park,Weekend,8,8,8,4,2,216,252.0
89,Brooklyn,Flatbush/Ditmas Park,Weekend,9,8,8,6,2,223,313.5
89,Brooklyn,Flatbush/Ditmas Park,Weekend,10,8,8,5,3,286,342.0
89,Brooklyn,Flatbush/Ditmas Park,Weekend,11,8,8,6,3,298,346.5
89,Brooklyn,Flatbush/Ditmas Park,Weekend,12,8,8,4,3,257,349.5
89,Brooklyn,Flatbush/Ditmas Park,Weekend,13,8,8,2,2,258,336.5
89,Brooklyn,Flatbush/Ditmas Park,Weekend,14,8,8,4,1,284,324.0
89,Brooklyn,Flatbush/Ditmas Park,Weekend,15,8,8,4,2,282,336.5
89,Brooklyn,Flatbush/Ditmas Park,Weekend,16,8,8,3,1,255,323.0
89,Brooklyn,Flatbush/Ditmas Park,Weekend,17,8,8,3,1,263,354.0
89,Brooklyn,Flatbush/Ditmas Park,Weekend,18,8,8,3,3,255,341.0
89,Brooklyn,Flatbush/Ditmas Park,Weekend,19,8,8,3,2,264,341.5
89,Brooklyn,Flatbush/Ditmas Park,Weekend,20,8,8,3,1,239,318.0
89,Brooklyn,Flatbush/Ditmas Park,Weekend,21,8,8,3,4,256,354.0
89,Brooklyn,Flatbush/Ditmas Park,Weekend,22,8,8,2,1,252,333.5
89,Brooklyn,Flatbush/Ditmas Park,Weekend,23,8,8,1,0,174,275.5
90,Manhattan,Flatiron,Weekday,0,22,22,0,0,56,109.0
90,Manhattan,Flatiron,Weekday,1,22,22,0,0,41,60.5
90,Manhattan,Flatiron,Weekday,2,22,22,0,0,16,44.5
90,Manhattan,Flatiron,Weekday,3,22,22,0,0,19,33.5
90,Manhattan,Flatiron,Weekday,4,22,22,0,0,26,43.0
90,Manhattan,Flatiron,Weekday,5,22,22,3,0,49,76.5
90,Manhattan,Flatiron,Weekday,6,22,22,0,0,91,135.5
90,Manhattan,Flatiron,Weekday,7,22,22,0,0,109,187.5
90,Manhattan,Flatiron,Weekday,8,22,22,0,0,161,247.0
90,Manhattan,Flatiron,Weekday,9,22,22,0,0,158,202.0
90,Manhattan,Flatiron,Weekday,10,22,22,0,0,130,164.0
90,Manhattan,Flatiron,Weekday,11,22,22,0,0,133,155.5
90,Manhattan,Flatiron,Weekday,12,22,22,0,0,110,151.5
90,Manhattan,Flatiron,Weekday,13,22,22,0,0,109,140.5
90,Manhattan,Flatiron,Weekday,14,22,22,0,0,115,153.0
90,Manhattan,Flatiron,Weekday,15,22,22,0,0,133,163.0
90,Manhattan,Flatiron,Weekday,16,22,22,0,0,142,179.0
90,Manhattan,Flatiron,Weekday,17,22,22,3,0,156,232.5
90,Manhattan,Flatiron,Weekday,18,22,22,1,0,192,258.0
90,Manhattan,Flatiron,Weekday,19,22,22,0,0,150,261.5
90,Manhattan,Flatiron,Weekday,20,22,22,0,0,166,249.0
90,Manhattan,Flatiron,Weekday,21,22,22,8,5,133,251.0
90,Manhattan,Flatiron,Weekday,22,22,22,13,9,105,203.0
90,Manhattan,Flatiron,Weekday,23,22,22,5,2,108,181.0
90,Manhattan,Flatiron,Weekend,0,8,8,3,1,290,337.5
90,Manhattan,Flatiron,Weekend,1,8,8,4,5,209,283.5
90,Manhattan,Flatiron,Weekend,2,8,8,2,2,197,226.5
90,Manhattan,Flatiron,Weekend,3,8,8,1,2,152,175.5
90,Manhattan,Flatiron,Weekend,4,8,8,1,2,90,113.0
90,Manhattan,Flatiron,Weekend,5,8,8,1,0,73,84.5
90,Manhattan,Flatiron,Weekend,6,8,8,0,0,45,65.5
90,Manhattan,Flatiron,Weekend,7,8,8,0,0,58,91.0
90,Manhattan,Flatiron,Weekend,8,8,8,0,0,94,114.0
90,Manhattan,Flatiron,Weekend,9,8,8,0,0,130,164.5
90,Manhattan,Flatiron,Weekend,10,8,8,1,1,174,206.5
90,Manhattan,Flatiron,Weekend,11,8,8,1,1,208,232.5
90,Manhattan,Flatiron,Weekend,12,8,8,1,1,204,249.5
90,Manhattan,Flatiron,Weekend,13,8,8,1,2,182,230.0
90,Manhattan,Flatiron,Weekend,14,8,8,1,1,168,209.0
90,Manhattan,Flatiron,Weekend,15,8,8,1,1,190,228.0
90,Manhattan,Flatiron,Weekend,16,8,8,1,1,201,232.0
90,Manhattan,Flatiron,Weekend,17,8,8,0,0,172,269.0
90,Manhattan,Flatiron,Weekend,18,8,8,0,0,152,251.0
90,Manhattan,Flatiron,Weekend,19,8,8,0,0,146,261.5
90,Manhattan,Flatiron,Weekend,20,8,8,0,0,144,251.0
90,Manhattan,Flatiron,Weekend,21,8,8,0,0,111,246.0
90,Manhattan,Flatiron,Weekend,22,8,8,0,0,77,236.0
90,Manhattan,Flatiron,Weekend,23,8,8,0,0,73,228.5
91,Brooklyn,Flatlands,Weekday,0,22,22,19,11,45,63.0
91,Brooklyn,Flatlands,Weekday,1,22,22,19,11,25,35.5
91,Brooklyn,Flatlands,Weekday,2,22,22,22,19,17,32.5
91,Brooklyn,Flatlands,Weekday,3,22,22,21,18,20,35.5
91,Brooklyn,Flatlands,Weekday,4,22,22,20,18,44,52.5
91,Brooklyn,Flatlands,Weekday,5,22,22,21,14,76,95.0
91,Brooklyn,Flatlands,Weekday,6,22,22,22,16,122,174.5
91,Brooklyn,Flatlands,Weekday,7,22,22,22,19,158,261.0
91,Brooklyn,Flatlands,Weekday,8,22,22,22,15,190,268.0
91,Brooklyn,Flatlands,Weekday,9,22,22,22,13,174,202.5
91,Brooklyn,Flatlands,Weekday,10,22,22,22,12,135,158.5
91,Brooklyn,Flatlands,Weekday,11,22,22,22,11,123,141.5
91,Brooklyn,Flatlands,Weekday,12,22,22,22,10,115,136.5
91,Brooklyn,Flatlands,Weekday,13,22,22,21,15,136,164.0
91,Brooklyn,Flatlands,Weekday,14,22,22,17,10,140,175.5
91,Brooklyn,Flatlands,Weekday,15,22,22,10,2,129,164.5
91,Brooklyn,Flatlands,Weekday,16,22,22,9,2,130,167.5
91,Brooklyn,Flatlands,Weekday,17,22,22,11,4,129,175.0
91,Brooklyn,Flatlands,Weekday,18,22,22,15,7,138,178.0
91,Brooklyn,Flatlands,Weekday,19,22,22,19,8,130,152.0
91,Brooklyn,Flatlands,Weekday,20,22,22,20,7,96,137.0
91,Brooklyn,Flatlands,Weekday,21,22,22,16,9,97,127.5
91,Brooklyn,Flatlands,Weekday,22,22,22,16,11,88,117.0
91,Brooklyn,Flatlands,Weekday,23,22,22,19,13,69,100.5
91,Brooklyn,Flatlands,Weekend,0,8,8,3,3,93,134.5
91,Brooklyn,Flatlands,Weekend,1,8,8,4,4,78,90.5
91,Brooklyn,Flatlands,Weekend,2,8,8,5,5,58,71.5
91,Brooklyn,Flatlands,Weekend,3,8,8,5,6,55,67.5
91,Brooklyn,Flatlands,Weekend,4,8,8,6,6,59,73.0
91,Brooklyn,Flatlands,Weekend,5,8,8,8,6,65,73.5
91,Brooklyn,Flatlands,Weekend,6,8,8,8,6,82,92.5
91,Brooklyn,Flatlands,Weekend,7,8,8,8,3,97,118.0
91,Brooklyn,Flatlands,Weekend,8,8,8,6,4,122,138.0
91,Brooklyn,Flatlands,Weekend,9,8,8,8,5,164,196.0
91,Brooklyn,Flatlands,Weekend,10,8,8,8,4,174,194.5
91,Brooklyn,Flatlands,Weekend,11,8,8,6,3,165,178.5
91,Brooklyn,Flatlands,Weekend,12,8,8,5,5,148,175.0
91,Brooklyn,Flatlands,Weekend,13,8,8,5,2,162,198.0
91,Brooklyn,Flatlands,Weekend,14,8,8,5,2,191,194.5
91,Brooklyn,Flatlands,Weekend,15,8,8,3,1,172,191.0
91,Brooklyn,Flatlands,Weekend,16,8,8,5,5,129,164.0
91,Brooklyn,Flatlands,Weekend,17,8,8,7,1,139,180.0
91,Brooklyn,Flatlands,Weekend,18,8,8,7,6,133,172.0
91,Brooklyn,Flatlands,Weekend,19,8,8,8,8,140,163.0
91,Brooklyn,Flatlands,Weekend,20,8,8,8,6,138,175.5
91,Brooklyn,Flatlands,Weekend,21,8,8,8,5,126,158.5
91,Brooklyn,Flatlands,Weekend,22,8,8,7,7,122,165.0
91,Brooklyn,Flatlands,Weekend,23,8,8,6,5,109,128.5
92,Queens,Flushing,Weekday,0,22,22,20,17,90,112.0
92,Queens,Flushing,Weekday,1,22,22,14,9,57,84.0
92,Queens,Flushing,Weekday,2,22,22,7,9,45,57.5
92,Queens,Flushing,Weekday,3,22,22,7,6,32,50.0
92,Queens,Flushing,Weekday,4,22,22,7,3,50,69.0
92,Queens,Flushing,Weekday,5,22,22,1,0,59,74.5
92,Queens,Flushing,Weekday,6,22,22,0,0,86,107.0
92,Queens,Flushing,Weekday,7,22,22,5,3,98,150.0
92,Queens,Flushing,Weekday,8,22,22,3,2,124,152.5
92,Queens,Flushing,Weekday,9,22,22,11,11,115,146.5
92,Queens,Flushing,Weekday,10,22,22,18,15,106,140.5
92,Queens,Flushing,Weekday,11,22,22,22,20,123,145.0
92,Queens,Flushing,Weekday,12,22,22,18,20,122,149.5
92,Queens,Flushing,Weekday,13,22,22,18,19,137,172.0
92,Queens,Flushing,Weekday,14,22,22,17,16,143,179.5
92,Queens,Flushing,Weekday,15,22,22,18,17,154,175.5
92,Queens,Flushing,Weekday,16,22,22,18,12,145,170.0
92,Queens,Flushing,Weekday,17,22,22,19,15,152,182.5
92,Queens,Flushing,Weekday,18,22,22,17,19,142,183.0
92,Queens,Flushing,Weekday,19,22,22,17,16,150,181.0
92,Queens,Flushing,Weekday,20,22,22,22,18,140,200.5
92,Queens,Flushing,Weekday,21,22,22,21,17,164,205.0
92,Queens,Flushing,Weekday,22,22,22,16,16,113,188.0
92,Queens,Flushing,Weekday,23,22,22,20,13,109,140.0
92,Queens,Flushing,Weekend,0,8,8,8,8,186,217.5
92,Queens,Flushing,Weekend,1,8,8,8,7,159,174.0
92,Queens,Flushing,Weekend,2,8,8,8,6,120,137.0
92,Queens,Flushing,Weekend,3,8,8,6,5,86,107.5
92,Queens,Flushing,Weekend,4,8,8,5,2,84,102.0
92,Queens,Flushing,Weekend,5,8,8,1,1,61,77.5
92,Queens,Flushing,Weekend,6,8,8,0,0,85,95.5
92,Queens,Flushing,Weekend,7,8,8,3,2,83,112.0
92,Queens,Flushing,Weekend,8,8,8,3,0,89,107.0
92,Queens,Flushing,Weekend,9,8,8,1,2,110,119.0
92,Queens,Flushing,Weekend,10,8,8,2,3,117,155.0
92,Queens,Flushing,Weekend,11,8,8,4,5,144,164.5
92,Queens,Flushing,Weekend,12,8,8,5,5,156,182.5
92,Queens,Flushing,Weekend,13,8,8,4,4,182,212.0
92,Queens,Flushing,Weekend,14,8,8,5,5,186,225.5
92,Queens,Flushing,Weekend,15,8,8,7,6,192,222.0
92,Queens,Flushing,Weekend,16,8,8,7,8,183,206.0
92,Queens,Flushing,Weekend,17,8,8,8,8,188,217.5
92,Queens,Flushing,Weekend,18,8,8,8,8,198,229.0
92,Queens,Flushing,Weekend,19,8,8,8,8,208,258.5
92,Queens,Flushing,Weekend,20,8,8,8,7,176,278.0
92,Queens,Flushing,Weekend,21,8,8,8,8,182,294.0
92,Queens,Flushing,Weekend,22,8,8,8,8,191,253.5
92,Queens,Flushing,Weekend,23,8,8,8,8,151,206.5
93,Queens,Flushing Meadows-Corona Park,Weekday,0,21,22,18,8,1,5.0
93,Queens,Flushing Meadows-Corona Park,Weekday,1,21,22,13,6,1,4.0
93,Queens,Flushing Meadows-Corona Park,Weekday,2,21,22,16,12,1,2.0
93,Queens,Flushing Meadows-Corona Park,Weekday,3,19,22,12,8,1,2.0
93,Queens,Flushing Meadows-Corona Park,Weekday,4,21,22,10,8,1,3.0
93,Queens,Flushing Meadows-Corona Park,Weekday,5,22,22,8,3,1,3.0
93,Queens,Flushing Meadows-Corona Park,Weekday,6,22,22,2,4,1,4.0
93,Queens,Flushing Meadows-Corona Park,Weekday,7,22,22,4,3,2,6.0
93,Queens,Flushing Meadows-Corona Park,Weekday,8,22,22,4,10,6,11.0
93,Queens,Flushing Meadows-Corona Park,Weekday,9,22,22,10,9,4,8.0
93,Queens,Flushing Meadows-Corona Park,Weekday,10,22,22,15,7,2,8.0
93,Queens,Flushing Meadows-Corona Park,Weekday,11,22,22,20,14,4,10.0
93,Queens,Flushing Meadows-Corona Park,Weekday,12,22,22,18,15,6,12.0
93,Queens,Flushing Meadows-Corona Park,Weekday,13,22,22,15,15,8,15.0
93,Queens,Flushing Meadows-Corona Park,Weekday,14,22,22,14,13,9,18.0
93,Queens,Flushing Meadows-Corona Park,Weekday,15,22,22,18,13,9,16.5
93,Queens,Flushing Meadows-Corona Park,Weekday,16,22,22,18,13,6,18.5
93,Queens,Flushing Meadows-Corona Park,Weekday,17,22,22,17,11,13,21.0
93,Queens,Flushing Meadows-Corona Park,Weekday,18,22,22,14,15,6,19.0
93,Queens,Flushing Meadows-Corona Park,Weekday,19,22,22,19,16,5,16.0
93,Queens,Flushing Meadows-Corona Park,Weekday,20,22,22,20,15,7,22.0
93,Queens,Flushing Meadows-Corona Park,Weekday,21,22,22,18,14,5,32.5
93,Queens,Flushing Meadows-Corona Park,Weekday,22,22,22,21,18,5,17.0
93,Queens,Flushing Meadows-Corona Park,Weekday,23,22,22,18,16,1,10.5
93,Queens,Flushing Meadows-Corona Park,Weekend,0,8,8,6,6,6,23.0
93,Queens,Flushing Meadows-Corona Park,Weekend,1,8,8,7,6,6,14.0
93,Queens,Flushing Meadows-Corona Park,Weekend,2,8,8,5,2,2,6.5
93,Queens,Flushing Meadows-Corona Park,Weekend,3,8,8,4,4,1,5.0
93,Queens,Flushing Meadows-Corona Park,Weekend,4,8,8,4,2,1,3.5
93,Queens,Flushing Meadows-Corona Park,Weekend,5,8,8,3,2,1,5.5
93,Queens,Flushing Meadows-Corona Park,Weekend,6,8,8,3,1,1,4.0
93,Queens,Flushing Meadows-Corona Park,Weekend,7,8,8,4,3,1,4.5
93,Queens,Flushing Meadows-Corona Park,Weekend,8,8,8,5,1,2,4.0
93,Queens,Flushing Meadows-Corona Park,Weekend,9,8,8,4,2,1,7.5
93,Queens,Flushing Meadows-Corona Park,Weekend,10,8,8,4,5,8,13.0
93,Queens,Flushing Meadows-Corona Park,Weekend,11,8,8,8,4,10,12.0
93,Queens,Flushing Meadows-Corona Park,Weekend,12,8,8,4,1,14,18.0
93,Queens,Flushing Meadows-Corona Park,Weekend,13,8,8,5,6,11,19.5
93,Queens,Flushing Meadows-Corona Park,Weekend,14,8,8,5,3,17,26.0
93,Queens,Flushing Meadows-Corona Park,Weekend,15,8,8,6,6,24,31.0
93,Queens,Flushing Meadows-Corona Park,Weekend,16,8,8,5,6,18,40.0
93,Queens,Flushing Meadows-Corona Park,Weekend,17,8,8,7,6,17,46.0
93,Queens,Flushing Meadows-Corona Park,Weekend,18,8,8,7,8,8,25.0
93,Queens,Flushing Meadows-Corona Park,Weekend,19,8,8,7,5,10,22.5
93,Queens,Flushing Meadows-Corona Park,Weekend,20,8,8,8,7,7,37.0
93,Queens,Flushing Meadows-Corona Park,Weekend,21,8,8,8,4,4,15.0
93,Queens,Flushing Meadows-Corona Park,Weekend,22,8,8,8,7,7,17.5
93,Queens,Flushing Meadows-Corona Park,Weekend,23,8,8,6,4,7,18.0
94,Bronx,Fordham South,Weekday,0,22,22,7,8,35,50.5
94,Bronx,Fordham South,Weekday,1,22,22,16,9,21,30.5
94,Bronx,Fordham South,Weekday,2,22,22,8,11,12,20.0
94,Bronx,Fordham South,Weekday,3,22,22,14,15,6,17.5
94,Bronx,Fordham South,Weekday,4,22,22,15,22,18,27.0
94,Bronx,Fordham South,Weekday,5,22,22,17,19,24,36.0
94,Bronx,Fordham South,Weekday,6,22,22,10,16,53,64.5
94,Bronx,Fordham South,Weekday,7,22,22,21,20,62,83.5
94,Bronx,Fordham South,Weekday,8,22,22,11,10,82,97.0
94,Bronx,Fordham South,Weekday,9,22,22,8,6,54,79.0
94,Bronx,Fordham South,Weekday,10,22,22,10,10,43,63.0
94,Bronx,Fordham South,Weekday,11,22,22,13,12,39,57.5
94,Bronx,Fordham South,Weekday,12,22,22,17,12,49,62.0
94,Bronx,Fordham South,Weekday,13,22,22,19,15,49,68.5
94,Bronx,Fordham South,Weekday,14,22,22,19,18,53,83.5
94,Bronx,Fordham South,Weekday,15,22,22,20,18,64,78.5
94,Bronx,Fordham South,Weekday,16,22,22,18,18,54,77.5
94,Bronx,Fordham South,Weekday,17,22,22,21,22,60,78.5
94,Bronx,Fordham South,Weekday,18,22,22,20,18,51,78.5
94,Bronx,Fordham South,Weekday,19,22,22,22,19,58,84.0
94,Bronx,Fordham South,Weekday,20,22,22,21,19,63,78.0
94,Bronx,Fordham South,Weekday,21,22,22,15,10,42,71.5
94,Bronx,Fordham South,Weekday,22,22,22,11,10,52,78.0
94,Bronx,Fordham South,Weekday,23,22,22,12,6,50,72.0
94,Bronx,Fordham South,Weekend,0,8,8,0,2,66,88.0
94,Bronx,Fordham South,Weekend,1,8,8,4,4,44,58.0
94,Bronx,Fordham South,Weekend,2,8,8,1,2,33,50.0
94,Bronx,Fordham South,Weekend,3,8,8,2,4,22,39.5
94,Bronx,Fordham South,Weekend,4,8,8,5,3,31,44.5
94,Bronx,Fordham South,Weekend,5,8,8,6,6,35,37.0
94,Bronx,Fordham South,Weekend,6,8,8,7,7,34,42.5
94,Bronx,Fordham South,Weekend,7,8,8,5,6,47,55.5
94,Bronx,Fordham South,Weekend,8,8,8,3,6,42,57.0
94,Bronx,Fordham South,Weekend,9,8,8,5,5,42,59.5
94,Bronx,Fordham South,Weekend,10,8,8,5,5,47,64.0
94,Bronx,Fordham South,Weekend,11,8,8,5,4,60,72.5
94,Bronx,Fordham South,Weekend,12,8,8,5,6,63,76.0
94,Bronx,Fordham South,Weekend,13,8,8,8,7,62,75.0
94,Bronx,Fordham South,Weekend,14,8,8,8,7,81,88.0
94,Bronx,Fordham South,Weekend,15,8,8,8,8,74,93.5
94,Bronx,Fordham South,Weekend,16,8,8,8,7,68,92.5
94,Bronx,Fordham South,Weekend,17,8,8,8,7,65,87.0
94,Bronx,Fordham South,Weekend,18,8,8,8,8,61,87.0
94,Bronx,Fordham South,Weekend,19,8,8,8,8,65,92.5
94,Bronx,Fordham South,Weekend,20,8,8,8,8,81,92.0
94,Bronx,Fordham South,Weekend,21,8,8,8,5,93,98.5
94,Bronx,Fordham South,Weekend,22,8,8,4,4,57,96.5
94,Bronx,Fordham South,Weekend,23,8,8,2,3,57,82.5
95,Queens,Forest Hills,Weekday,0,22,22,22,17,62,82.0
95,Queens,Forest Hills,Weekday,1,22,22,22,19,32,47.0
95,Queens,Forest Hills,Weekday,2,22,22,20,20,19,29.5
95,Queens,Forest Hills,Weekday,3,22,22,20,15,22,30.5
95,Queens,Forest Hills,Weekday,4,22,22,13,10,43,53.5
95,Queens,Forest Hills,Weekday,5,22,22,6,3,82,92.0
95,Queens,Forest Hills,Weekday,6,22,22,6,1,146,191.0
95,Queens,Forest Hills,Weekday,7,22,22,4,2,184,314.0
95,Queens,Forest Hills,Weekday,8,22,22,1,3,241,325.5
95,Queens,Forest Hills,Weekday,9,22,22,0,0,227,264.0
95,Queens,Forest Hills,Weekday,10,22,22,5,5,205,234.0
95,Queens,Forest Hills,Weekday,11,22,22,13,5,202,238.0
95,Queens,Forest Hills,Weekday,12,22,22,12,7,208,239.0
95,Queens,Forest Hills,Weekday,13,22,22,15,11,217,241.5
95,Queens,Forest Hills,Weekday,14,22,22,12,8,214,266.5
95,Queens,Forest Hills,Weekday,15,22,22,13,7,207,270.5
95,Queens,Forest Hills,Weekday,16,22,22,13,12,228,283.5
95,Queens,Forest Hills,Weekday,17,22,22,18,13,257,309.5
95,Queens,Forest Hills,Weekday,18,22,22,22,19,247,304.0
95,Queens,Forest Hills,Weekday,19,22,22,21,11,212,275.0
95,Queens,Forest Hills,Weekday,20,22,22,21,14,185,242.5
95,Queens,Forest Hills,Weekday,21,22,22,18,13,168,215.5
95,Queens,Forest Hills,Weekday,22,22,22,18,17,124,180.5
95,Queens,Forest Hills,Weekday,23,22,22,20,18,105,141.0
95,Queens,Forest Hills,Weekend,0,8,8,8,7,152,186.0
95,Queens,Forest Hills,Weekend,1,8,8,8,8,89,114.0
95,Queens,Forest Hills,Weekend,2,8,8,6,4,62,75.0
95,Queens,Forest Hills,Weekend,3,8,8,6,5,55,59.5
95,Queens,Forest Hills,Weekend,4,8,8,7,4,50,58.5
95,Queens,Forest Hills,Weekend,5,8,8,3,1,50,63.5
95,Queens,Forest Hills,Weekend,6,8,8,1,0,88,97.5
95,Queens,Forest Hills,Weekend,7,8,8,3,2,115,139.5
95,Queens,Forest Hills,Weekend,8,8,8,6,2,160,182.0
95,Queens,Forest Hills,Weekend,9,8,8,4,3,188,202.5
95,Queens,Forest Hills,Weekend,10,8,8,4,0,205,233.0
95,Queens,Forest Hills,Weekend,11,8,8,5,3,235,256.0
95,Queens,Forest Hills,Weekend,12,8,8,5,5,228,289.0
95,Queens,Forest Hills,Weekend,13,8,8,2,2,250,290.0
95,Queens,Forest Hills,Weekend,14,8,8,2,2,257,269.5
95,Queens,Forest Hills,Weekend,15,8,8,3,1,254,274.0
95,Queens,Forest Hills,Weekend,16,8,8,3,3,236,263.0
95,Queens,Forest Hills,Weekend,17,8,8,5,3,195,261.5
95,Queens,Forest Hills,Weekend,18,8,8,6,5,211,258.0
95,Queens,Forest Hills,Weekend,19,8,8,3,4,194,252.5
95,Queens,Forest Hills,Weekend,20,8,8,8,7,202,272.5
95,Queens,Forest Hills,Weekend,21,8,8,8,7,147,234.0
95,Queens,Forest Hills,Weekend,22,8,8,8,6,154,210.5
95,Queens,Forest Hills,Weekend,23,8,8,8,7,111,169.0
96,Queens,Forest Park/Highland Park,Weekday,0,19,22,15,8,1,3.0
96,Queens,Forest Park/Highland Park,Weekday,1,12,22,9,4,1,1.5
96,Queens,Forest Park/Highland Park,Weekday,2,13,22,9,2,1,1.0
96,Queens,Forest Park/Highland Park,Weekday,3,8,22,6,2,1,1.0
96,Queens,Forest Park/Highland Park,Weekday,4,16,22,6,2,1,1.0
96,Queens,Forest Park/Highland Park,Weekday,5,18,22,7,1,1,2.0
96,Queens,Forest Park/Highland Park,Weekday,6,22,22,20,17,2,5.0
96,Queens,Forest Park/Highland Park,Weekday,7,22,22,19,12,2,5.0
96,Queens,Forest Park/Highland Park,Weekday,8,22,22,15,8,2,6.0
96,Queens,Forest Park/Highland Park,Weekday,9,22,22,14,4,1,5.0
96,Queens,Forest Park/Highland Park,Weekday,10,21,22,15,2,1,5.0
96,Queens,Forest Park/Highland Park,Weekday,11,21,22,18,5,1,3.0
96,Queens,Forest Park/Highland Park,Weekday,12,21,22,14,9,1,4.0
96,Queens,Forest Park/Highland Park,Weekday,13,22,22,16,8,2,4.5
96,Queens,Forest Park/Highland Park,Weekday,14,22,22,14,6,2,4.5
96,Queens,Forest Park/Highland Park,Weekday,15,22,22,14,7,1,6.0
96,Queens,Forest Park/Highland Park,Weekday,16,22,22,13,4,1,5.0
96,Queens,Forest Park/Highland Park,Weekday,17,22,22,14,6,1,4.0
96,Queens,Forest Park/Highland Park,Weekday,18,22,22,14,5,4,7.0
96,Queens,Forest Park/Highland Park,Weekday,19,22,22,16,7,1,6.5
96,Queens,Forest Park/Highland Park,Weekday,20,22,22,15,4,3,6.0
96,Queens,Forest Park/Highland Park,Weekday,21,21,22,12,11,2,4.0
96,Queens,Forest Park/Highland Park,Weekday,22,22,22,15,7,1,4.0
96,Queens,Forest Park/Highland Park,Weekday,23,20,22,13,4,1,3.0
96,Queens,Forest Park/Highland Park,Weekend,0,8,8,3,3,2,3.5
96,Queens,Forest Park/Highland Park,Weekend,1,8,8,5,2,1,2.0
96,Queens,Forest Park/Highland Park,Weekend,2,7,8,1,2,1,3.0
96,Queens,Forest Park/Highland Park,Weekend,3,6,8,3,4,1,2.5
96,Queens,Forest Park/Highland Park,Weekend,4,6,8,5,3,1,2.0
96,Queens,Forest Park/Highland Park,Weekend,5,7,8,3,1,1,2.0
96,Queens,Forest Park/Highland Park,Weekend,6,8,8,5,2,2,3.0
96,Queens,Forest Park/Highland Park,Weekend,7,8,8,7,3,2,3.0
96,Queens,Forest Park/Highland Park,Weekend,8,8,8,5,2,2,4.0
96,Queens,Forest Park/Highland Park,Weekend,9,8,8,5,4,2,5.0
96,Queens,Forest Park/Highland Park,Weekend,10,8,8,7,6,4,6.5
96,Queens,Forest Park/Highland Park,Weekend,11,8,8,6,5,3,9.0
96,Queens,Forest Park/Highland Park,Weekend,12,8,8,6,4,4,7.5
96,Queens,Forest Park/Highland Park,Weekend,13,8,8,5,4,3,6.0
96,Queens,Forest Park/Highland Park,Weekend,14,8,8,5,5,2,8.5
96,Queens,Forest Park/Highland Park,Weekend,15,8,8,3,5,3,10.0
96,Queens,Forest Park/Highland Park,Weekend,16,8,8,6,6,2,12.0
96,Queens,Forest Park/Highland Park,Weekend,17,8,8,6,5,2,12.5
96,Queens,Forest Park/Highland Park,Weekend,18,8,8,7,3,4,11.5
96,Queens,Forest Park/Highland Park,Weekend,19,8,8,6,4,2,12.0
96,Queens,Forest Park/Highland Park,Weekend,20,8,8,6,5,3,6.5
96,Queens,Forest Park/Highland Park,Weekend,21,8,8,5,4,2,5.0
96,Queens,Forest Park/Highland Park,Weekend,22,7,8,4,3,2,3.0
96,Queens,Forest Park/Highland Park,Weekend,23,8,8,4,2,2,2.5
97,Brooklyn,Fort Greene,Weekday,0,22,22,0,1,60,103.5
97,Brooklyn,Fort Greene,Weekday,1,22,22,6,3,34,49.5
97,Brooklyn,Fort Greene,Weekday,2,22,22,7,9,15,28.5
97,Brooklyn,Fort Greene,Weekday,3,22,22,15,13,9,22.0
97,Brooklyn,Fort Greene,Weekday,4,22,22,12,15,29,38.5
97,Brooklyn,Fort Greene,Weekday,5,22,22,19,11,57,66.0
97,Brooklyn,Fort Greene,Weekday,6,22,22,19,16,92,114.0
97,Brooklyn,Fort Greene,Weekday,7,22,22,15,9,131,163.5
97,Brooklyn,Fort Greene,Weekday,8,22,22,15,15,164,213.0
97,Brooklyn,Fort Greene,Weekday,9,22,22,14,10,174,207.0
97,Brooklyn,Fort Greene,Weekday,10,22,22,3,2,140,171.0
97,Brooklyn,Fort Greene,Weekday,11,22,22,4,4,131,157.5
97,Brooklyn,Fort Greene,Weekday,12,22,22,9,10,126,155.0
97,Brooklyn,Fort Greene,Weekday,13,22,22,12,11,140,167.0
97,Brooklyn,Fort Greene,Weekday,14,22,22,11,10,144,178.0
97,Brooklyn,Fort Greene,Weekday,15,22,22,16,12,168,199.0
97,Brooklyn,Fort Greene,Weekday,16,22,22,10,6,150,196.5
97,Brooklyn,Fort Greene,Weekday,17,22,22,8,9,189,255.0
97,Brooklyn,Fort Greene,Weekday,18,22,22,2,9,188,256.5
97,Brooklyn,Fort Greene,Weekday,19,22,22,1,2,184,261.0
97,Brooklyn,Fort Greene,Weekday,20,22,22,0,1,193,264.0
97,Brooklyn,Fort Greene,Weekday,21,22,22,0,0,205,306.5
97,Brooklyn,Fort Greene,Weekday,22,22,22,4,3,173,372.0
97,Brooklyn,Fort Greene,Weekday,23,22,22,4,4,126,246.5
97,Brooklyn,Fort Greene,Weekend,0,8,8,2,1,312,325.0
97,Brooklyn,Fort Greene,Weekend,1,8,8,0,0,177,195.0
97,Brooklyn,Fort Greene,Weekend,2,8,8,0,2,78,109.5
97,Brooklyn,Fort Greene,Weekend,3,8,8,3,2,53,97.0
97,Brooklyn,Fort Greene,Weekend,4,8,8,3,1,34,65.5
97,Brooklyn,Fort Greene,Weekend,5,8,8,2,2,33,55.0
97,Brooklyn,Fort Greene,Weekend,6,8,8,3,3,69,78.5
97,Brooklyn,Fort Greene,Weekend,7,8,8,2,2,77,101.5
97,Brooklyn,Fort Greene,Weekend,8,8,8,1,3,101,115.5
97,Brooklyn,Fort Greene,Weekend,9,8,8,4,3,158,176.5
97,Brooklyn,Fort Greene,Weekend,10,8,8,3,1,178,205.5
97,Brooklyn,Fort Greene,Weekend,11,8,8,4,1,168,242.5
97,Brooklyn,Fort Greene,Weekend,12,8,8,6,6,170,283.5
97,Brooklyn,Fort Greene,Weekend,13,8,8,6,3,154,293.5
97,Brooklyn,Fort Greene,Weekend,14,8,8,7,3,202,308.0
97,Brooklyn,Fort Greene,Weekend,15,8,8,4,3,248,307.0
97,Brooklyn,Fort Greene,Weekend,16,8,8,3,1,250,308.5
97,Brooklyn,Fort Greene,Weekend,17,8,8,3,3,255,323.5
97,Brooklyn,Fort Greene,Weekend,18,8,8,2,2,258,344.5
97,Brooklyn,Fort Greene,Weekend,19,8,8,2,1,263,334.0
97,Brooklyn,Fort Greene,Weekend,20,8,8,1,1,250,345.0
97,Brooklyn,Fort Greene,Weekend,21,8,8,3,1,256,368.0
97,Brooklyn,Fort Greene,Weekend,22,8,8,4,2,173,405.5
97,Brooklyn,Fort Greene,Weekend,23,8,8,4,2,125,372.0
98,Queens,Fresh Meadows,Weekday,0,22,22,21,17,7,14.0
98,Queens,Fresh Meadows,Weekday,1,22,22,22,16,4,8.5
98,Queens,Fresh Meadows,Weekday,2,21,22,18,13,1,4.0
98,Queens,Fresh Meadows,Weekday,3,22,22,21,18,1,5.0
98,Queens,Fresh Meadows,Weekday,4,22,22,22,18,2,5.0
98,Queens,Fresh Meadows,Weekday,5,22,22,14,13,6,12.0
98,Queens,Fresh Meadows,Weekday,6,22,22,19,17,13,24.5
98,Queens,Fresh Meadows,Weekday,7,22,22,18,17,18,32.5
98,Queens,Fresh Meadows,Weekday,8,22,22,10,10,30,40.0
98,Queens,Fresh Meadows,Weekday,9,22,22,19,14,27,36.5
98,Queens,Fresh Meadows,Weekday,10,22,22,20,13,23,33.0
98,Queens,Fresh Meadows,Weekday,11,22,22,19,17,21,31.5
98,Queens,Fresh Meadows,Weekday,12,22,22,14,15,21,35.0
98,Queens,Fresh Meadows,Weekday,13,22,22,19,15,28,37.5
98,Queens,Fresh Meadows,Weekday,14,22,22,20,20,25,51.0
98,Queens,Fresh Meadows,Weekday,15,22,22,20,16,24,43.5
98,Queens,Fresh Meadows,Weekday,16,22,22,21,19,18,43.0
98,Queens,Fresh Meadows,Weekday,17,22,22,14,13,27,39.0
98,Queens,Fresh Meadows,Weekday,18,22,22,18,9,25,32.0
98,Queens,Fresh Meadows,Weekday,19,22,22,21,15,23,32.0
98,Queens,Fresh Meadows,Weekday,20,22,22,19,14,18,30.0
98,Queens,Fresh Meadows,Weekday,21,22,22,18,13,23,32.0
98,Queens,Fresh Meadows,Weekday,22,22,22,20,15,19,29.0
98,Queens,Fresh Meadows,Weekday,23,22,22,18,15,13,21.5
98,Queens,Fresh Meadows,Weekend,0,8,8,7,7,11,28.0
98,Queens,Fresh Meadows,Weekend,1,8,8,7,7,12,17.5
98,Queens,Fresh Meadows,Weekend,2,8,8,7,3,2,11.0
98,Queens,Fresh Meadows,Weekend,3,8,8,5,5,2,5.0
98,Queens,Fresh Meadows,Weekend,4,8,8,7,6,2,4.5
98,Queens,Fresh Meadows,Weekend,5,8,8,8,5,4,9.5
98,Queens,Fresh Meadows,Weekend,6,8,8,5,4,10,13.5
98,Queens,Fresh Meadows,Weekend,7,8,8,6,6,11,18.5
98,Queens,Fresh Meadows,Weekend,8,8,8,7,6,12,21.0
98,Queens,Fresh Meadows,Weekend,9,8,8,7,4,22,28.0
98,Queens,Fresh Meadows,Weekend,10,8,8,7,6,23,30.0
98,Queens,Fresh Meadows,Weekend,11,8,8,5,4,19,27.0
98,Queens,Fresh Meadows,Weekend,12,8,8,3,5,24,32.0
98,Queens,Fresh Meadows,Weekend,13,8,8,4,4,25,34.5
98,Queens,Fresh Meadows,Weekend,14,8,8,3,4,28,35.5
98,Queens,Fresh Meadows,Weekend,15,8,8,5,2,25,35.0
98,Queens,Fresh Meadows,Weekend,16,8,8,5,5,21,35.0
98,Queens,Fresh Meadows,Weekend,17,8,8,5,5,29,36.5
98,Queens,Fresh Meadows,Weekend,18,8,8,5,5,17,38.0
98,Queens,Fresh Meadows,Weekend,19,8,8,6,3,30,36.5
98,Queens,Fresh Meadows,Weekend,20,8,8,6,5,25,34.5
98,Queens,Fresh Meadows,Weekend,21,8,8,5,4,26,38.0
98,Queens,Fresh Meadows,Weekend,22,8,8,5,4,23,33.5
98,Queens,Fresh Meadows,Weekend,23,8,8,7,6,16,27.5
99,Staten Island,Freshkills Park,Weekday,0,11,22,10,5,1,2.0
99,Staten Island,Freshkills Park,Weekday,1,9,22,8,2,1,1.0
99,Staten Island,Freshkills Park,Weekday,2,11,22,11,3,1,1.0
99,Staten Island,Freshkills Park,Weekday,3,9,22,9,4,1,1.0
99,Staten Island,Freshkills Park,Weekday,4,16,22,12,1,1,1.0
99,Staten Island,Freshkills Park,Weekday,5,3,22,2,1,1,1.0
99,Staten Island,Freshkills Park,Weekday,6,5,22,3,1,1,1.0
99,Staten Island,Freshkills Park,Weekday,7,10,22,6,2,1,1.0
99,Staten Island,Freshkills Park,Weekday,8,6,22,3,1,1,1.0
99,Staten Island,Freshkills Park,Weekday,9,5,22,4,1,1,1.0
99,Staten Island,Freshkills Park,Weekday,10,1,22,1,0,1,1.0
99,Staten Island,Freshkills Park,Weekday,11,11,22,9,0,1,1.0
99,Staten Island,Freshkills Park,Weekday,12,10,22,7,3,1,1.5
99,Staten Island,Freshkills Park,Weekday,13,13,22,12,4,1,1.0
99,Staten Island,Freshkills Park,Weekday,14,16,22,11,4,1,1.5
99,Staten Island,Freshkills Park,Weekday,15,20,22,19,9,1,2.0
99,Staten Island,Freshkills Park,Weekday,16,9,22,8,4,1,1.0
99,Staten Island,Freshkills Park,Weekday,17,12,22,7,2,1,1.0
99,Staten Island,Freshkills Park,Weekday,18,14,22,11,2,1,2.0
99,Staten Island,Freshkills Park,Weekday,19,18,22,14,1,1,1.0
99,Staten Island,Freshkills Park,Weekday,20,11,22,10,3,1,2.0
99,Staten Island,Freshkills Park,Weekday,21,18,22,16,4,1,1.5
99,Staten Island,Freshkills Park,Weekday,22,16,22,14,5,1,1.0
99,Staten Island,Freshkills Park,Weekday,23,14,22,10,5,1,2.0
99,Staten Island,Freshkills Park,Weekend,0,8,8,7,3,1,5.0
99,Staten Island,Freshkills Park,Weekend,1,8,8,6,6,2,5.0
99,Staten Island,Freshkills Park,Weekend,2,8,8,8,7,2,7.0
99,Staten Island,Freshkills Park,Weekend,3,8,8,8,6,3,7.5
99,Staten Island,Freshkills Park,Weekend,4,8,8,7,5,1,3.0
99,Staten Island,Freshkills Park,Weekend,5,4,8,4,2,1,1.0
99,Staten Island,Freshkills Park,Weekend,6,3,8,1,1,1,2.0
99,Staten Island,Freshkills Park,Weekend,7,1,8,1,0,3,3.0
99,Staten Island,Freshkills Park,Weekend,8,3,8,3,2,1,1.0
99,Staten Island,Freshkills Park,Weekend,9,4,8,4,3,1,1.5
99,Staten Island,Freshkills Park,Weekend,10,5,8,3,3,1,1.0
99,Staten Island,Freshkills Park,Weekend,11,3,8,2,1,1,1.0
99,Staten Island,Freshkills Park,Weekend,12,2,8,2,1,1,1.5
99,Staten Island,Freshkills Park,Weekend,13,5,8,3,0,1,1.0
99,Staten Island,Freshkills Park,Weekend,14,3,8,1,0,1,1.0
99,Staten Island,Freshkills Park,Weekend,15,5,8,4,1,1,2.0
99,Staten Island,Freshkills Park,Weekend,16,2,8,2,0,1,1.0
99,Staten Island,Freshkills Park,Weekend,17,6,8,5,3,1,1.0
99,Staten Island,Freshkills Park,Weekend,18,4,8,4,1,1,2.0
99,Staten Island,Freshkills Park,Weekend,19,4,8,4,1,1,1.5
99,Staten Island,Freshkills Park,Weekend,20,5,8,5,1,1,1.0
99,Staten Island,Freshkills Park,Weekend,21,2,8,0,1,1,2.0
99,Staten Island,Freshkills Park,Weekend,22,3,8,2,1,1,1.0
99,Staten Island,Freshkills Park,Weekend,23,5,8,5,5,1,2.0
100,Manhattan,Garment District,Weekday,0,22,22,0,0,86,128.5
100,Manhattan,Garment District,Weekday,1,22,22,1,0,48,82.0
100,Manhattan,Garment District,Weekday,2,22,22,0,0,25,50.5
100,Manhattan,Garment District,Weekday,3,22,22,0,0,21,37.0
100,Manhattan,Garment District,Weekday,4,22,22,1,2,20,36.0
100,Manhattan,Garment District,Weekday,5,22,22,1,2,29,39.0
100,Manhattan,Garment District,Weekday,6,22,22,0,0,38,52.5
100,Manhattan,Garment District,Weekday,7,22,22,0,1,51,80.5
100,Manhattan,Garment District,Weekday,8,22,22,0,1,70,123.5
100,Manhattan,Garment District,Weekday,9,22,22,2,7,99,132.5
100,Manhattan,Garment District,Weekday,10,22,22,0,9,96,135.0
100,Manhattan,Garment District,Weekday,11,22,22,3,11,120,149.5
100,Manhattan,Garment District,Weekday,12,22,22,1,9,103,149.0
100,Manhattan,Garment District,Weekday,13,22,22,3,10,112,164.0
100,Manhattan,Garment District,Weekday,14,22,22,4,7,127,154.5
100,Manhattan,Garment District,Weekday,15,22,22,5,10,133,181.5
100,Manhattan,Garment District,Weekday,16,22,22,7,12,136,214.0
100,Manhattan,Garment District,Weekday,17,22,22,12,11,170,236.0
100,Manhattan,Garment District,Weekday,18,22,22,9,14,165,225.0
100,Manhattan,Garment District,Weekday,19,22,22,3,6,147,211.0
100,Manhattan,Garment District,Weekday,20,22,22,2,2,143,261.5
100,Manhattan,Garment District,Weekday,21,22,22,14,10,151,235.5
100,Manhattan,Garment District,Weekday,22,22,22,16,14,138,228.0
100,Manhattan,Garment District,Weekday,23,22,22,8,10,99,201.0
100,Manhattan,Garment District,Weekend,0,8,8,6,4,206,216.5
100,Manhattan,Garment District,Weekend,1,8,8,6,4,173,231.5
100,Manhattan,Garment District,Weekend,2,8,8,2,0,169,197.5
100,Manhattan,Garment District,Weekend,3,8,8,0,1,99,127.0
100,Manhattan,Garment District,Weekend,4,8,8,2,2,56,87.5
100,Manhattan,Garment District,Weekend,5,8,8,1,2,35,48.0
100,Manhattan,Garment District,Weekend,6,8,8,0,0,38,44.5
100,Manhattan,Garment District,Weekend,7,8,8,0,0,40,59.0
100,Manhattan,Garment District,Weekend,8,8,8,0,1,61,75.0
100,Manhattan,Garment District,Weekend,9,8,8,0,0,105,108.5
100,Manhattan,Garment District,Weekend,10,8,8,0,0,127,140.0
100,Manhattan,Garment District,Weekend,11,8,8,2,2,111,150.0
100,Manhattan,Garment District,Weekend,12,8,8,2,2,135,142.0
100,Manhattan,Garment District,Weekend,13,8,8,2,5,117,151.0
100,Manhattan,Garment District,Weekend,14,8,8,2,3,111,131.5
100,Manhattan,Garment District,Weekend,15,8,8,1,4,107,156.5
100,Manhattan,Garment District,Weekend,16,8,8,2,5,128,168.0
100,Manhattan,Garment District,Weekend,17,8,8,3,3,122,157.0
100,Manhattan,Garment District,Weekend,18,8,8,2,3,108,174.0
100,Manhattan,Garment District,Weekend,19,8,8,2,2,122,170.5
100,Manhattan,Garment District,Weekend,20,8,8,1,1,137,174.0
100,Manhattan,Garment District,Weekend,21,8,8,2,1,136,176.0
100,Manhattan,Garment District,Weekend,22,8,8,2,1,124,198.0
100,Manhattan,Garment District,Weekend,23,8,8,1,0,100,163.0
101,Queens,Glen Oaks,Weekday,0,22,22,21,22,7,12.0
101,Queens,Glen Oaks,Weekday,1,22,22,21,19,2,6.0
101,Queens,Glen Oaks,Weekday,2,21,22,19,12,1,3.0
101,Queens,Glen Oaks,Weekday,3,22,22,20,19,3,6.0
101,Queens,Glen Oaks,Weekday,4,22,22,22,21,4,10.5
101,Queens,Glen Oaks,Weekday,5,22,22,21,21,7,14.0
101,Queens,Glen Oaks,Weekday,6,22,22,14,14,18,27.5
101,Queens,Glen Oaks,Weekday,7,22,22,15,15,36,45.5
101,Queens,Glen Oaks,Weekday,8,22,22,19,15,38,50.0
101,Queens,Glen Oaks,Weekday,9,22,22,19,15,26,34.5
101,Queens,Glen Oaks,Weekday,10,22,22,20,17,26,33.0
101,Queens,Glen Oaks,Weekday,11,22,22,22,15,18,37.5
101,Queens,Glen Oaks,Weekday,12,22,22,20,19,28,37.5
101,Queens,Glen Oaks,Weekday,13,22,22,21,18,32,41.5
101,Queens,Glen Oaks,Weekday,14,22,22,21,20,36,52.5
101,Queens,Glen Oaks,Weekday,15,22,22,22,17,35,47.5
101,Queens,Glen Oaks,Weekday,16,22,22,21,18,40,52.0
101,Queens,Glen Oaks,Weekday,17,22,22,22,19,25,42.0
101,Queens,Glen Oaks,Weekday,18,22,22,22,17,22,37.0
101,Queens,Glen Oaks,Weekday,19,22,22,21,18,27,35.0
101,Queens,Glen Oaks,Weekday,20,22,22,22,20,20,28.5
101,Queens,Glen Oaks,Weekday,21,22,22,20,14,13,22.5
101,Queens,Glen Oaks,Weekday,22,22,22,19,22,13,20.5
101,Queens,Glen Oaks,Weekday,23,22,22,22,20,18,26.5
101,Queens,Glen Oaks,Weekend,0,8,8,7,7,10,16.0
101,Queens,Glen Oaks,Weekend,1,8,8,8,7,4,9.5
101,Queens,Glen Oaks,Weekend,2,8,8,8,7,5,8.0
101,Queens,Glen Oaks,Weekend,3,8,8,8,6,4,7.0
101,Queens,Glen Oaks,Weekend,4,8,8,7,6,4,7.5
101,Queens,Glen Oaks,Weekend,5,8,8,8,4,8,9.0
101,Queens,Glen Oaks,Weekend,6,8,8,6,4,8,15.0
101,Queens,Glen Oaks,Weekend,7,8,8,7,6,18,25.0
101,Queens,Glen Oaks,Weekend,8,8,8,6,7,17,32.0
101,Queens,Glen Oaks,Weekend,9,8,8,8,7,18,25.0
101,Queens,Glen Oaks,Weekend,10,8,8,8,6,15,25.5
101,Queens,Glen Oaks,Weekend,11,8,8,6,6,17,28.5
101,Queens,Glen Oaks,Weekend,12,8,8,7,5,22,30.5
101,Queens,Glen Oaks,Weekend,13,8,8,7,5,25,32.0
101,Queens,Glen Oaks,Weekend,14,8,8,6,3,25,33.5
101,Queens,Glen Oaks,Weekend,15,8,8,6,6,30,37.0
101,Queens,Glen Oaks,Weekend,16,8,8,7,4,30,41.5
101,Queens,Glen Oaks,Weekend,17,8,8,8,7,23,34.0
101,Queens,Glen Oaks,Weekend,18,8,8,8,7,24,36.5
101,Queens,Glen Oaks,Weekend,19,8,8,8,7,29,34.5
101,Queens,Glen Oaks,Weekend,20,8,8,8,8,26,32.0
101,Queens,Glen Oaks,Weekend,21,8,8,8,8,19,27.5
101,Queens,Glen Oaks,Weekend,22,8,8,8,7,14,17.5
101,Queens,Glen Oaks,Weekend,23,8,8,8,7,13,26.5
102,Queens,Glendale,Weekday,0,22,22,19,14,17,25.0
102,Queens,Glendale,Weekday,1,22,22,16,16,6,14.0
102,Queens,Glendale,Weekday,2,22,22,16,17,5,9.0
102,Queens,Glendale,Weekday,3,22,22,19,15,8,15.0
102,Queens,Glendale,Weekday,4,22,22,14,8,18,22.5
102,Queens,Glendale,Weekday,5,22,22,19,10,40,47.5
102,Queens,Glendale,Weekday,6,22,22,20,20,60,86.0
102,Queens,Glendale,Weekday,7,22,22,20,19,76,111.5
102,Queens,Glendale,Weekday,8,22,22,18,18,103,121.5
102,Queens,Glendale,Weekday,9,22,22,14,10,82,109.5
102,Queens,Glendale,Weekday,10,22,22,16,10,66,83.5
102,Queens,Glendale,Weekday,11,22,22,19,12,56,74.5
102,Queens,Glendale,Weekday,12,22,22,19,12,53,70.0
102,Queens,Glendale,Weekday,13,22,22,19,14,64,76.0
102,Queens,Glendale,Weekday,14,22,22,14,10,57,82.0
102,Queens,Glendale,Weekday,15,22,22,8,6,68,85.5
102,Queens,Glendale,Weekday,16,22,22,11,10,70,96.5
102,Queens,Glendale,Weekday,17,22,22,12,7,69,95.0
102,Queens,Glendale,Weekday,18,22,22,13,13,66,89.5
102,Queens,Glendale,Weekday,19,22,22,16,12,48,76.5
102,Queens,Glendale,Weekday,20,22,22,20,15,49,74.5
102,Queens,Glendale,Weekday,21,22,22,14,8,50,77.5
102,Queens,Glendale,Weekday,22,22,22,17,15,43,63.0
102,Queens,Glendale,Weekday,23,22,22,17,12,31,43.5
102,Queens,Glendale,Weekend,0,8,8,3,2,58,72.5
102,Queens,Glendale,Weekend,1,8,8,6,2,28,42.5
102,Queens,Glendale,Weekend,2,8,8,3,1,26,31.0
102,Queens,Glendale,Weekend,3,8,8,4,4,20,24.0
102,Queens,Glendale,Weekend,4,8,8,7,6,18,24.0
102,Queens,Glendale,Weekend,5,8,8,8,3,27,38.5
102,Queens,Glendale,Weekend,6,8,8,8,8,42,49.0
102,Queens,Glendale,Weekend,7,8,8,8,6,46,56.5
102,Queens,Glendale,Weekend,8,8,8,6,5,54,68.0
102,Queens,Glendale,Weekend,9,8,8,8,4,68,82.0
102,Queens,Glendale,Weekend,10,8,8,8,6,82,95.0
102,Queens,Glendale,Weekend,11,8,8,2,2,82,99.0
102,Queens,Glendale,Weekend,12,8,8,5,5,89,99.0
102,Queens,Glendale,Weekend,13,8,8,5,4,94,108.0
102,Queens,Glendale,Weekend,14,8,8,4,3,85,108.5
102,Queens,Glendale,Weekend,15,8,8,2,5,91,107.0
102,Queens,Glendale,Weekend,16,8,8,4,3,82,99.0
102,Queens,Glendale,Weekend,17,8,8,3,3,82,118.0
102,Queens,Glendale,Weekend,18,8,8,5,2,89,111.5
102,Queens,Glendale,Weekend,19,8,8,6,4,93,117.5
102,Queens,Glendale,Weekend,20,8,8,8,8,77,116.0
102,Queens,Glendale,Weekend,21,8,8,8,6,84,119.0
102,Queens,Glendale,Weekend,22,8,8,8,6,64,91.0
102,Queens,Glendale,Weekend,23,8,8,6,6,38,75.5
105,Manhattan,Governor's Island/Ellis Island/Liberty Island,Weekday,11,1,22,1,1,1,1.0
105,Manhattan,Governor's Island/Ellis Island/Liberty Island,Weekday,20,1,22,1,1,1,1.0
105,Manhattan,Governor's Island/Ellis Island/Liberty Island,Weekend,1,1,8,1,0,1,1.0
105,Manhattan,Governor's Island/Ellis Island/Liberty Island,Weekend,23,1,8,1,0,1,1.0
106,Brooklyn,Gowanus,Weekday,0,22,22,9,3,18,34.0
106,Brooklyn,Gowanus,Weekday,1,22,22,14,8,9,19.0
106,Brooklyn,Gowanus,Weekday,2,22,22,11,9,8,15.0
106,Brooklyn,Gowanus,Weekday,3,22,22,10,11,6,11.5
106,Brooklyn,Gowanus,Weekday,4,22,22,6,2,8,13.5
106,Brooklyn,Gowanus,Weekday,5,22,22,5,5,12,21.0
106,Brooklyn,Gowanus,Weekday,6,22,22,2,2,26,34.0
106,Brooklyn,Gowanus,Weekday,7,22,22,5,7,34,54.0
106,Brooklyn,Gowanus,Weekday,8,22,22,9,0,44,62.0
106,Brooklyn,Gowanus,Weekday,9,22,22,9,6,40,60.0
106,Brooklyn,Gowanus,Weekday,10,22,22,11,5,39,58.0
106,Brooklyn,Gowanus,Weekday,11,22,22,14,5,43,54.5
106,Brooklyn,Gowanus,Weekday,12,22,22,13,7,41,58.0
106,Brooklyn,Gowanus,Weekday,13,22,22,15,5,40,56.5
106,Brooklyn,Gowanus,Weekday,14,22,22,13,3,46,62.5
106,Brooklyn,Gowanus,Weekday,15,22,22,9,1,53,64.5
106,Brooklyn,Gowanus,Weekday,16,22,22,6,2,46,77.5
106,Brooklyn,Gowanus,Weekday,17,22,22,3,3,57,99.5
106,Brooklyn,Gowanus,Weekday,18,22,22,5,0,65,104.0
106,Brooklyn,Gowanus,Weekday,19,22,22,3,0,58,98.0
106,Brooklyn,Gowanus,Weekday,20,22,22,4,0,52,89.5
106,Brooklyn,Gowanus,Weekday,21,22,22,3,0,64,105.0
106,Brooklyn,Gowanus,Weekday,22,22,22,6,1,58,101.0
106,Brooklyn,Gowanus,Weekday,23,22,22,8,4,43,79.0
106,Brooklyn,Gowanus,Weekend,0,8,8,3,2,83,106.5
106,Brooklyn,Gowanus,Weekend,1,8,8,2,2,39,82.5
106,Brooklyn,Gowanus,Weekend,2,8,8,2,3,39,52.0
106,Brooklyn,Gowanus,Weekend,3,8,8,4,3,20,39.0
106,Brooklyn,Gowanus,Weekend,4,8,8,3,2,16,30.0
106,Brooklyn,Gowanus,Weekend,5,8,8,3,2,8,16.5
106,Brooklyn,Gowanus,Weekend,6,8,8,2,0,22,25.0
106,Brooklyn,Gowanus,Weekend,7,8,8,3,2,13,35.0
106,Brooklyn,Gowanus,Weekend,8,8,8,2,0,41,46.5
106,Brooklyn,Gowanus,Weekend,9,8,8,2,0,58,65.0
106,Brooklyn,Gowanus,Weekend,10,8,8,2,0,54,93.5
106,Brooklyn,Gowanus,Weekend,11,8,8,2,1,66,92.5
106,Brooklyn,Gowanus,Weekend,12,8,8,2,1,77,99.0
106,Brooklyn,Gowanus,Weekend,13,8,8,1,0,81,103.5
106,Brooklyn,Gowanus,Weekend,14,8,8,1,0,73,110.5
106,Brooklyn,Gowanus,Weekend,15,8,8,1,0,77,115.0
106,Brooklyn,Gowanus,Weekend,16,8,8,2,0,79,126.0
106,Brooklyn,Gowanus,Weekend,17,8,8,2,1,92,130.5
106,Brooklyn,Gowanus,Weekend,18,8,8,2,0,71,128.0
106,Brooklyn,Gowanus,Weekend,19,8,8,1,0,67,134.5
106,Brooklyn,Gowanus,Weekend,20,8,8,3,1,84,122.5
106,Brooklyn,Gowanus,Weekend,21,8,8,3,1,52,135.5
106,Brooklyn,Gowanus,Weekend,22,8,8,4,4,52,123.5
106,Brooklyn,Gowanus,Weekend,23,8,8,4,2,24,80.5
107,Manhattan,Gramercy,Weekday,0,22,22,0,0,42,103.5
107,Manhattan,Gramercy,Weekday,1,22,22,0,0,35,57.0
107,Manhattan,Gramercy,Weekday,2,22,22,0,0,22,34.0
107,Manhattan,Gramercy,Weekday,3,22,22,1,2,14,27.0
107,Manhattan,Gramercy,Weekday,4,22,22,0,0,29,45.5
107,Manhattan,Gramercy,Weekday,5,22,22,6,0,54,76.5
107,Manhattan,Gramercy,Weekday,6,22,22,0,0,113,153.0
107,Manhattan,Gramercy,Weekday,7,22,22,0,0,139,203.5
107,Manhattan,Gramercy,Weekday,8,22,22,5,2,193,267.0
107,Manhattan,Gramercy,Weekday,9,22,22,2,0,181,223.0
107,Manhattan,Gramercy,Weekday,10,22,22,0,0,155,180.5
107,Manhattan,Gramercy,Weekday,11,22,22,0,1,142,176.5
107,Manhattan,Gramercy,Weekday,12,22,22,0,0,129,168.0
107,Manhattan,Gramercy,Weekday,13,22,22,0,0,141,174.0
107,Manhattan,Gramercy,Weekday,14,22,22,0,0,147,183.0
107,Manhattan,Gramercy,Weekday,15,22,22,1,0,158,204.0
107,Manhattan,Gramercy,Weekday,16,22,22,3,3,168,201.5
107,Manhattan,Gramercy,Weekday,17,22,22,3,1,165,247.0
107,Manhattan,Gramercy,Weekday,18,22,22,2,1,181,295.0
107,Manhattan,Gramercy,Weekday,19,22,22,0,0,169,287.5
107,Manhattan,Gramercy,Weekday,20,22,22,0,0,187,320.0
107,Manhattan,Gramercy,Weekday,21,22,22,2,1,192,318.5
107,Manhattan,Gramercy,Weekday,22,22,22,4,3,149,289.0
107,Manhattan,Gramercy,Weekday,23,22,22,0,0,112,228.0
107,Manhattan,Gramercy,Weekend,0,8,8,1,0,309,349.5
107,Manhattan,Gramercy,Weekend,1,8,8,0,0,224,278.0
107,Manhattan,Gramercy,Weekend,2,8,8,0,0,153,194.0
107,Manhattan,Gramercy,Weekend,3,8,8,0,0,102,127.5
107,Manhattan,Gramercy,Weekend,4,8,8,0,0,65,74.5
107,Manhattan,Gramercy,Weekend,5,8,8,0,0,48,62.0
107,Manhattan,Gramercy,Weekend,6,8,8,0,0,65,71.5
107,Manhattan,Gramercy,Weekend,7,8,8,0,0,81,96.0
107,Manhattan,Gramercy,Weekend,8,8,8,0,0,109,138.5
107,Manhattan,Gramercy,Weekend,9,8,8,0,0,139,160.0
107,Manhattan,Gramercy,Weekend,10,8,8,1,0,191,218.0
107,Manhattan,Gramercy,Weekend,11,8,8,1,1,191,235.5
107,Manhattan,Gramercy,Weekend,12,8,8,1,1,206,253.0
107,Manhattan,Gramercy,Weekend,13,8,8,1,1,214,254.5
107,Manhattan,Gramercy,Weekend,14,8,8,2,0,211,234.0
107,Manhattan,Gramercy,Weekend,15,8,8,1,1,211,228.5
107,Manhattan,Gramercy,Weekend,16,8,8,1,0,201,249.0
107,Manhattan,Gramercy,Weekend,17,8,8,1,0,186,253.0
107,Manhattan,Gramercy,Weekend,18,8,8,0,0,153,270.5
107,Manhattan,Gramercy,Weekend,19,8,8,0,0,156,279.5
107,Manhattan,Gramercy,Weekend,20,8,8,0,0,185,286.5
107,Manhattan,Gramercy,Weekend,21,8,8,0,0,128,277.5
107,Manhattan,Gramercy,Weekend,22,8,8,0,0,122,325.5
107,Manhattan,Gramercy,Weekend,23,8,8,0,0,100,270.5
108,Brooklyn,Gravesend,Weekday,0,22,22,20,15,14,19.0
108,Brooklyn,Gravesend,Weekday,1,22,22,19,15,8,16.5
108,Brooklyn,Gravesend,Weekday,2,22,22,19,15,5,9.5
108,Brooklyn,Gravesend,Weekday,3,22,22,14,11,3,8.0
108,Brooklyn,Gravesend,Weekday,4,22,22,12,8,7,12.0
108,Brooklyn,Gravesend,Weekday,5,22,22,3,6,12,20.0
108,Brooklyn,Gravesend,Weekday,6,22,22,2,0,22,35.0
108,Brooklyn,Gravesend,Weekday,7,22,22,3,1,51,103.5
108,Brooklyn,Gravesend,Weekday,8,22,22,4,1,66,105.0
108,Brooklyn,Gravesend,Weekday,9,22,22,12,7,55,64.5
108,Brooklyn,Gravesend,Weekday,10,22,22,13,8,47,55.0
108,Brooklyn,Gravesend,Weekday,11,22,22,14,12,27,44.0
108,Brooklyn,Gravesend,Weekday,12,22,22,11,9,24,43.0
108,Brooklyn,Gravesend,Weekday,13,22,22,8,8,31,46.5
108,Brooklyn,Gravesend,Weekday,14,22,22,11,2,32,62.5
108,Brooklyn,Gravesend,Weekday,15,22,22,7,3,31,61.5
108,Brooklyn,Gravesend,Weekday,16,22,22,7,0,36,53.5
108,Brooklyn,Gravesend,Weekday,17,22,22,2,3,39,61.5
108,Brooklyn,Gravesend,Weekday,18,22,22,5,7,40,56.0
108,Brooklyn,Gravesend,Weekday,19,22,22,16,9,31,43.0
108,Brooklyn,Gravesend,Weekday,20,22,22,13,9,29,41.5
108,Brooklyn,Gravesend,Weekday,21,22,22,14,9,25,39.0
108,Brooklyn,Gravesend,Weekday,22,22,22,12,11,15,42.0
108,Brooklyn,Gravesend,Weekday,23,22,22,16,9,19,27.5
108,Brooklyn,Gravesend,Weekend,0,8,8,6,6,30,45.0
108,Brooklyn,Gravesend,Weekend,1,8,8,7,6,23,33.5
108,Brooklyn,Gravesend,Weekend,2,8,8,3,3,12,27.0
108,Brooklyn,Gravesend,Weekend,3,8,8,4,5,12,20.5
108,Brooklyn,Gravesend,Weekend,4,8,8,5,2,10,13.0
108,Brooklyn,Gravesend,Weekend,5,8,8,0,3,10,15.5
108,Brooklyn,Gravesend,Weekend,6,8,8,1,0,16,25.0
108,Brooklyn,Gravesend,Weekend,7,8,8,3,4,27,35.0
108,Brooklyn,Gravesend,Weekend,8,8,8,5,4,32,41.5
108,Brooklyn,Gravesend,Weekend,9,8,8,4,3,43,54.0
108,Brooklyn,Gravesend,Weekend,10,8,8,2,0,44,55.0
108,Brooklyn,Gravesend,Weekend,11,8,8,2,2,44,51.0
108,Brooklyn,Gravesend,Weekend,12,8,8,2,1,44,51.0
108,Brooklyn,Gravesend,Weekend,13,8,8,0,2,40,51.0
108,Brooklyn,Gravesend,Weekend,14,8,8,1,0,36,47.0
108,Brooklyn,Gravesend,Weekend,15,8,8,1,0,45,54.5
108,Brooklyn,Gravesend,Weekend,16,8,8,1,3,36,55.0
108,Brooklyn,Gravesend,Weekend,17,8,8,1,0,39,53.0
108,Brooklyn,Gravesend,Weekend,18,8,8,3,0,35,51.0
108,Brooklyn,Gravesend,Weekend,19,8,8,2,5,31,61.5
108,Brooklyn,Gravesend,Weekend,20,8,8,3,5,45,54.5
108,Brooklyn,Gravesend,Weekend,21,8,8,5,2,32,55.0
108,Brooklyn,Gravesend,Weekend,22,8,8,4,4,37,51.0
108,Brooklyn,Gravesend,Weekend,23,8,8,4,1,32,39.5
109,Staten Island,Great Kills,Weekday,0,22,22,20,17,2,5.5
109,Staten Island,Great Kills,Weekday,1,19,22,18,14,1,6.0
109,Staten Island,Great Kills,Weekday,2,21,22,20,16,1,4.0
109,Staten Island,Great Kills,Weekday,3,22,22,20,20,2,4.0
109,Staten Island,Great Kills,Weekday,4,22,22,22,21,1,7.0
109,Staten Island,Great Kills,Weekday,5,22,22,22,19,11,15.0
109,Staten Island,Great Kills,Weekday,6,22,22,20,20,14,23.5
109,Staten Island,Great Kills,Weekday,7,22,22,20,14,21,36.5
109,Staten Island,Great Kills,Weekday,8,22,22,14,14,19,31.5
109,Staten Island,Great Kills,Weekday,9,22,22,22,18,20,27.5
109,Staten Island,Great Kills,Weekday,10,22,22,22,20,21,29.0
109,Staten Island,Great Kills,Weekday,11,22,22,21,20,15,25.0
109,Staten Island,Great Kills,Weekday,12,22,22,22,18,19,26.0
109,Staten Island,Great Kills,Weekday,13,22,22,21,18,17,27.0
109,Staten Island,Great Kills,Weekday,14,22,22,21,18,23,33.0
109,Staten Island,Great Kills,Weekday,15,22,22,21,16,19,30.5
109,Staten Island,Great Kills,Weekday,16,22,22,21,18,25,31.0
109,Staten Island,Great Kills,Weekday,17,22,22,22,16,20,27.0
109,Staten Island,Great Kills,Weekday,18,22,22,20,18,12,24.0
109,Staten Island,Great Kills,Weekday,19,22,22,22,18,14,23.5
109,Staten Island,Great Kills,Weekday,20,22,22,21,19,11,20.0
109,Staten Island,Great Kills,Weekday,21,22,22,20,15,9,14.0
109,Staten Island,Great Kills,Weekday,22,22,22,19,14,6,13.0
109,Staten Island,Great Kills,Weekday,23,22,22,22,18,5,10.0
109,Staten Island,Great Kills,Weekend,0,8,8,8,8,18,21.5
109,Staten Island,Great Kills,Weekend,1,8,8,8,7,8,20.5
109,Staten Island,Great Kills,Weekend,2,8,8,8,8,8,13.5
109,Staten Island,Great Kills,Weekend,3,8,8,8,8,10,15.0
109,Staten Island,Great Kills,Weekend,4,8,8,6,7,5,10.0
109,Staten Island,Great Kills,Weekend,5,8,8,8,8,3,9.0
109,Staten Island,Great Kills,Weekend,6,8,8,7,7,6,13.5
109,Staten Island,Great Kills,Weekend,7,8,8,8,8,10,17.0
109,Staten Island,Great Kills,Weekend,8,8,8,8,7,9,19.5
109,Staten Island,Great Kills,Weekend,9,8,8,6,7,19,25.0
109,Staten Island,Great Kills,Weekend,10,8,8,8,7,9,22.5
109,Staten Island,Great Kills,Weekend,11,8,8,7,7,18,32.5
109,Staten Island,Great Kills,Weekend,12,8,8,8,6,17,24.0
109,Staten Island,Great Kills,Weekend,13,8,8,8,7,18,29.5
109,Staten Island,Great Kills,Weekend,14,8,8,7,5,16,26.0
109,Staten Island,Great Kills,Weekend,15,8,8,7,7,18,28.0
109,Staten Island,Great Kills,Weekend,16,8,8,8,6,14,23.5
109,Staten Island,Great Kills,Weekend,17,8,8,8,8,13,27.0
109,Staten Island,Great Kills,Weekend,18,8,8,8,8,17,24.5
109,Staten Island,Great Kills,Weekend,19,8,8,8,8,12,24.5
109,Staten Island,Great Kills,Weekend,20,8,8,8,7,13,21.0
109,Staten Island,Great Kills,Weekend,21,8,8,7,7,14,22.0
109,Staten Island,Great Kills,Weekend,22,8,8,8,6,8,18.0
109,Staten Island,Great Kills,Weekend,23,8,8,8,8,3,15.0
110,Staten Island,Great Kills Park,Weekday,0,1,22,1,1,1,1.0
110,Staten Island,Great Kills Park,Weekday,4,1,22,1,1,1,1.0
110,Staten Island,Great Kills Park,Weekday,6,1,22,1,0,1,1.0
110,Staten Island,Great Kills Park,Weekday,7,1,22,1,1,1,1.0
110,Staten Island,Great Kills Park,Weekday,8,4,22,3,0,1,1.0
110,Staten Island,Great Kills Park,Weekday,10,1,22,0,0,1,1.0
110,Staten Island,Great Kills Park,Weekday,11,1,22,0,0,1,1.0
110,Staten Island,Great Kills Park,Weekday,12,2,22,1,0,1,1.5
110,Staten Island,Great Kills Park,Weekday,14,2,22,0,0,1,1.0
110,Staten Island,Great Kills Park,Weekday,15,3,22,3,0,1,1.0
110,Staten Island,Great Kills Park,Weekday,16,1,22,1,0,1,1.0
110,Staten Island,Great Kills Park,Weekday,17,1,22,1,1,1,1.0
110,Staten Island,Great Kills Park,Weekday,18,2,22,2,1,1,1.0
110,Staten Island,Great Kills Park,Weekday,19,1,22,1,0,1,1.0
110,Staten Island,Great Kills Park,Weekday,20,1,22,1,1,1,1.0
110,Staten Island,Great Kills Park,Weekday,21,2,22,1,1,1,1.0
110,Staten Island,Great Kills Park,Weekday,22,1,22,1,0,1,1.0
110,Staten Island,Great Kills Park,Weekday,23,1,22,1,1,1,1.0
110,Staten Island,Great Kills Park,Weekend,1,1,8,1,0,1,1.0
110,Staten Island,Great Kills Park,Weekend,6,1,8,0,0,1,1.0
110,Staten Island,Great Kills Park,Weekend,8,1,8,1,0,1,1.0
110,Staten Island,Great Kills Park,Weekend,9,1,8,1,1,1,1.0
110,Staten Island,Great Kills Park,Weekend,13,1,8,1,1,1,1.0
110,Staten Island,Great Kills Park,Weekend,15,2,8,1,1,1,1.0
110,Staten Island,Great Kills Park,Weekend,16,1,8,1,0,1,1.0
110,Staten Island,Great Kills Park,Weekend,17,1,8,1,0,1,1.0
110,Staten Island,Great Kills Park,Weekend,18,1,8,0,0,1,1.0
110,Staten Island,Great Kills Park,Weekend,19,1,8,1,0,1,1.0
110,Staten Island,Great Kills Park,Weekend,21,1,8,1,0,1,1.0
111,Brooklyn,Green-Wood Cemetery,Weekday,0,9,22,6,0,1,2.0
111,Brooklyn,Green-Wood Cemetery,Weekday,1,11,22,9,2,1,1.0
111,Brooklyn,Green-Wood Cemetery,Weekday,2,6,22,3,0,1,1.0
111,Brooklyn,Green-Wood Cemetery,Weekday,3,9,22,5,2,1,1.0
111,Brooklyn,Green-Wood Cemetery,Weekday,4,6,22,4,2,1,1.0
111,Brooklyn,Green-Wood Cemetery,Weekday,5,5,22,4,2,1,1.0
111,Brooklyn,Green-Wood Cemetery,Weekday,6,6,22,5,1,1,1.0
111,Brooklyn,Green-Wood Cemetery,Weekday,7,11,22,2,1,1,1.0
111,Brooklyn,Green-Wood Cemetery,Weekday,8,11,22,3,0,1,2.0
111,Brooklyn,Green-Wood Cemetery,Weekday,9,13,22,5,1,1,1.0
111,Brooklyn,Green-Wood Cemetery,Weekday,10,15,22,6,1,1,1.0
111,Brooklyn,Green-Wood Cemetery,Weekday,11,13,22,7,0,1,1.0
111,Brooklyn,Green-Wood Cemetery,Weekday,12,15,22,5,0,1,2.0
111,Brooklyn,Green-Wood Cemetery,Weekday,13,12,22,6,1,1,1.0
111,Brooklyn,Green-Wood Cemetery,Weekday,14,15,22,8,5,1,2.0
111,Brooklyn,Green-Wood Cemetery,Weekday,15,20,22,13,4,1,1.5
111,Brooklyn,Green-Wood Cemetery,Weekday,16,17,22,7,3,1,3.0
111,Brooklyn,Green-Wood Cemetery,Weekday,17,21,22,8,2,1,2.0
111,Brooklyn,Green-Wood Cemetery,Weekday,18,20,22,11,3,1,2.0
111,Brooklyn,Green-Wood Cemetery,Weekday,19,13,22,7,1,1,1.0
111,Brooklyn,Green-Wood Cemetery,Weekday,20,15,22,9,1,1,1.0
111,Brooklyn,Green-Wood Cemetery,Weekday,21,17,22,9,0,1,2.0
111,Brooklyn,Green-Wood Cemetery,Weekday,22,13,22,1,0,1,2.0
111,Brooklyn,Green-Wood Cemetery,Weekday,23,12,22,6,1,1,1.0
111,Brooklyn,Green-Wood Cemetery,Weekend,0,5,8,3,1,1,2.0
111,Brooklyn,Green-Wood Cemetery,Weekend,1,5,8,2,1,1,1.0
111,Brooklyn,Green-Wood Cemetery,Weekend,2,5,8,2,1,1,2.0
111,Brooklyn,Green-Wood Cemetery,Weekend,3,6,8,3,0,1,1.0
111,Brooklyn,Green-Wood Cemetery,Weekend,4,5,8,2,1,1,3.0
111,Brooklyn,Green-Wood Cemetery,Weekend,5,3,8,1,0,1,1.0
111,Brooklyn,Green-Wood Cemetery,Weekend,6,1,8,0,0,1,1.0
111,Brooklyn,Green-Wood Cemetery,Weekend,7,2,8,1,0,1,1.0
111,Brooklyn,Green-Wood Cemetery,Weekend,8,2,8,1,0,1,1.0
111,Brooklyn,Green-Wood Cemetery,Weekend,9,6,8,3,0,1,1.0
111,Brooklyn,Green-Wood Cemetery,Weekend,10,7,8,2,1,1,1.0
111,Brooklyn,Green-Wood Cemetery,Weekend,11,7,8,3,1,1,2.0
111,Brooklyn,Green-Wood Cemetery,Weekend,12,7,8,4,0,1,2.0
111,Brooklyn,Green-Wood Cemetery,Weekend,13,8,8,0,0,1,2.5
111,Brooklyn,Green-Wood Cemetery,Weekend,14,8,8,0,0,1,2.0
111,Brooklyn,Green-Wood Cemetery,Weekend,15,7,8,1,0,1,2.0
111,Brooklyn,Green-Wood Cemetery,Weekend,16,5,8,1,0,1,2.0
111,Brooklyn,Green-Wood Cemetery,Weekend,17,8,8,5,1,1,3.0
111,Brooklyn,Green-Wood Cemetery,Weekend,18,7,8,4,0,1,2.0
111,Brooklyn,Green-Wood Cemetery,Weekend,19,7,8,1,0,1,2.0
111,Brooklyn,Green-Wood Cemetery,Weekend,20,6,8,3,1,1,1.5
111,Brooklyn,Green-Wood Cemetery,Weekend,21,6,8,3,0,1,1.0
111,Brooklyn,Green-Wood Cemetery,Weekend,22,6,8,2,1,1,1.0
111,Brooklyn,Green-Wood Cemetery,Weekend,23,3,8,1,2,1,2.0
112,Brooklyn,Greenpoint,Weekday,0,22,22,0,0,74,111.0
112,Brooklyn,Greenpoint,Weekday,1,22,22,1,1,40,63.0
112,Brooklyn,Greenpoint,Weekday,2,22,22,4,3,25,41.5
112,Brooklyn,Greenpoint,Weekday,3,22,22,3,2,24,44.0
112,Brooklyn,Greenpoint,Weekday,4,22,22,2,1,38,61.5
112,Brooklyn,Greenpoint,Weekday,5,22,22,12,4,95,120.0
112,Brooklyn,Greenpoint,Weekday,6,22,22,21,8,153,209.5
112,Brooklyn,Greenpoint,Weekday,7,22,22,16,8,213,294.0
112,Brooklyn,Greenpoint,Weekday,8,22,22,19,17,295,379.0
112,Brooklyn,Greenpoint,Weekday,9,22,22,18,10,300,340.0
112,Brooklyn,Greenpoint,Weekday,10,22,22,0,1,205,256.5
112,Brooklyn,Greenpoint,Weekday,11,22,22,0,0,187,239.5
112,Brooklyn,Greenpoint,Weekday,12,22,22,1,0,174,215.5
112,Brooklyn,Greenpoint,Weekday,13,22,22,1,0,160,218.0
112,Brooklyn,Greenpoint,Weekday,14,22,22,0,0,174,223.0
112,Brooklyn,Greenpoint,Weekday,15,22,22,0,0,171,208.0
112,Brooklyn,Greenpoint,Weekday,16,22,22,0,0,188,247.0
112,Brooklyn,Greenpoint,Weekday,17,22,22,0,0,254,316.5
112,Brooklyn,Greenpoint,Weekday,18,22,22,0,0,256,353.5
112,Brooklyn,Greenpoint,Weekday,19,22,22,0,0,209,333.0
112,Brooklyn,Greenpoint,Weekday,20,22,22,1,0,177,309.0
112,Brooklyn,Greenpoint,Weekday,21,22,22,1,0,192,338.5
112,Brooklyn,Greenpoint,Weekday,22,22,22,0,0,177,375.0
112,Brooklyn,Greenpoint,Weekday,23,22,22,1,0,115,241.5
112,Brooklyn,Greenpoint,Weekend,0,8,8,3,3,536,592.5
112,Brooklyn,Greenpoint,Weekend,1,8,8,1,1,388,429.5
112,Brooklyn,Greenpoint,Weekend,2,8,8,1,0,297,315.5
112,Brooklyn,Greenpoint,Weekend,3,8,8,0,0,183,221.5
112,Brooklyn,Greenpoint,Weekend,4,8,8,1,1,126,144.5
112,Brooklyn,Greenpoint,Weekend,5,8,8,0,2,85,113.0
112,Brooklyn,Greenpoint,Weekend,6,8,8,0,0,96,137.5
112,Brooklyn,Greenpoint,Weekend,7,8,8,1,1,150,162.5
112,Brooklyn,Greenpoint,Weekend,8,8,8,0,0,162,208.5
112,Brooklyn,Greenpoint,Weekend,9,8,8,1,2,233,282.0
112,Brooklyn,Greenpoint,Weekend,10,8,8,1,1,266,326.5
112,Brooklyn,Greenpoint,Weekend,11,8,8,1,0,302,380.5
112,Brooklyn,Greenpoint,Weekend,12,8,8,1,0,371,461.5
112,Brooklyn,Greenpoint,Weekend,13,8,8,0,0,354,451.5
112,Brooklyn,Greenpoint,Weekend,14,8,8,1,1,358,424.5
112,Brooklyn,Greenpoint,Weekend,15,8,8,0,0,355,424.0
112,Brooklyn,Greenpoint,Weekend,16,8,8,1,1,365,508.5
112,Brooklyn,Greenpoint,Weekend,17,8,8,0,0,338,506.5
112,Brooklyn,Greenpoint,Weekend,18,8,8,0,0,324,528.0
112,Brooklyn,Greenpoint,Weekend,19,8,8,0,0,298,536.0
112,Brooklyn,Greenpoint,Weekend,20,8,8,0,0,297,539.5
112,Brooklyn,Greenpoint,Weekend,21,8,8,0,0,240,518.5
112,Brooklyn,Greenpoint,Weekend,22,8,8,3,2,185,502.5
112,Brooklyn,Greenpoint,Weekend,23,8,8,4,3,144,408.5
113,Manhattan,Greenwich Village North,Weekday,0,22,22,1,0,50,86.0
113,Manhattan,Greenwich Village North,Weekday,1,22,22,1,0,20,43.5
113,Manhattan,Greenwich Village North,Weekday,2,22,22,1,0,12,27.0
113,Manhattan,Greenwich Village North,Weekday,3,22,22,3,2,8,21.0
113,Manhattan,Greenwich Village North,Weekday,4,22,22,2,2,19,35.0
113,Manhattan,Greenwich Village North,Weekday,5,22,22,5,0,37,54.0
113,Manhattan,Greenwich Village North,Weekday,6,22,22,4,0,74,86.5
113,Manhattan,Greenwich Village North,Weekday,7,22,22,0,0,77,128.0
113,Manhattan,Greenwich Village North,Weekday,8,22,22,2,0,122,176.5
113,Manhattan,Greenwich Village North,Weekday,9,22,22,0,0,135,169.5
113,Manhattan,Greenwich Village North,Weekday,10,22,22,0,0,114,157.0
113,Manhattan,Greenwich Village North,Weekday,11,22,22,0,0,107,142.5
113,Manhattan,Greenwich Village North,Weekday,12,22,22,0,0,95,153.0
113,Manhattan,Greenwich Village North,Weekday,13,22,22,0,0,123,163.5
113,Manhattan,Greenwich Village North,Weekday,14,22,22,0,0,139,178.0
113,Manhattan,Greenwich Village North,Weekday,15,22,22,0,0,161,199.5
113,Manhattan,Greenwich Village North,Weekday,16,22,22,1,1,169,209.0
113,Manhattan,Greenwich Village North,Weekday,17,22,22,0,0,181,241.0
113,Manhattan,Greenwich Village North,Weekday,18,22,22,2,0,203,285.5
113,Manhattan,Greenwich Village North,Weekday,19,22,22,0,0,182,267.5
113,Manhattan,Greenwich Village North,Weekday,20,22,22,0,0,211,290.0
113,Manhattan,Greenwich Village North,Weekday,21,22,22,8,3,182,282.5
113,Manhattan,Greenwich Village North,Weekday,22,22,22,12,7,155,226.0
113,Manhattan,Greenwich Village North,Weekday,23,22,22,9,5,82,187.0
113,Manhattan,Greenwich Village North,Weekend,0,8,8,5,5,195,215.5
113,Manhattan,Greenwich Village North,Weekend,1,8,8,7,5,146,190.5
113,Manhattan,Greenwich Village North,Weekend,2,8,8,5,2,142,161.0
113,Manhattan,Greenwich Village North,Weekend,3,8,8,2,0,73,109.0
113,Manhattan,Greenwich Village North,Weekend,4,8,8,2,0,63,74.0
113,Manhattan,Greenwich Village North,Weekend,5,8,8,1,1,29,41.0
113,Manhattan,Greenwich Village North,Weekend,6,8,8,0,0,32,49.5
113,Manhattan,Greenwich Village North,Weekend,7,8,8,0,0,34,53.0
113,Manhattan,Greenwich Village North,Weekend,8,8,8,0,1,65,88.5
113,Manhattan,Greenwich Village North,Weekend,9,8,8,0,0,94,121.0
113,Manhattan,Greenwich Village North,Weekend,10,8,8,0,0,129,159.0
113,Manhattan,Greenwich Village North,Weekend,11,8,8,0,0,156,195.5
113,Manhattan,Greenwich Village North,Weekend,12,8,8,0,0,176,210.5
113,Manhattan,Greenwich Village North,Weekend,13,8,8,0,0,181,218.5
113,Manhattan,Greenwich Village North,Weekend,14,8,8,1,0,172,196.5
113,Manhattan,Greenwich Village North,Weekend,15,8,8,1,1,173,214.0
113,Manhattan,Greenwich Village North,Weekend,16,8,8,1,1,199,219.0
113,Manhattan,Greenwich Village North,Weekend,17,8,8,0,1,153,243.5
113,Manhattan,Greenwich Village North,Weekend,18,8,8,0,0,157,248.5
113,Manhattan,Greenwich Village North,Weekend,19,8,8,0,0,134,245.0
113,Manhattan,Greenwich Village North,Weekend,20,8,8,0,0,183,270.0
113,Manhattan,Greenwich Village North,Weekend,21,8,8,0,0,152,265.0
113,Manhattan,Greenwich Village North,Weekend,22,8,8,0,0,124,241.0
113,Manhattan,Greenwich Village North,Weekend,23,8,8,1,0,94,191.5
114,Manhattan,Greenwich Village South,Weekday,0,22,22,2,2,97,172.5
114,Manhattan,Greenwich Village South,Weekday,1,22,22,0,0,61,88.5
114,Manhattan,Greenwich Village South,Weekday,2,22,22,0,1,22,48.5
114,Manhattan,Greenwich Village South,Weekday,3,22,22,0,0,14,34.0
114,Manhattan,Greenwich Village South,Weekday,4,22,22,2,3,12,27.5
114,Manhattan,Greenwich Village South,Weekday,5,22,22,6,2,22,29.5
114,Manhattan,Greenwich Village South,Weekday,6,22,22,3,1,31,46.5
114,Manhattan,Greenwich Village South,Weekday,7,22,22,0,0,51,69.5
114,Manhattan,Greenwich Village South,Weekday,8,22,22,7,1,65,96.0
114,Manhattan,Greenwich Village South,Weekday,9,22,22,0,0,69,98.5
114,Manhattan,Greenwich Village South,Weekday,10,22,22,0,0,71,96.0
114,Manhattan,Greenwich Village South,Weekday,11,22,22,0,1,72,92.0
114,Manhattan,Greenwich Village South,Weekday,12,22,22,0,0,76,97.0
114,Manhattan,Greenwich Village South,Weekday,13,22,22,0,0,88,118.0
114,Manhattan,Greenwich Village South,Weekday,14,22,22,0,0,68,110.0
114,Manhattan,Greenwich Village South,Weekday,15,22,22,0,0,105,123.5
114,Manhattan,Greenwich Village South,Weekday,16,22,22,2,1,110,142.0
114,Manhattan,Greenwich Village South,Weekday,17,22,22,0,0,114,169.0
114,Manhattan,Greenwich Village South,Weekday,18,22,22,0,0,145,214.5
114,Manhattan,Greenwich Village South,Weekday,19,22,22,0,0,163,240.5
114,Manhattan,Greenwich Village South,Weekday,20,22,22,0,0,217,340.5
114,Manhattan,Greenwich Village South,Weekday,21,22,22,6,1,209,379.5
114,Manhattan,Greenwich Village South,Weekday,22,22,22,11,1,176,359.5
114,Manhattan,Greenwich Village South,Weekday,23,22,22,8,4,168,291.0
114,Manhattan,Greenwich Village South,Weekend,0,8,8,8,8,414,501.5
114,Manhattan,Greenwich Village South,Weekend,1,8,8,8,8,414,484.0
114,Manhattan,Greenwich Village South,Weekend,2,8,8,6,6,331,367.5
114,Manhattan,Greenwich Village South,Weekend,3,8,8,3,2,183,243.5
114,Manhattan,Greenwich Village South,Weekend,4,8,8,1,2,63,84.0
114,Manhattan,Greenwich Village South,Weekend,5,8,8,0,0,35,47.0
114,Manhattan,Greenwich Village South,Weekend,6,8,8,0,0,29,34.0
114,Manhattan,Greenwich Village South,Weekend,7,8,8,0,0,28,35.5
114,Manhattan,Greenwich Village South,Weekend,8,8,8,0,0,45,47.5
114,Manhattan,Greenwich Village South,Weekend,9,8,8,0,0,56,78.5
114,Manhattan,Greenwich Village South,Weekend,10,8,8,0,0,88,104.5
114,Manhattan,Greenwich Village South,Weekend,11,8,8,0,0,96,132.0
114,Manhattan,Greenwich Village South,Weekend,12,8,8,0,0,128,167.5
114,Manhattan,Greenwich Village South,Weekend,13,8,8,0,0,159,178.0
114,Manhattan,Greenwich Village South,Weekend,14,8,8,0,0,131,167.5
114,Manhattan,Greenwich Village South,Weekend,15,8,8,1,1,169,207.0
114,Manhattan,Greenwich Village South,Weekend,16,8,8,1,0,167,211.0
114,Manhattan,Greenwich Village South,Weekend,17,8,8,0,0,145,217.5
114,Manhattan,Greenwich Village South,Weekend,18,8,8,0,0,109,227.5
114,Manhattan,Greenwich Village South,Weekend,19,8,8,0,0,150,272.5
114,Manhattan,Greenwich Village South,Weekend,20,8,8,0,0,183,322.5
114,Manhattan,Greenwich Village South,Weekend,21,8,8,1,1,201,381.0
114,Manhattan,Greenwich Village South,Weekend,22,8,8,0,0,135,388.0
114,Manhattan,Greenwich Village South,Weekend,23,8,8,3,0,156,353.5
115,Staten Island,Grymes Hill/Clifton,Weekday,0,22,22,21,18,4,9.5
115,Staten Island,Grymes Hill/Clifton,Weekday,1,22,22,22,13,2,6.0
115,Staten Island,Grymes Hill/Clifton,Weekday,2,21,22,21,16,2,3.0
115,Staten Island,Grymes Hill/Clifton,Weekday,3,22,22,21,20,2,4.5
115,Staten Island,Grymes Hill/Clifton,Weekday,4,22,22,21,20,2,7.5
115,Staten Island,Grymes Hill/Clifton,Weekday,5,22,22,20,14,8,14.0
115,Staten Island,Grymes Hill/Clifton,Weekday,6,22,22,22,20,25,37.0
115,Staten Island,Grymes Hill/Clifton,Weekday,7,22,22,22,20,35,48.0
115,Staten Island,Grymes Hill/Clifton,Weekday,8,22,22,22,19,41,56.0
115,Staten Island,Grymes Hill/Clifton,Weekday,9,22,22,22,18,32,39.0
115,Staten Island,Grymes Hill/Clifton,Weekday,10,22,22,22,19,17,27.0
115,Staten Island,Grymes Hill/Clifton,Weekday,11,22,22,22,21,22,30.5
115,Staten Island,Grymes Hill/Clifton,Weekday,12,22,22,22,16,23,28.0
115,Staten Island,Grymes Hill/Clifton,Weekday,13,22,22,21,18,21,32.0
115,Staten Island,Grymes Hill/Clifton,Weekday,14,22,22,21,16,27,37.0
115,Staten Island,Grymes Hill/Clifton,Weekday,15,22,22,22,17,24,32.5
115,Staten Island,Grymes Hill/Clifton,Weekday,16,22,22,19,13,19,29.0
115,Staten Island,Grymes Hill/Clifton,Weekday,17,22,22,17,8,21,27.5
115,Staten Island,Grymes Hill/Clifton,Weekday,18,22,22,22,17,16,23.5
115,Staten Island,Grymes Hill/Clifton,Weekday,19,22,22,22,17,13,23.5
115,Staten Island,Grymes Hill/Clifton,Weekday,20,22,22,19,16,12,19.5
115,Staten Island,Grymes Hill/Clifton,Weekday,21,22,22,18,14,11,18.5
115,Staten Island,Grymes Hill/Clifton,Weekday,22,22,22,21,17,12,22.5
115,Staten Island,Grymes Hill/Clifton,Weekday,23,22,22,21,17,9,15.0
115,Staten Island,Grymes Hill/Clifton,Weekend,0,8,8,7,7,10,15.5
115,Staten Island,Grymes Hill/Clifton,Weekend,1,8,8,7,7,8,12.5
115,Staten Island,Grymes Hill/Clifton,Weekend,2,8,8,7,6,3,6.5
115,Staten Island,Grymes Hill/Clifton,Weekend,3,8,8,8,7,4,6.5
115,Staten Island,Grymes Hill/Clifton,Weekend,4,8,8,5,5,4,6.5
115,Staten Island,Grymes Hill/Clifton,Weekend,5,8,8,8,5,7,12.5
115,Staten Island,Grymes Hill/Clifton,Weekend,6,8,8,8,5,17,22.5
115,Staten Island,Grymes Hill/Clifton,Weekend,7,8,8,8,8,18,27.5
115,Staten Island,Grymes Hill/Clifton,Weekend,8,8,8,8,8,27,32.0
115,Staten Island,Grymes Hill/Clifton,Weekend,9,8,8,8,6,14,28.5
115,Staten Island,Grymes Hill/Clifton,Weekend,10,8,8,8,7,16,29.5
115,Staten Island,Grymes Hill/Clifton,Weekend,11,8,8,8,8,26,33.0
115,Staten Island,Grymes Hill/Clifton,Weekend,12,8,8,8,8,19,29.0
115,Staten Island,Grymes Hill/Clifton,Weekend,13,8,8,7,7,26,31.0
115,Staten Island,Grymes Hill/Clifton,Weekend,14,8,8,5,4,22,31.5
115,Staten Island,Grymes Hill/Clifton,Weekend,15,8,8,7,6,19,27.0
115,Staten Island,Grymes Hill/Clifton,Weekend,16,8,8,6,6,16,28.0
115,Staten Island,Grymes Hill/Clifton,Weekend,17,8,8,7,7,22,31.0
115,Staten Island,Grymes Hill/Clifton,Weekend,18,8,8,8,8,16,26.5
115,Staten Island,Grymes Hill/Clifton,Weekend,19,8,8,8,7,15,26.0
115,Staten Island,Grymes Hill/Clifton,Weekend,20,8,8,8,6,19,30.5
115,Staten Island,Grymes Hill/Clifton,Weekend,21,8,8,8,6,14,23.5
115,Staten Island,Grymes Hill/Clifton,Weekend,22,8,8,8,8,12,25.0
115,Staten Island,Grymes Hill/Clifton,Weekend,23,8,8,8,6,12,21.0
116,Manhattan,Hamilton Heights,Weekday,0,22,22,12,4,60,87.0
116,Manhattan,Hamilton Heights,Weekday,1,22,22,17,11,39,54.5
116,Manhattan,Hamilton Heights,Weekday,2,22,22,15,15,28,40.0
116,Manhattan,Hamilton Heights,Weekday,3,22,22,13,10,32,43.5
116,Manhattan,Hamilton Heights,Weekday,4,22,22,19,18,37,46.0
116,Manhattan,Hamilton Heights,Weekday,5,22,22,22,18,54,69.5
116,Manhattan,Hamilton Heights,Weekday,6,22,22,20,20,105,128.0
116,Manhattan,Hamilton Heights,Weekday,7,22,22,16,17,120,183.0
116,Manhattan,Hamilton Heights,Weekday,8,22,22,14,13,178,213.5
116,Manhattan,Hamilton Heights,Weekday,9,22,22,7,6,157,173.0
116,Manhattan,Hamilton Heights,Weekday,10,22,22,5,7,110,136.0
116,Manhattan,Hamilton Heights,Weekday,11,22,22,9,9,94,113.0
116,Manhattan,Hamilton Heights,Weekday,12,22,22,10,9,93,114.5
116,Manhattan,Hamilton Heights,Weekday,13,22,22,13,9,92,120.0
116,Manhattan,Hamilton Heights,Weekday,14,22,22,13,14,94,127.5
116,Manhattan,Hamilton Heights,Weekday,15,22,22,21,17,85,121.5
116,Manhattan,Hamilton Heights,Weekday,16,22,22,20,19,93,122.0
116,Manhattan,Hamilton Heights,Weekday,17,22,22,22,21,129,149.0
116,Manhattan,Hamilton Heights,Weekday,18,22,22,20,20,134,161.5
116,Manhattan,Hamilton Heights,Weekday,19,22,22,21,19,112,138.0
116,Manhattan,Hamilton Heights,Weekday,20,22,22,22,18,107,139.5
116,Manhattan,Hamilton Heights,Weekday,21,22,22,16,16,99,141.0
116,Manhattan,Hamilton Heights,Weekday,22,22,22,11,10,108,155.0
116,Manhattan,Hamilton Heights,Weekday,23,22,22,11,8,111,143.5
116,Manhattan,Hamilton Heights,Weekend,0,8,8,3,5,154,186.5
116,Manhattan,Hamilton Heights,Weekend,1,8,8,3,6,110,136.0
116,Manhattan,Hamilton Heights,Weekend,2,8,8,0,3,91,110.0
116,Manhattan,Hamilton Heights,Weekend,3,8,8,0,1,67,76.5
116,Manhattan,Hamilton Heights,Weekend,4,8,8,2,2,48,64.5
116,Manhattan,Hamilton Heights,Weekend,5,8,8,6,5,54,64.0
116,Manhattan,Hamilton Heights,Weekend,6,8,8,5,5,72,78.0
116,Manhattan,Hamilton Heights,Weekend,7,8,8,3,3,83,99.5
116,Manhattan,Hamilton Heights,Weekend,8,8,8,4,2,94,121.5
116,Manhattan,Hamilton Heights,Weekend,9,8,8,5,4,131,171.0
116,Manhattan,Hamilton Heights,Weekend,10,8,8,3,4,146,165.5
116,Manhattan,Hamilton Heights,Weekend,11,8,8,7,5,138,167.5
116,Manhattan,Hamilton Heights,Weekend,12,8,8,6,7,139,153.5
116,Manhattan,Hamilton Heights,Weekend,13,8,8,8,8,126,174.0
116,Manhattan,Hamilton Heights,Weekend,14,8,8,8,7,143,183.0
116,Manhattan,Hamilton Heights,Weekend,15,8,8,8,8,139,160.0
116,Manhattan,Hamilton Heights,Weekend,16,8,8,8,7,132,150.5
116,Manhattan,Hamilton Heights,Weekend,17,8,8,7,8,132,161.5
116,Manhattan,Hamilton Heights,Weekend,18,8,8,8,8,136,179.0
116,Manhattan,Hamilton Heights,Weekend,19,8,8,8,8,120,163.0
116,Manhattan,Hamilton Heights,Weekend,20,8,8,6,4,137,167.0
116,Manhattan,Hamilton Heights,Weekend,21,8,8,7,5,145,190.5
116,Manhattan,Hamilton Heights,Weekend,22,8,8,5,6,147,181.5
116,Manhattan,Hamilton Heights,Weekend,23,8,8,2,4,114,156.0
117,Queens,Hammels/Arverne,Weekday,0,22,22,22,22,19,26.0
117,Queens,Hammels/Arverne,Weekday,1,22,22,22,22,9,16.5
117,Queens,Hammels/Arverne,Weekday,2,22,22,22,21,8,14.5
117,Queens,Hammels/Arverne,Weekday,3,22,22,22,22,6,13.0
117,Queens,Hammels/Arverne,Weekday,4,22,22,22,22,9,18.0
117,Queens,Hammels/Arverne,Weekday,5,22,22,22,22,19,30.0
117,Queens,Hammels/Arverne,Weekday,6,22,22,22,22,44,54.5
117,Queens,Hammels/Arverne,Weekday,7,22,22,22,22,48,72.0
117,Queens,Hammels/Arverne,Weekday,8,22,22,22,22,71,82.0
117,Queens,Hammels/Arverne,Weekday,9,22,22,22,22,52,61.0
117,Queens,Hammels/Arverne,Weekday,10,22,22,22,21,38,55.0
117,Queens,Hammels/Arverne,Weekday,11,22,22,22,22,26,48.0
117,Queens,Hammels/Arverne,Weekday,12,22,22,22,22,36,53.0
117,Queens,Hammels/Arverne,Weekday,13,22,22,22,22,33,55.5
117,Queens,Hammels/Arverne,Weekday,14,22,22,22,22,41,62.0
117,Queens,Hammels/Arverne,Weekday,15,22,22,22,22,45,63.5
117,Queens,Hammels/Arverne,Weekday,16,22,22,22,21,43,65.5
117,Queens,Hammels/Arverne,Weekday,17,22,22,22,19,48,63.0
117,Queens,Hammels/Arverne,Weekday,18,22,22,22,19,43,57.0
117,Queens,Hammels/Arverne,Weekday,19,22,22,22,19,38,53.0
117,Queens,Hammels/Arverne,Weekday,20,22,22,22,21,40,56.5
117,Queens,Hammels/Arverne,Weekday,21,22,22,22,20,35,52.5
117,Queens,Hammels/Arverne,Weekday,22,22,22,22,21,26,56.5
117,Queens,Hammels/Arverne,Weekday,23,22,22,22,21,32,44.0
117,Queens,Hammels/Arverne,Weekend,0,8,8,8,8,32,49.5
117,Queens,Hammels/Arverne,Weekend,1,8,8,8,8,25,35.0
117,Queens,Hammels/Arverne,Weekend,2,8,8,8,7,12,20.5
117,Queens,Hammels/Arverne,Weekend,3,8,8,8,8,14,20.5
117,Queens,Hammels/Arverne,Weekend,4,8,8,8,6,11,22.5
117,Queens,Hammels/Arverne,Weekend,5,8,8,7,7,22,30.0
117,Queens,Hammels/Arverne,Weekend,6,8,8,8,7,30,44.5
117,Queens,Hammels/Arverne,Weekend,7,8,8,8,8,41,51.0
117,Queens,Hammels/Arverne,Weekend,8,8,8,8,8,42,49.0
117,Queens,Hammels/Arverne,Weekend,9,8,8,8,8,47,57.0
117,Queens,Hammels/Arverne,Weekend,10,8,8,8,8,50,61.5
117,Queens,Hammels/Arverne,Weekend,11,8,8,8,8,43,57.0
117,Queens,Hammels/Arverne,Weekend,12,8,8,8,8,52,61.5
117,Queens,Hammels/Arverne,Weekend,13,8,8,8,8,48,63.5
117,Queens,Hammels/Arverne,Weekend,14,8,8,8,8,43,75.5
117,Queens,Hammels/Arverne,Weekend,15,8,8,8,8,59,86.0
117,Queens,Hammels/Arverne,Weekend,16,8,8,8,7,43,68.0
117,Queens,Hammels/Arverne,Weekend,17,8,8,8,8,46,65.5
117,Queens,Hammels/Arverne,Weekend,18,8,8,8,8,48,68.0
117,Queens,Hammels/Arverne,Weekend,19,8,8,8,8,42,63.0
117,Queens,Hammels/Arverne,Weekend,20,8,8,8,8,46,61.0
117,Queens,Hammels/Arverne,Weekend,21,8,8,8,8,48,61.5
117,Queens,Hammels/Arverne,Weekend,22,8,8,8,8,45,60.5
117,Queens,Hammels/Arverne,Weekend,23,8,8,8,7,35,64.5
118,Staten Island,Heartland Village/Todt Hill,Weekday,0,22,22,22,20,4,9.0
118,Staten Island,Heartland Village/Todt Hill,Weekday,1,22,22,22,15,1,3.0
118,Staten Island,Heartland Village/Todt Hill,Weekday,2,17,22,15,11,1,2.0
118,Staten Island,Heartland Village/Todt Hill,Weekday,3,22,22,17,16,1,3.0
118,Staten Island,Heartland Village/Todt Hill,Weekday,4,22,22,20,16,2,6.0
118,Staten Island,Heartland Village/Todt Hill,Weekday,5,22,22,19,16,2,9.0
118,Staten Island,Heartland Village/Todt Hill,Weekday,6,22,22,22,15,15,23.5
118,Staten Island,Heartland Village/Todt Hill,Weekday,7,22,22,21,18,18,36.0
118,Staten Island,Heartland Village/Todt Hill,Weekday,8,22,22,20,15,27,36.5
118,Staten Island,Heartland Village/Todt Hill,Weekday,9,22,22,19,18,25,34.0
118,Staten Island,Heartland Village/Todt Hill,Weekday,10,22,22,21,19,18,27.0
118,Staten Island,Heartland Village/Todt Hill,Weekday,11,22,22,22,16,13,33.0
118,Staten Island,Heartland Village/Todt Hill,Weekday,12,22,22,20,17,22,34.0
118,Staten Island,Heartland Village/Todt Hill,Weekday,13,22,22,22,19,23,41.0
118,Staten Island,Heartland Village/Todt Hill,Weekday,14,22,22,20,18,30,47.5
118,Staten Island,Heartland Village/Todt Hill,Weekday,15,22,22,22,21,51,57.0
118,Staten Island,Heartland Village/Todt Hill,Weekday,16,22,22,21,18,31,55.0
118,Staten Island,Heartland Village/Todt Hill,Weekday,17,22,22,18,19,40,50.5
118,Staten Island,Heartland Village/Todt Hill,Weekday,18,22,22,21,17,33,44.0
118,Staten Island,Heartland Village/Todt Hill,Weekday,19,22,22,20,18,25,40.0
118,Staten Island,Heartland Village/Todt Hill,Weekday,20,22,22,22,19,26,46.0
118,Staten Island,Heartland Village/Todt Hill,Weekday,21,22,22,20,15,17,35.0
118,Staten Island,Heartland Village/Todt Hill,Weekday,22,22,22,20,18,14,24.5
118,Staten Island,Heartland Village/Todt Hill,Weekday,23,22,22,22,21,14,18.0
118,Staten Island,Heartland Village/Todt Hill,Weekend,0,8,8,8,8,13,19.5
118,Staten Island,Heartland Village/Todt Hill,Weekend,1,8,8,8,8,7,13.0
118,Staten Island,Heartland Village/Todt Hill,Weekend,2,8,8,6,8,2,5.5
118,Staten Island,Heartland Village/Todt Hill,Weekend,3,8,8,6,2,1,3.0
118,Staten Island,Heartland Village/Todt Hill,Weekend,4,8,8,7,7,4,6.0
118,Staten Island,Heartland Village/Todt Hill,Weekend,5,8,8,8,5,2,8.0
118,Staten Island,Heartland Village/Todt Hill,Weekend,6,8,8,8,8,10,17.5
118,Staten Island,Heartland Village/Todt Hill,Weekend,7,8,8,7,7,9,14.5
118,Staten Island,Heartland Village/Todt Hill,Weekend,8,8,8,8,7,11,17.5
118,Staten Island,Heartland Village/Todt Hill,Weekend,9,8,8,8,7,13,23.0
118,Staten Island,Heartland Village/Todt Hill,Weekend,10,8,8,5,5,17,23.5
118,Staten Island,Heartland Village/Todt Hill,Weekend,11,8,8,6,7,24,28.0
118,Staten Island,Heartland Village/Todt Hill,Weekend,12,8,8,7,7,26,33.0
118,Staten Island,Heartland Village/Todt Hill,Weekend,13,8,8,5,5,27,35.0
118,Staten Island,Heartland Village/Todt Hill,Weekend,14,8,8,5,4,23,41.0
118,Staten Island,Heartland Village/Todt Hill,Weekend,15,8,8,6,7,36,49.5
118,Staten Island,Heartland Village/Todt Hill,Weekend,16,8,8,7,7,36,56.0
118,Staten Island,Heartland Village/Todt Hill,Weekend,17,8,8,7,7,29,57.0
118,Staten Island,Heartland Village/Todt Hill,Weekend,18,8,8,8,8,27,60.0
118,Staten Island,Heartland Village/Todt Hill,Weekend,19,8,8,8,8,37,58.0
118,Staten Island,Heartland Village/Todt Hill,Weekend,20,8,8,8,8,30,54.0
118,Staten Island,Heartland Village/Todt Hill,Weekend,21,8,8,8,8,27,38.0
118,Staten Island,Heartland Village/Todt Hill,Weekend,22,8,8,8,8,16,32.0
118,Staten Island,Heartland Village/Todt Hill,Weekend,23,8,8,8,8,19,25.0
119,Bronx,Highbridge,Weekday,0,22,22,14,9,47,62.5
119,Bronx,Highbridge,Weekday,1,22,22,18,16,23,35.5
119,Bronx,Highbridge,Weekday,2,22,22,19,13,16,26.0
119,Bronx,Highbridge,Weekday,3,22,22,9,8,13,22.5
119,Bronx,Highbridge,Weekday,4,22,22,15,10,22,31.0
119,Bronx,Highbridge,Weekday,5,22,22,12,12,46,64.5
119,Bronx,Highbridge,Weekday,6,22,22,18,20,87,112.0
119,Bronx,Highbridge,Weekday,7,22,22,21,20,116,193.0
119,Bronx,Highbridge,Weekday,8,22,22,21,19,172,187.5
119,Bronx,Highbridge,Weekday,9,22,22,18,17,118,138.5
119,Bronx,Highbridge,Weekday,10,22,22,20,16,89,108.0
119,Bronx,Highbridge,Weekday,11,22,22,19,14,70,92.5
119,Bronx,Highbridge,Weekday,12,22,22,19,18,66,94.5
119,Bronx,Highbridge,Weekday,13,22,22,19,17,86,105.5
119,Bronx,Highbridge,Weekday,14,22,22,18,17,78,111.0
119,Bronx,Highbridge,Weekday,15,22,22,21,21,101,126.0
119,Bronx,Highbridge,Weekday,16,22,22,20,19,88,113.0
119,Bronx,Highbridge,Weekday,17,22,22,21,20,89,116.5
119,Bronx,Highbridge,Weekday,18,22,22,17,18,82,104.5
119,Bronx,Highbridge,Weekday,19,22,22,21,18,64,98.0
119,Bronx,Highbridge,Weekday,20,22,22,21,17,65,100.5
119,Bronx,Highbridge,Weekday,21,22,22,16,14,69,113.0
119,Bronx,Highbridge,Weekday,22,22,22,15,16,72,109.5
119,Bronx,Highbridge,Weekday,23,22,22,12,13,60,90.5
119,Bronx,Highbridge,Weekend,0,8,8,2,1,84,106.5
119,Bronx,Highbridge,Weekend,1,8,8,4,5,73,83.0
119,Bronx,Highbridge,Weekend,2,8,8,2,2,49,59.5
119,Bronx,Highbridge,Weekend,3,8,8,2,2,51,59.5
119,Bronx,Highbridge,Weekend,4,8,8,6,3,50,58.5
119,Bronx,Highbridge,Weekend,5,8,8,5,6,41,50.0
119,Bronx,Highbridge,Weekend,6,8,8,6,6,57,70.5
119,Bronx,Highbridge,Weekend,7,8,8,6,6,69,80.5
119,Bronx,Highbridge,Weekend,8,8,8,6,5,72,93.5
119,Bronx,Highbridge,Weekend,9,8,8,6,7,98,115.5
119,Bronx,Highbridge,Weekend,10,8,8,7,7,105,121.0
119,Bronx,Highbridge,Weekend,11,8,8,7,7,108,119.0
119,Bronx,Highbridge,Weekend,12,8,8,8,6,93,108.5
119,Bronx,Highbridge,Weekend,13,8,8,6,7,107,122.5
119,Bronx,Highbridge,Weekend,14,8,8,8,8,108,126.5
119,Bronx,Highbridge,Weekend,15,8,8,8,7,112,133.5
119,Bronx,Highbridge,Weekend,16,8,8,8,6,88,110.0
119,Bronx,Highbridge,Weekend,17,8,8,8,8,103,129.5
119,Bronx,Highbridge,Weekend,18,8,8,8,8,90,123.5
119,Bronx,Highbridge,Weekend,19,8,8,8,6,91,134.5
119,Bronx,Highbridge,Weekend,20,8,8,8,7,120,136.0
119,Bronx,Highbridge,Weekend,21,8,8,3,3,109,124.5
119,Bronx,Highbridge,Weekend,22,8,8,4,3,109,130.0
119,Bronx,Highbridge,Weekend,23,8,8,1,1,86,124.0
120,Manhattan,Highbridge Park,Weekday,0,17,22,7,2,1,2.0
120,Manhattan,Highbridge Park,Weekday,1,10,22,6,4,1,1.0
120,Manhattan,Highbridge Park,Weekday,2,8,22,6,0,1,1.0
120,Manhattan,Highbridge Park,Weekday,3,11,22,7,3,1,1.0
120,Manhattan,Highbridge Park,Weekday,4,8,22,4,2,1,1.0
120,Manhattan,Highbridge Park,Weekday,5,12,22,9,7,1,1.0
120,Manhattan,Highbridge Park,Weekday,6,15,22,10,4,1,2.0
120,Manhattan,Highbridge Park,Weekday,7,22,22,14,9,1,3.0
120,Manhattan,Highbridge Park,Weekday,8,22,22,13,6,2,4.0
120,Manhattan,Highbridge Park,Weekday,9,22,22,11,4,1,3.0
120,Manhattan,Highbridge Park,Weekday,10,20,22,14,9,1,4.0
120,Manhattan,Highbridge Park,Weekday,11,20,22,6,1,1,3.0
120,Manhattan,Highbridge Park,Weekday,12,21,22,13,4,1,3.0
120,Manhattan,Highbridge Park,Weekday,13,22,22,12,5,2,3.0
120,Manhattan,Highbridge Park,Weekday,14,21,22,13,7,1,4.0
120,Manhattan,Highbridge Park,Weekday,15,20,22,11,5,1,4.0
120,Manhattan,Highbridge Park,Weekday,16,21,22,18,11,2,3.0
120,Manhattan,Highbridge Park,Weekday,17,22,22,18,8,1,3.5
120,Manhattan,Highbridge Park,Weekday,18,21,22,14,6,1,4.0
120,Manhattan,Highbridge Park,Weekday,19,18,22,14,4,1,3.0
120,Manhattan,Highbridge Park,Weekday,20,22,22,16,7,1,3.0
120,Manhattan,Highbridge Park,Weekday,21,21,22,11,6,1,3.0
120,Manhattan,Highbridge Park,Weekday,22,22,22,9,3,1,3.0
120,Manhattan,Highbridge Park,Weekday,23,20,22,8,7,1,3.0
120,Manhattan,Highbridge Park,Weekend,0,8,8,2,1,1,3.0
120,Manhattan,Highbridge Park,Weekend,1,7,8,4,2,1,2.0
120,Manhattan,Highbridge Park,Weekend,2,6,8,2,2,1,3.0
120,Manhattan,Highbridge Park,Weekend,3,7,8,3,2,1,1.0
120,Manhattan,Highbridge Park,Weekend,4,6,8,4,4,1,2.5
120,Manhattan,Highbridge Park,Weekend,5,6,8,6,3,1,1.5
120,Manhattan,Highbridge Park,Weekend,6,6,8,4,2,1,1.0
120,Manhattan,Highbridge Park,Weekend,7,7,8,2,1,1,2.0
120,Manhattan,Highbridge Park,Weekend,8,7,8,6,1,1,1.0
120,Manhattan,Highbridge Park,Weekend,9,8,8,4,1,2,4.0
120,Manhattan,Highbridge Park,Weekend,10,8,8,6,2,1,2.5
120,Manhattan,Highbridge Park,Weekend,11,8,8,6,1,1,3.0
120,Manhattan,Highbridge Park,Weekend,12,8,8,5,2,2,5.0
120,Manhattan,Highbridge Park,Weekend,13,8,8,5,3,2,3.0
120,Manhattan,Highbridge Park,Weekend,14,8,8,5,4,1,4.5
120,Manhattan,Highbridge Park,Weekend,15,8,8,6,6,1,2.5
120,Manhattan,Highbridge Park,Weekend,16,7,8,6,0,1,3.0
120,Manhattan,Highbridge Park,Weekend,17,8,8,7,3,2,4.5
120,Manhattan,Highbridge Park,Weekend,18,8,8,6,4,1,3.0
120,Manhattan,Highbridge Park,Weekend,19,8,8,7,5,3,4.5
120,Manhattan,Highbridge Park,Weekend,20,7,8,6,6,3,5.0
120,Manhattan,Highbridge Park,Weekend,21,8,8,4,3,1,3.5
120,Manhattan,Highbridge Park,Weekend,22,8,8,5,1,1,2.0
120,Manhattan,Highbridge Park,Weekend,23,8,8,4,4,1,3.5
121,Queens,Hillcrest/Pomonok,Weekday,0,22,22,22,18,22,32.0
121,Queens,Hillcrest/Pomonok,Weekday,1,22,22,22,16,12,18.5
121,Queens,Hillcrest/Pomonok,Weekday,2,22,22,20,16,5,11.0
121,Queens,Hillcrest/Pomonok,Weekday,3,22,22,22,18,7,12.5
121,Queens,Hillcrest/Pomonok,Weekday,4,22,22,21,18,11,18.5
121,Queens,Hillcrest/Pomonok,Weekday,5,22,22,22,22,32,44.0
121,Queens,Hillcrest/Pomonok,Weekday,6,22,22,22,17,58,77.5
121,Queens,Hillcrest/Pomonok,Weekday,7,22,22,15,12,76,116.0
121,Queens,Hillcrest/Pomonok,Weekday,8,22,22,7,6,85,115.0
121,Queens,Hillcrest/Pomonok,Weekday,9,22,22,12,13,73,100.5
121,Queens,Hillcrest/Pomonok,Weekday,10,22,22,16,13,64,89.5
121,Queens,Hillcrest/Pomonok,Weekday,11,22,22,18,17,56,87.5
121,Queens,Hillcrest/Pomonok,Weekday,12,22,22,14,13,65,90.0
121,Queens,Hillcrest/Pomonok,Weekday,13,22,22,19,17,66,95.0
121,Queens,Hillcrest/Pomonok,Weekday,14,22,22,20,15,65,105.0
121,Queens,Hillcrest/Pomonok,Weekday,15,22,22,20,20,67,108.0
121,Queens,Hillcrest/Pomonok,Weekday,16,22,22,17,12,68,116.5
121,Queens,Hillcrest/Pomonok,Weekday,17,22,22,11,10,64,95.5
121,Queens,Hillcrest/Pomonok,Weekday,18,22,22,14,13,56,85.0
121,Queens,Hillcrest/Pomonok,Weekday,19,22,22,16,15,54,76.0
121,Queens,Hillcrest/Pomonok,Weekday,20,22,22,16,13,43,68.0
121,Queens,Hillcrest/Pomonok,Weekday,21,22,22,18,11,33,60.5
121,Queens,Hillcrest/Pomonok,Weekday,22,22,22,13,13,33,53.5
121,Queens,Hillcrest/Pomonok,Weekday,23,22,22,19,14,30,52.0
121,Queens,Hillcrest/Pomonok,Weekend,0,8,8,7,7,36,46.0
121,Queens,Hillcrest/Pomonok,Weekend,1,8,8,6,6,17,31.5
121,Queens,Hillcrest/Pomonok,Weekend,2,8,8,6,6,17,22.0
121,Queens,Hillcrest/Pomonok,Weekend,3,8,8,4,4,10,20.0
121,Queens,Hillcrest/Pomonok,Weekend,4,8,8,7,5,18,25.0
121,Queens,Hillcrest/Pomonok,Weekend,5,8,8,7,8,20,37.0
121,Queens,Hillcrest/Pomonok,Weekend,6,8,8,7,5,37,50.0
121,Queens,Hillcrest/Pomonok,Weekend,7,8,8,6,4,48,57.0
121,Queens,Hillcrest/Pomonok,Weekend,8,8,8,7,5,53,66.0
121,Queens,Hillcrest/Pomonok,Weekend,9,8,8,8,7,67,75.5
121,Queens,Hillcrest/Pomonok,Weekend,10,8,8,8,4,62,73.5
121,Queens,Hillcrest/Pomonok,Weekend,11,8,8,6,5,74,78.0
121,Queens,Hillcrest/Pomonok,Weekend,12,8,8,4,4,55,77.0
121,Queens,Hillcrest/Pomonok,Weekend,13,8,8,4,1,60,83.5
121,Queens,Hillcrest/Pomonok,Weekend,14,8,8,4,2,74,81.0
121,Queens,Hillcrest/Pomonok,Weekend,15,8,8,3,2,59,81.0
121,Queens,Hillcrest/Pomonok,Weekend,16,8,8,5,3,61,79.0
121,Queens,Hillcrest/Pomonok,Weekend,17,8,8,4,4,49,72.5
121,Queens,Hillcrest/Pomonok,Weekend,18,8,8,5,2,43,69.5
121,Queens,Hillcrest/Pomonok,Weekend,19,8,8,5,4,42,67.0
121,Queens,Hillcrest/Pomonok,Weekend,20,8,8,6,7,48,70.0
121,Queens,Hillcrest/Pomonok,Weekend,21,8,8,7,5,54,66.0
121,Queens,Hillcrest/Pomonok,Weekend,22,8,8,6,7,52,70.0
121,Queens,Hillcrest/Pomonok,Weekend,23,8,8,6,6,29,57.0
122,Queens,Hollis,Weekday,0,22,22,15,11,10,15.5
122,Queens,Hollis,Weekday,1,22,22,19,14,4,10.0
122,Queens,Hollis,Weekday,2,22,22,20,15,4,10.0
122,Queens,Hollis,Weekday,3,22,22,18,19,6,11.5
122,Queens,Hollis,Weekday,4,22,22,21,19,5,14.0
122,Queens,Hollis,Weekday,5,22,22,21,19,19,27.0
122,Queens,Hollis,Weekday,6,22,22,21,20,34,46.0
122,Queens,Hollis,Weekday,7,22,22,22,21,41,64.5
122,Queens,Hollis,Weekday,8,22,22,18,16,64,86.5
122,Queens,Hollis,Weekday,9,22,22,16,13,45,59.5
122,Queens,Hollis,Weekday,10,22,22,19,16,32,47.0
122,Queens,Hollis,Weekday,11,22,22,20,16,34,44.0
122,Queens,Hollis,Weekday,12,22,22,20,13,31,42.0
122,Queens,Hollis,Weekday,13,22,22,21,18,33,45.5
122,Queens,Hollis,Weekday,14,22,22,20,16,32,60.0
122,Queens,Hollis,Weekday,15,22,22,15,4,30,43.0
122,Queens,Hollis,Weekday,16,22,22,13,10,29,48.5
122,Queens,Hollis,Weekday,17,22,22,7,4,36,50.0
122,Queens,Hollis,Weekday,18,22,22,13,10,32,39.0
122,Queens,Hollis,Weekday,19,22,22,18,10,28,40.0
122,Queens,Hollis,Weekday,20,22,22,16,9,21,35.0
122,Queens,Hollis,Weekday,21,22,22,12,9,16,31.5
122,Queens,Hollis,Weekday,22,22,22,13,11,22,31.5
122,Queens,Hollis,Weekday,23,22,22,15,7,15,26.5
122,Queens,Hollis,Weekend,0,8,8,5,4,26,31.5
122,Queens,Hollis,Weekend,1,8,8,6,8,19,21.0
122,Queens,Hollis,Weekend,2,8,8,6,6,7,13.5
122,Queens,Hollis,Weekend,3,8,8,4,3,10,11.0
122,Queens,Hollis,Weekend,4,8,8,7,5,11,14.5
122,Queens,Hollis,Weekend,5,8,8,8,6,18,21.0
122,Queens,Hollis,Weekend,6,8,8,8,8,27,33.5
122,Queens,Hollis,Weekend,7,8,8,7,4,24,32.0
122,Queens,Hollis,Weekend,8,8,8,7,5,27,38.5
122,Queens,Hollis,Weekend,9,8,8,8,6,46,52.5
122,Queens,Hollis,Weekend,10,8,8,5,5,40,48.0
122,Queens,Hollis,Weekend,11,8,8,2,4,39,47.5
122,Queens,Hollis,Weekend,12,8,8,3,4,35,41.5
122,Queens,Hollis,Weekend,13,8,8,5,5,34,48.5
122,Queens,Hollis,Weekend,14,8,8,5,4,49,56.0
122,Queens,Hollis,Weekend,15,8,8,5,4,38,46.5
122,Queens,Hollis,Weekend,16,8,8,3,3,28,43.0
122,Queens,Hollis,Weekend,17,8,8,5,2,26,45.0
122,Queens,Hollis,Weekend,18,8,8,6,3,23,39.0
122,Queens,Hollis,Weekend,19,8,8,3,1,37,41.5
122,Queens,Hollis,Weekend,20,8,8,4,5,29,42.0
122,Queens,Hollis,Weekend,21,8,8,5,4,31,39.0
122,Queens,Hollis,Weekend,22,8,8,6,4,29,41.5
122,Queens,Hollis,Weekend,23,8,8,6,7,24,31.0
123,Brooklyn,Homecrest,Weekday,0,22,22,16,4,12,27.0
123,Brooklyn,Homecrest,Weekday,1,22,22,14,11,8,18.5
123,Brooklyn,Homecrest,Weekday,2,22,22,16,8,7,14.5
123,Brooklyn,Homecrest,Weekday,3,22,22,8,9,7,12.0
123,Brooklyn,Homecrest,Weekday,4,22,22,7,5,7,14.0
123,Brooklyn,Homecrest,Weekday,5,22,22,0,0,14,21.5
123,Brooklyn,Homecrest,Weekday,6,22,22,0,0,30,47.5
123,Brooklyn,Homecrest,Weekday,7,22,22,1,0,44,133.5
123,Brooklyn,Homecrest,Weekday,8,22,22,0,1,71,184.5
123,Brooklyn,Homecrest,Weekday,9,22,22,8,2,74,170.0
123,Brooklyn,Homecrest,Weekday,10,22,22,7,3,51,127.5
123,Brooklyn,Homecrest,Weekday,11,22,22,12,8,53,113.5
123,Brooklyn,Homecrest,Weekday,12,22,22,9,1,61,125.0
123,Brooklyn,Homecrest,Weekday,13,22,22,8,3,63,120.5
123,Brooklyn,Homecrest,Weekday,14,22,22,7,3,68,124.0
123,Brooklyn,Homecrest,Weekday,15,22,22,12,6,88,123.0
123,Brooklyn,Homecrest,Weekday,16,22,22,10,4,84,141.5
123,Brooklyn,Homecrest,Weekday,17,22,22,3,4,81,159.0
123,Brooklyn,Homecrest,Weekday,18,22,22,7,2,84,146.0
123,Brooklyn,Homecrest,Weekday,19,22,22,13,3,65,123.5
123,Brooklyn,Homecrest,Weekday,20,22,22,14,1,65,92.5
123,Brooklyn,Homecrest,Weekday,21,22,22,7,0,54,80.0
123,Brooklyn,Homecrest,Weekday,22,22,22,8,7,51,69.5
123,Brooklyn,Homecrest,Weekday,23,22,22,12,5,35,51.5
123,Brooklyn,Homecrest,Weekend,0,8,8,5,4,32,60.5
123,Brooklyn,Homecrest,Weekend,1,8,8,5,5,22,46.0
123,Brooklyn,Homecrest,Weekend,2,8,8,3,2,20,29.5
123,Brooklyn,Homecrest,Weekend,3,8,8,3,1,14,27.0
123,Brooklyn,Homecrest,Weekend,4,8,8,0,2,17,22.5
123,Brooklyn,Homecrest,Weekend,5,8,8,0,2,12,17.5
123,Brooklyn,Homecrest,Weekend,6,8,8,0,0,15,26.0
123,Brooklyn,Homecrest,Weekend,7,8,8,2,0,25,46.5
123,Brooklyn,Homecrest,Weekend,8,8,8,2,1,48,63.5
123,Brooklyn,Homecrest,Weekend,9,8,8,0,0,53,77.5
123,Brooklyn,Homecrest,Weekend,10,8,8,0,0,56,78.5
123,Brooklyn,Homecrest,Weekend,11,8,8,0,0,47,87.0
123,Brooklyn,Homecrest,Weekend,12,8,8,1,1,65,109.5
123,Brooklyn,Homecrest,Weekend,13,8,8,0,0,69,87.5
123,Brooklyn,Homecrest,Weekend,14,8,8,0,0,67,99.5
123,Brooklyn,Homecrest,Weekend,15,8,8,0,0,71,93.5
123,Brooklyn,Homecrest,Weekend,16,8,8,2,1,75,98.5
123,Brooklyn,Homecrest,Weekend,17,8,8,0,0,74,107.0
123,Brooklyn,Homecrest,Weekend,18,8,8,2,2,79,98.5
123,Brooklyn,Homecrest,Weekend,19,8,8,3,0,65,97.5
123,Brooklyn,Homecrest,Weekend,20,8,8,0,2,78,109.0
123,Brooklyn,Homecrest,Weekend,21,8,8,1,0,72,103.5
123,Brooklyn,Homecrest,Weekend,22,8,8,0,0,49,88.0
123,Brooklyn,Homecrest,Weekend,23,8,8,3,1,44,64.5
124,Queens,Howard Beach,Weekday,0,22,22,22,18,8,18.5
124,Queens,Howard Beach,Weekday,1,22,22,21,14,2,9.0
124,Queens,Howard Beach,Weekday,2,22,22,20,12,1,6.5
124,Queens,Howard Beach,Weekday,3,22,22,19,12,2,9.5
124,Queens,Howard Beach,Weekday,4,22,22,21,16,14,21.0
124,Queens,Howard Beach,Weekday,5,22,22,17,12,21,30.5
124,Queens,Howard Beach,Weekday,6,22,22,21,14,30,41.0
124,Queens,Howard Beach,Weekday,7,22,22,22,17,43,71.0
124,Queens,Howard Beach,Weekday,8,22,22,22,18,56,77.0
124,Queens,Howard Beach,Weekday,9,22,22,22,18,46,54.0
124,Queens,Howard Beach,Weekday,10,22,22,22,17,35,47.5
124,Queens,Howard Beach,Weekday,11,22,22,21,21,35,50.5
124,Queens,Howard Beach,Weekday,12,22,22,22,16,41,53.0
124,Queens,Howard Beach,Weekday,13,22,22,21,18,39,58.5
124,Queens,Howard Beach,Weekday,14,22,22,20,14,47,64.5
124,Queens,Howard Beach,Weekday,15,22,22,18,15,50,67.0
124,Queens,Howard Beach,Weekday,16,22,22,18,10,47,61.0
124,Queens,Howard Beach,Weekday,17,22,22,15,14,50,67.5
124,Queens,Howard Beach,Weekday,18,22,22,16,15,46,61.0
124,Queens,Howard Beach,Weekday,19,22,22,21,15,41,65.0
124,Queens,Howard Beach,Weekday,20,22,22,21,15,48,57.5
124,Queens,Howard Beach,Weekday,21,22,22,22,21,37,52.5
124,Queens,Howard Beach,Weekday,22,22,22,21,19,23,38.0
124,Queens,Howard Beach,Weekday,23,22,22,22,19,21,32.5
124,Queens,Howard Beach,Weekend,0,8,8,8,8,27,40.0
124,Queens,Howard Beach,Weekend,1,8,8,7,8,14,26.5
124,Queens,Howard Beach,Weekend,2,8,8,8,6,9,16.5
124,Queens,Howard Beach,Weekend,3,8,8,8,4,12,18.0
124,Queens,Howard Beach,Weekend,4,8,8,5,5,11,16.0
124,Queens,Howard Beach,Weekend,5,8,8,7,5,12,20.5
124,Queens,Howard Beach,Weekend,6,8,8,6,4,18,24.5
124,Queens,Howard Beach,Weekend,7,8,8,8,7,23,33.0
124,Queens,Howard Beach,Weekend,8,8,8,8,4,20,34.5
124,Queens,Howard Beach,Weekend,9,8,8,6,7,30,40.5
124,Queens,Howard Beach,Weekend,10,8,8,7,8,38,50.0
124,Queens,Howard Beach,Weekend,11,8,8,8,7,35,59.0
124,Queens,Howard Beach,Weekend,12,8,8,7,7,30,56.5
124,Queens,Howard Beach,Weekend,13,8,8,7,8,49,61.0
124,Queens,Howard Beach,Weekend,14,8,8,5,5,42,66.5
124,Queens,Howard Beach,Weekend,15,8,8,6,4,50,73.5
124,Queens,Howard Beach,Weekend,16,8,8,8,5,57,67.0
124,Queens,Howard Beach,Weekend,17,8,8,6,7,32,61.5
124,Queens,Howard Beach,Weekend,18,8,8,6,4,54,67.5
124,Queens,Howard Beach,Weekend,19,8,8,8,4,49,72.5
124,Queens,Howard Beach,Weekend,20,8,8,8,7,43,76.5
124,Queens,Howard Beach,Weekend,21,8,8,8,8,45,61.5
124,Queens,Howard Beach,Weekend,22,8,8,8,8,33,59.5
124,Queens,Howard Beach,Weekend,23,8,8,8,8,20,31.0
125,Manhattan,Hudson Sq,Weekday,0,22,22,0,1,14,42.0
125,Manhattan,Hudson Sq,Weekday,1,22,22,4,1,9,19.0
125,Manhattan,Hudson Sq,Weekday,2,22,22,7,3,4,14.5
125,Manhattan,Hudson Sq,Weekday,3,22,22,0,0,3,17.0
125,Manhattan,Hudson Sq,Weekday,4,22,22,0,1,4,17.0
125,Manhattan,Hudson Sq,Weekday,5,22,22,0,1,21,28.0
125,Manhattan,Hudson Sq,Weekday,6,22,22,2,0,38,48.5
125,Manhattan,Hudson Sq,Weekday,7,22,22,0,0,56,77.5
125,Manhattan,Hudson Sq,Weekday,8,22,22,0,0,72,107.5
125,Manhattan,Hudson Sq,Weekday,9,22,22,0,0,84,102.5
125,Manhattan,Hudson Sq,Weekday,10,22,22,0,0,73,98.5
125,Manhattan,Hudson Sq,Weekday,11,22,22,0,0,71,113.0
125,Manhattan,Hudson Sq,Weekday,12,22,22,0,0,82,110.0
125,Manhattan,Hudson Sq,Weekday,13,22,22,0,0,85,123.5
125,Manhattan,Hudson Sq,Weekday,14,22,22,0,1,94,129.0
125,Manhattan,Hudson Sq,Weekday,15,22,22,4,4,102,131.5
125,Manhattan,Hudson Sq,Weekday,16,22,22,6,7,90,156.0
125,Manhattan,Hudson Sq,Weekday,17,22,22,10,8,117,197.0
125,Manhattan,Hudson Sq,Weekday,18,22,22,7,4,94,187.0
125,Manhattan,Hudson Sq,Weekday,19,22,22,1,0,92,155.5
125,Manhattan,Hudson Sq,Weekday,20,22,22,0,0,103,170.5
125,Manhattan,Hudson Sq,Weekday,21,22,22,5,0,71,153.5
125,Manhattan,Hudson Sq,Weekday,22,22,22,2,0,67,136.0
125,Manhattan,Hudson Sq,Weekday,23,22,22,3,1,40,96.0
125,Manhattan,Hudson Sq,Weekend,0,8,8,3,0,104,114.0
125,Manhattan,Hudson Sq,Weekend,1,8,8,7,0,72,100.0
125,Manhattan,Hudson Sq,Weekend,2,8,8,1,0,77,87.0
125,Manhattan,Hudson Sq,Weekend,3,8,8,0,0,62,75.0
125,Manhattan,Hudson Sq,Weekend,4,8,8,0,0,30,45.0
125,Manhattan,Hudson Sq,Weekend,5,8,8,0,0,15,22.0
125,Manhattan,Hudson Sq,Weekend,6,8,8,0,0,19,28.5
125,Manhattan,Hudson Sq,Weekend,7,8,8,0,0,20,37.0
125,Manhattan,Hudson Sq,Weekend,8,8,8,0,1,31,54.0
125,Manhattan,Hudson Sq,Weekend,9,8,8,0,0,56,78.0
125,Manhattan,Hudson Sq,Weekend,10,8,8,0,0,78,98.5
125,Manhattan,Hudson Sq,Weekend,11,8,8,0,0,78,125.0
125,Manhattan,Hudson Sq,Weekend,12,8,8,0,0,83,117.0
125,Manhattan,Hudson Sq,Weekend,13,8,8,0,0,104,117.5
125,Manhattan,Hudson Sq,Weekend,14,8,8,0,0,82,106.5
125,Manhattan,Hudson Sq,Weekend,15,8,8,1,1,91,109.0
125,Manhattan,Hudson Sq,Weekend,16,8,8,0,0,85,99.5
125,Manhattan,Hudson Sq,Weekend,17,8,8,0,0,80,127.0
125,Manhattan,Hudson Sq,Weekend,18,8,8,0,0,73,123.5
125,Manhattan,Hudson Sq,Weekend,19,8,8,0,0,80,121.0
125,Manhattan,Hudson Sq,Weekend,20,8,8,0,0,62,132.0
125,Manhattan,Hudson Sq,Weekend,21,8,8,0,0,55,105.5
125,Manhattan,Hudson Sq,Weekend,22,8,8,0,0,48,102.5
125,Manhattan,Hudson Sq,Weekend,23,8,8,0,0,35,90.0
126,Bronx,Hunts Point,Weekday,0,22,22,17,10,43,68.0
126,Bronx,Hunts Point,Weekday,1,22,22,18,13,24,42.5
126,Bronx,Hunts Point,Weekday,2,22,22,18,18,18,29.0
126,Bronx,Hunts Point,Weekday,3,22,22,15,12,15,32.5
126,Bronx,Hunts Point,Weekday,4,22,22,16,14,36,45.0
126,Bronx,Hunts Point,Weekday,5,22,22,10,10,39,58.0
126,Bronx,Hunts Point,Weekday,6,22,22,21,20,61,88.0
126,Bronx,Hunts Point,Weekday,7,22,22,22,22,91,147.0
126,Bronx,Hunts Point,Weekday,8,22,22,20,19,108,146.0
126,Bronx,Hunts Point,Weekday,9,22,22,16,12,99,117.0
126,Bronx,Hunts Point,Weekday,10,22,22,22,17,77,101.0
126,Bronx,Hunts Point,Weekday,11,22,22,22,21,69,99.5
126,Bronx,Hunts Point,Weekday,12,22,22,22,22,75,95.5
126,Bronx,Hunts Point,Weekday,13,22,22,22,22,86,108.0
126,Bronx,Hunts Point,Weekday,14,22,22,21,20,93,114.5
126,Bronx,Hunts Point,Weekday,15,22,22,22,21,99,129.0
126,Bronx,Hunts Point,Weekday,16,22,22,22,22,108,131.0
126,Bronx,Hunts Point,Weekday,17,22,22,22,22,105,140.0
126,Bronx,Hunts Point,Weekday,18,22,22,20,21,94,121.5
126,Bronx,Hunts Point,Weekday,19,22,22,22,21,84,119.5
126,Bronx,Hunts Point,Weekday,20,22,22,21,19,74,96.0
126,Bronx,Hunts Point,Weekday,21,22,22,17,15,61,95.0
126,Bronx,Hunts Point,Weekday,22,22,22,11,10,66,87.0
126,Bronx,Hunts Point,Weekday,23,22,22,16,11,55,85.0
126,Bronx,Hunts Point,Weekend,0,8,8,6,5,98,107.0
126,Bronx,Hunts Point,Weekend,1,8,8,3,4,60,75.0
126,Bronx,Hunts Point,Weekend,2,8,8,2,5,44,50.5
126,Bronx,Hunts Point,Weekend,3,8,8,5,3,42,53.0
126,Bronx,Hunts Point,Weekend,4,8,8,6,5,25,54.0
126,Bronx,Hunts Point,Weekend,5,8,8,5,4,37,50.5
126,Bronx,Hunts Point,Weekend,6,8,8,8,8,45,59.0
126,Bronx,Hunts Point,Weekend,7,8,8,8,7,56,66.5
126,Bronx,Hunts Point,Weekend,8,8,8,6,5,41,76.5
126,Bronx,Hunts Point,Weekend,9,8,8,8,5,53,84.0
126,Bronx,Hunts Point,Weekend,10,8,8,8,6,64,90.0
126,Bronx,Hunts Point,Weekend,11,8,8,8,8,79,88.5
126,Bronx,Hunts Point,Weekend,12,8,8,7,7,64,98.5
126,Bronx,Hunts Point,Weekend,13,8,8,7,8,71,84.0
126,Bronx,Hunts Point,Weekend,14,8,8,8,8,81,103.0
126,Bronx,Hunts Point,Weekend,15,8,8,8,7,80,115.5
126,Bronx,Hunts Point,Weekend,16,8,8,8,8,83,111.0
126,Bronx,Hunts Point,Weekend,17,8,8,8,7,84,103.5
126,Bronx,Hunts Point,Weekend,18,8,8,7,6,82,105.0
126,Bronx,Hunts Point,Weekend,19,8,8,8,8,87,104.5
126,Bronx,Hunts Point,Weekend,20,8,8,8,7,86,108.5
126,Bronx,Hunts Point,Weekend,21,8,8,7,7,80,111.5
126,Bronx,Hunts Point,Weekend,22,8,8,6,5,86,98.5
126,Bronx,Hunts Point,Weekend,23,8,8,7,6,78,104.5
127,Manhattan,Inwood,Weekday,0,22,22,7,3,56,97.5
127,Manhattan,Inwood,Weekday,1,22,22,11,10,46,72.0
127,Manhattan,Inwood,Weekday,2,22,22,10,10,35,55.0
127,Manhattan,Inwood,Weekday,3,22,22,14,13,32,52.0
127,Manhattan,Inwood,Weekday,4,22,22,13,11,34,55.5
127,Manhattan,Inwood,Weekday,5,22,22,1,3,43,66.0
127,Manhattan,Inwood,Weekday,6,22,22,8,5,109,132.0
127,Manhattan,Inwood,Weekday,7,22,22,1,1,104,198.0
127,Manhattan,Inwood,Weekday,8,22,22,1,2,156,181.0
127,Manhattan,Inwood,Weekday,9,22,22,1,4,99,122.5
127,Manhattan,Inwood,Weekday,10,22,22,1,2,80,102.0
127,Manhattan,Inwood,Weekday,11,22,22,3,4,70,89.0
127,Manhattan,Inwood,Weekday,12,22,22,3,4,66,87.5
127,Manhattan,Inwood,Weekday,13,22,22,8,8,70,94.5
127,Manhattan,Inwood,Weekday,14,22,22,6,8,86,113.0
127,Manhattan,Inwood,Weekday,15,22,22,9,7,90,118.5
127,Manhattan,Inwood,Weekday,16,22,22,15,12,90,114.5
127,Manhattan,Inwood,Weekday,17,22,22,15,16,105,125.5
127,Manhattan,Inwood,Weekday,18,22,22,10,8,94,120.0
127,Manhattan,Inwood,Weekday,19,22,22,9,4,88,114.0
127,Manhattan,Inwood,Weekday,20,22,22,11,8,77,106.0
127,Manhattan,Inwood,Weekday,21,22,22,9,6,85,109.0
127,Manhattan,Inwood,Weekday,22,22,22,5,5,85,130.5
127,Manhattan,Inwood,Weekday,23,22,22,4,2,68,115.5
127,Manhattan,Inwood,Weekend,0,8,8,0,0,147,179.0
127,Manhattan,Inwood,Weekend,1,8,8,1,1,113,167.0
127,Manhattan,Inwood,Weekend,2,8,8,4,4,137,174.5
127,Manhattan,Inwood,Weekend,3,8,8,8,8,158,211.5
127,Manhattan,Inwood,Weekend,4,8,8,8,8,136,201.5
127,Manhattan,Inwood,Weekend,5,8,8,5,5,67,75.5
127,Manhattan,Inwood,Weekend,6,8,8,2,2,56,69.5
127,Manhattan,Inwood,Weekend,7,8,8,4,5,59,75.5
127,Manhattan,Inwood,Weekend,8,8,8,0,0,68,86.5
127,Manhattan,Inwood,Weekend,9,8,8,0,0,78,109.0
127,Manhattan,Inwood,Weekend,10,8,8,1,1,98,111.0
127,Manhattan,Inwood,Weekend,11,8,8,1,3,83,123.0
127,Manhattan,Inwood,Weekend,12,8,8,4,6,105,127.0
127,Manhattan,Inwood,Weekend,13,8,8,3,3,115,130.5
127,Manhattan,Inwood,Weekend,14,8,8,2,3,113,142.0
127,Manhattan,Inwood,Weekend,15,8,8,3,7,102,143.0
127,Manhattan,Inwood,Weekend,16,8,8,5,6,100,145.0
127,Manhattan,Inwood,Weekend,17,8,8,4,5,121,141.5
127,Manhattan,Inwood,Weekend,18,8,8,3,5,113,148.5
127,Manhattan,Inwood,Weekend,19,8,8,5,5,121,149.0
127,Manhattan,Inwood,Weekend,20,8,8,3,3,128,163.0
127,Manhattan,Inwood,Weekend,21,8,8,4,3,140,177.5
127,Manhattan,Inwood,Weekend,22,8,8,2,1,148,185.5
127,Manhattan,Inwood,Weekend,23,8,8,1,0,128,176.5
128,Manhattan,Inwood Hill Park,Weekday,0,22,22,9,3,3,6.0
128,Manhattan,Inwood Hill Park,Weekday,1,22,22,14,5,1,3.0
128,Manhattan,Inwood Hill Park,Weekday,2,19,22,11,5,1,3.0
128,Manhattan,Inwood Hill Park,Weekday,3,17,22,5,3,1,3.0
128,Manhattan,Inwood Hill Park,Weekday,4,20,22,9,8,1,2.0
128,Manhattan,Inwood Hill Park,Weekday,5,21,22,4,4,1,3.0
128,Manhattan,Inwood Hill Park,Weekday,6,22,22,5,3,1,5.0
128,Manhattan,Inwood Hill Park,Weekday,7,22,22,5,6,4,11.0
128,Manhattan,Inwood Hill Park,Weekday,8,22,22,5,5,4,8.0
128,Manhattan,Inwood Hill Park,Weekday,9,22,22,4,3,2,8.5
128,Manhattan,Inwood Hill Park,Weekday,10,22,22,7,3,3,6.5
128,Manhattan,Inwood Hill Park,Weekday,11,22,22,11,2,2,6.0
128,Manhattan,Inwood Hill Park,Weekday,12,22,22,10,2,2,7.0
128,Manhattan,Inwood Hill Park,Weekday,13,22,22,10,4,3,8.0
128,Manhattan,Inwood Hill Park,Weekday,14,22,22,9,8,6,11.0
128,Manhattan,Inwood Hill Park,Weekday,15,22,22,11,9,5,12.0
128,Manhattan,Inwood Hill Park,Weekday,16,22,22,13,7,6,11.5
128,Manhattan,Inwood Hill Park,Weekday,17,22,22,14,10,6,11.0
128,Manhattan,Inwood Hill Park,Weekday,18,22,22,16,10,4,12.5
128,Manhattan,Inwood Hill Park,Weekday,19,22,22,10,5,9,14.0
128,Manhattan,Inwood Hill Park,Weekday,20,22,22,11,2,9,15.0
128,Manhattan,Inwood Hill Park,Weekday,21,22,22,9,7,8,13.5
128,Manhattan,Inwood Hill Park,Weekday,22,22,22,14,8,6,11.0
128,Manhattan,Inwood Hill Park,Weekday,23,22,22,13,8,9,15.5
128,Manhattan,Inwood Hill Park,Weekend,0,8,8,4,2,2,5.0
128,Manhattan,Inwood Hill Park,Weekend,1,8,8,2,0,2,4.5
128,Manhattan,Inwood Hill Park,Weekend,2,7,8,3,2,1,3.0
128,Manhattan,Inwood Hill Park,Weekend,3,7,8,4,2,1,3.0
128,Manhattan,Inwood Hill Park,Weekend,4,8,8,7,2,1,3.0
128,Manhattan,Inwood Hill Park,Weekend,5,7,8,5,2,1,2.0
128,Manhattan,Inwood Hill Park,Weekend,6,7,8,2,1,1,4.0
128,Manhattan,Inwood Hill Park,Weekend,7,8,8,1,4,7,11.5
128,Manhattan,Inwood Hill Park,Weekend,8,8,8,1,0,3,8.5
128,Manhattan,Inwood Hill Park,Weekend,9,8,8,1,1,4,5.5
128,Manhattan,Inwood Hill Park,Weekend,10,8,8,1,1,2,4.5
128,Manhattan,Inwood Hill Park,Weekend,11,8,8,4,3,2,8.0
128,Manhattan,Inwood Hill Park,Weekend,12,8,8,6,2,5,8.5
128,Manhattan,Inwood Hill Park,Weekend,13,8,8,4,4,7,10.0
128,Manhattan,Inwood Hill Park,Weekend,14,8,8,3,2,8,14.0
128,Manhattan,Inwood Hill Park,Weekend,15,8,8,7,4,11,16.0
128,Manhattan,Inwood Hill Park,Weekend,16,8,8,5,5,8,15.5
128,Manhattan,Inwood Hill Park,Weekend,17,8,8,5,4,6,12.5
128,Manhattan,Inwood Hill Park,Weekend,18,8,8,5,4,6,12.0
128,Manhattan,Inwood Hill Park,Weekend,19,8,8,7,2,8,13.0
128,Manhattan,Inwood Hill Park,Weekend,20,8,8,8,2,7,11.0
128,Manhattan,Inwood Hill Park,Weekend,21,8,8,4,3,6,9.0
128,Manhattan,Inwood Hill Park,Weekend,22,8,8,7,4,6,12.5
128,Manhattan,Inwood Hill Park,Weekend,23,8,8,4,3,5,12.5
129,Queens,Jackson Heights,Weekday,0,22,22,19,13,100,134.5
129,Queens,Jackson Heights,Weekday,1,22,22,11,10,66,93.0
129,Queens,Jackson Heights,Weekday,2,22,22,5,3,45,76.5
129,Queens,Jackson Heights,Weekday,3,22,22,7,6,69,93.5
129,Queens,Jackson Heights,Weekday,4,22,22,6,0,112,140.5
129,Queens,Jackson Heights,Weekday,5,22,22,0,0,144,161.0
129,Queens,Jackson Heights,Weekday,6,22,22,0,0,197,257.5
129,Queens,Jackson Heights,Weekday,7,22,22,2,1,225,363.5
129,Queens,Jackson Heights,Weekday,8,22,22,3,2,313,360.0
129,Queens,Jackson Heights,Weekday,9,22,22,6,5,258,277.0
129,Queens,Jackson Heights,Weekday,10,22,22,10,3,204,226.0
129,Queens,Jackson Heights,Weekday,11,22,22,12,5,182,210.0
129,Queens,Jackson Heights,Weekday,12,22,22,12,5,170,199.5
129,Queens,Jackson Heights,Weekday,13,22,22,10,4,188,227.5
129,Queens,Jackson Heights,Weekday,14,22,22,6,0,202,245.0
129,Queens,Jackson Heights,Weekday,15,22,22,4,0,207,232.0
129,Queens,Jackson Heights,Weekday,16,22,22,11,5,185,213.5
129,Queens,Jackson Heights,Weekday,17,22,22,14,7,198,257.5
129,Queens,Jackson Heights,Weekday,18,22,22,15,13,200,234.0
129,Queens,Jackson Heights,Weekday,19,22,22,20,18,175,217.0
129,Queens,Jackson Heights,Weekday,20,22,22,22,15,182,216.5
129,Queens,Jackson Heights,Weekday,21,22,22,18,13,171,218.5
129,Queens,Jackson Heights,Weekday,22,22,22,14,12,160,194.0
129,Queens,Jackson Heights,Weekday,23,22,22,21,14,113,166.5
129,Queens,Jackson Heights,Weekend,0,8,8,3,0,242,282.5
129,Queens,Jackson Heights,Weekend,1,8,8,1,2,188,249.5
129,Queens,Jackson Heights,Weekend,2,8,8,0,0,150,225.0
129,Queens,Jackson Heights,Weekend,3,8,8,7,6,187,252.5
129,Queens,Jackson Heights,Weekend,4,8,8,8,7,209,264.5
129,Queens,Jackson Heights,Weekend,5,8,8,1,1,162,185.0
129,Queens,Jackson Heights,Weekend,6,8,8,0,0,171,187.5
129,Queens,Jackson Heights,Weekend,7,8,8,1,1,120,176.0
129,Queens,Jackson Heights,Weekend,8,8,8,3,1,190,222.0
129,Queens,Jackson Heights,Weekend,9,8,8,3,2,226,277.0
129,Queens,Jackson Heights,Weekend,10,8,8,3,4,237,273.0
129,Queens,Jackson Heights,Weekend,11,8,8,6,3,233,265.0
129,Queens,Jackson Heights,Weekend,12,8,8,1,2,216,273.5
129,Queens,Jackson Heights,Weekend,13,8,8,4,3,257,287.0
129,Queens,Jackson Heights,Weekend,14,8,8,3,3,242,293.5
129,Queens,Jackson Heights,Weekend,15,8,8,4,3,224,303.0
129,Queens,Jackson Heights,Weekend,16,8,8,5,6,228,294.0
129,Queens,Jackson Heights,Weekend,17,8,8,8,5,210,254.5
129,Queens,Jackson Heights,Weekend,18,8,8,8,6,225,292.0
129,Queens,Jackson Heights,Weekend,19,8,8,8,7,239,300.0
129,Queens,Jackson Heights,Weekend,20,8,8,8,8,243,307.5
129,Queens,Jackson Heights,Weekend,21,8,8,8,5,234,315.0
129,Queens,Jackson Heights,Weekend,22,8,8,7,7,208,299.5
129,Queens,Jackson Heights,Weekend,23,8,8,5,5,172,276.5
130,Queens,Jamaica,Weekday,0,22,22,20,16,152,180.5
130,Queens,Jamaica,Weekday,1,22,22,19,15,104,126.5
130,Queens,Jamaica,Weekday,2,22,22,13,11,57,77.5
130,Queens,Jamaica,Weekday,3,22,22,11,12,42,62.0
130,Queens,Jamaica,Weekday,4,22,22,6,9,53,68.0
130,Queens,Jamaica,Weekday,5,22,22,2,5,89,107.5
130,Queens,Jamaica,Weekday,6,22,22,1,1,143,187.5
130,Queens,Jamaica,Weekday,7,22,22,7,8,151,261.0
130,Queens,Jamaica,Weekday,8,22,22,1,3,218,293.0
130,Queens,Jamaica,Weekday,9,22,22,4,5,214,246.0
130,Queens,Jamaica,Weekday,10,22,22,16,18,205,226.5
130,Queens,Jamaica,Weekday,11,22,22,19,20,189,222.0
130,Queens,Jamaica,Weekday,12,22,22,21,19,207,237.0
130,Queens,Jamaica,Weekday,13,22,22,22,21,204,257.5
130,Queens,Jamaica,Weekday,14,22,22,21,21,240,289.0
130,Queens,Jamaica,Weekday,15,22,22,20,19,253,303.0
130,Queens,Jamaica,Weekday,16,22,22,16,21,270,323.5
130,Queens,Jamaica,Weekday,17,22,22,13,18,298,355.0
130,Queens,Jamaica,Weekday,18,22,22,17,16,240,348.5
130,Queens,Jamaica,Weekday,19,22,22,16,11,209,299.0
130,Queens,Jamaica,Weekday,20,22,22,7,3,229,282.0
130,Queens,Jamaica,Weekday,21,22,22,4,2,204,278.0
130,Queens,Jamaica,Weekday,22,22,22,14,8,213,270.5
130,Queens,Jamaica,Weekday,23,22,22,22,18,209,263.5
130,Queens,Jamaica,Weekend,0,8,8,8,8,226,304.0
130,Queens,Jamaica,Weekend,1,8,8,7,7,190,238.5
130,Queens,Jamaica,Weekend,2,8,8,2,2,124,158.5
130,Queens,Jamaica,Weekend,3,8,8,5,5,101,111.0
130,Queens,Jamaica,Weekend,4,8,8,6,5,95,122.0
130,Queens,Jamaica,Weekend,5,8,8,3,2,102,108.0
130,Queens,Jamaica,Weekend,6,8,8,2,1,132,147.0
130,Queens,Jamaica,Weekend,7,8,8,3,4,137,152.5
130,Queens,Jamaica,Weekend,8,8,8,2,5,160,178.5
130,Queens,Jamaica,Weekend,9,8,8,3,2,172,209.5
130,Queens,Jamaica,Weekend,10,8,8,3,3,198,219.0
130,Queens,Jamaica,Weekend,11,8,8,3,2,213,242.5
130,Queens,Jamaica,Weekend,12,8,8,3,1,207,255.5
130,Queens,Jamaica,Weekend,13,8,8,4,3,230,272.0
130,Queens,Jamaica,Weekend,14,8,8,2,1,237,295.5
130,Queens,Jamaica,Weekend,15,8,8,2,2,250,306.5
130,Queens,Jamaica,Weekend,16,8,8,1,1,248,312.0
130,Queens,Jamaica,Weekend,17,8,8,3,1,236,308.5
130,Queens,Jamaica,Weekend,18,8,8,4,2,233,314.0
130,Queens,Jamaica,Weekend,19,8,8,5,3,233,338.0
130,Queens,Jamaica,Weekend,20,8,8,8,6,230,334.0
130,Queens,Jamaica,Weekend,21,8,8,7,6,210,309.5
130,Queens,Jamaica,Weekend,22,8,8,8,7,231,319.5
130,Queens,Jamaica,Weekend,23,8,8,8,8,229,301.0
131,Queens,Jamaica Estates,Weekday,0,22,22,17,10,12,20.0
131,Queens,Jamaica Estates,Weekday,1,22,22,16,10,4,11.5
131,Queens,Jamaica Estates,Weekday,2,22,22,17,13,5,8.0
131,Queens,Jamaica Estates,Weekday,3,22,22,18,20,9,12.0
131,Queens,Jamaica Estates,Weekday,4,22,22,19,13,7,12.5
131,Queens,Jamaica Estates,Weekday,5,22,22,17,16,17,25.0
131,Queens,Jamaica Estates,Weekday,6,22,22,20,14,27,44.5
131,Queens,Jamaica Estates,Weekday,7,22,22,19,15,40,68.0
131,Queens,Jamaica Estates,Weekday,8,22,22,5,4,63,87.0
131,Queens,Jamaica Estates,Weekday,9,22,22,13,6,55,70.5
131,Queens,Jamaica Estates,Weekday,10,22,22,14,12,49,60.5
131,Queens,Jamaica Estates,Weekday,11,22,22,18,13,44,54.0
131,Queens,Jamaica Estates,Weekday,12,22,22,16,10,43,57.0
131,Queens,Jamaica Estates,Weekday,13,22,22,20,13,49,66.0
131,Queens,Jamaica Estates,Weekday,14,22,22,21,18,47,74.0
131,Queens,Jamaica Estates,Weekday,15,22,22,16,9,49,70.5
131,Queens,Jamaica Estates,Weekday,16,22,22,12,10,52,68.0
131,Queens,Jamaica Estates,Weekday,17,22,22,14,9,55,68.5
131,Queens,Jamaica Estates,Weekday,18,22,22,14,10,44,65.5
131,Queens,Jamaica Estates,Weekday,19,22,22,14,5,41,53.5
131,Queens,Jamaica Estates,Weekday,20,22,22,12,4,33,48.5
131,Queens,Jamaica Estates,Weekday,21,22,22,11,3,31,42.5
131,Queens,Jamaica Estates,Weekday,22,22,22,16,10,18,33.0
131,Queens,Jamaica Estates,Weekday,23,22,22,16,11,19,30.5
131,Queens,Jamaica Estates,Weekend,0,8,8,5,5,24,37.5
131,Queens,Jamaica Estates,Weekend,1,8,8,6,3,11,27.5
131,Queens,Jamaica Estates,Weekend,2,8,8,7,3,11,13.0
131,Queens,Jamaica Estates,Weekend,3,8,8,7,4,8,16.5
131,Queens,Jamaica Estates,Weekend,4,8,8,6,6,10,12.5
131,Queens,Jamaica Estates,Weekend,5,8,8,7,4,15,16.5
131,Queens,Jamaica Estates,Weekend,6,8,8,7,6,23,31.5
131,Queens,Jamaica Estates,Weekend,7,8,8,7,5,29,40.5
131,Queens,Jamaica Estates,Weekend,8,8,8,6,4,35,47.5
131,Queens,Jamaica Estates,Weekend,9,8,8,5,2,47,57.0
131,Queens,Jamaica Estates,Weekend,10,8,8,5,3,44,57.0
131,Queens,Jamaica Estates,Weekend,11,8,8,4,3,45,57.5
131,Queens,Jamaica Estates,Weekend,12,8,8,5,3,49,58.5
131,Queens,Jamaica Estates,Weekend,13,8,8,2,3,54,60.5
131,Queens,Jamaica Estates,Weekend,14,8,8,3,1,45,61.0
131,Queens,Jamaica Estates,Weekend,15,8,8,3,1,45,58.0
131,Queens,Jamaica Estates,Weekend,16,8,8,2,1,42,52.0
131,Queens,Jamaica Estates,Weekend,17,8,8,2,2,35,50.0
131,Queens,Jamaica Estates,Weekend,18,8,8,5,2,44,52.0
131,Queens,Jamaica Estates,Weekend,19,8,8,4,3,48,59.5
131,Queens,Jamaica Estates,Weekend,20,8,8,6,3,25,51.0
131,Queens,Jamaica Estates,Weekend,21,8,8,4,3,28,52.0
131,Queens,Jamaica Estates,Weekend,22,8,8,6,4,28,41.5
131,Queens,Jamaica Estates,Weekend,23,8,8,7,5,25,40.5
132,Queens,JFK Airport,Weekday,0,22,22,22,22,387,609.5
132,Queens,JFK Airport,Weekday,1,22,22,22,22,197,290.0
132,Queens,JFK Airport,Weekday,2,22,22,22,22,66,123.5
132,Queens,JFK Airport,Weekday,3,22,22,21,12,47,76.0
132,Queens,JFK Airport,Weekday,4,22,22,9,0,30,66.5
132,Queens,JFK Airport,Weekday,5,22,22,2,6,78,191.5
132,Queens,JFK Airport,Weekday,6,22,22,0,1,179,340.0
132,Queens,JFK Airport,Weekday,7,22,22,3,9,304,368.5
132,Queens,JFK Airport,Weekday,8,22,22,7,15,163,252.0
132,Queens,JFK Airport,Weekday,9,22,22,7,22,139,203.0
132,Queens,JFK Airport,Weekday,10,22,22,21,22,220,290.0
132,Queens,JFK Airport,Weekday,11,22,22,21,22,237,324.0
132,Queens,JFK Airport,Weekday,12,22,22,21,22,274,348.0
132,Queens,JFK Airport,Weekday,13,22,22,12,22,261,369.5
132,Queens,JFK Airport,Weekday,14,22,22,20,22,387,508.5
132,Queens,JFK Airport,Weekday,15,22,22,18,21,420,599.5
132,Queens,JFK Airport,Weekday,16,22,22,18,21,484,586.5
132,Queens,JFK Airport,Weekday,17,22,22,16,19,387,511.5
132,Queens,JFK Airport,Weekday,18,22,22,22,22,407,582.0
132,Queens,JFK Airport,Weekday,19,22,22,22,22,423,616.5
132,Queens,JFK Airport,Weekday,20,22,22,22,22,471,683.0
132,Queens,JFK Airport,Weekday,21,22,22,22,22,569,766.0
132,Queens,JFK Airport,Weekday,22,22,22,22,22,558,728.5
132,Queens,JFK Airport,Weekday,23,22,22,22,22,522,696.5
132,Queens,JFK Airport,Weekend,0,8,8,8,8,339,500.0
132,Queens,JFK Airport,Weekend,1,8,8,8,8,159,234.0
132,Queens,JFK Airport,Weekend,2,8,8,8,8,51,78.5
132,Queens,JFK Airport,Weekend,3,8,8,8,4,31,53.0
132,Queens,JFK Airport,Weekend,4,8,8,2,1,33,49.5
132,Queens,JFK Airport,Weekend,5,8,8,2,2,94,161.0
132,Queens,JFK Airport,Weekend,6,8,8,0,0,237,318.5
132,Queens,JFK Airport,Weekend,7,8,8,0,2,305,358.0
132,Queens,JFK Airport,Weekend,8,8,8,5,7,249,301.0
132,Queens,JFK Airport,Weekend,9,8,8,1,7,168,222.0
132,Queens,JFK Airport,Weekend,10,8,8,5,7,222,328.5
132,Queens,JFK Airport,Weekend,11,8,8,6,7,321,407.5
132,Queens,JFK Airport,Weekend,12,8,8,6,6,317,399.0
132,Queens,JFK Airport,Weekend,13,8,8,1,6,274,457.5
132,Queens,JFK Airport,Weekend,14,8,8,8,8,473,590.5
132,Queens,JFK Airport,Weekend,15,8,8,8,8,395,556.5
132,Queens,JFK Airport,Weekend,16,8,8,6,8,393,642.5
132,Queens,JFK Airport,Weekend,17,8,8,7,8,390,582.5
132,Queens,JFK Airport,Weekend,18,8,8,7,8,310,624.0
132,Queens,JFK Airport,Weekend,19,8,8,8,8,510,611.5
132,Queens,JFK Airport,Weekend,20,8,8,8,8,537,716.5
132,Queens,JFK Airport,Weekend,21,8,8,8,8,627,880.5
132,Queens,JFK Airport,Weekend,22,8,8,8,8,681,849.5
132,Queens,JFK Airport,Weekend,23,8,8,8,8,491,762.5
133,Brooklyn,Kensington,Weekday,0,22,22,10,5,15,21.0
133,Brooklyn,Kensington,Weekday,1,22,22,5,6,7,11.5
133,Brooklyn,Kensington,Weekday,2,22,22,10,12,4,8.5
133,Brooklyn,Kensington,Weekday,3,22,22,6,6,6,10.0
133,Brooklyn,Kensington,Weekday,4,22,22,6,3,10,14.0
133,Brooklyn,Kensington,Weekday,5,22,22,2,1,16,23.5
133,Brooklyn,Kensington,Weekday,6,22,22,2,0,35,52.0
133,Brooklyn,Kensington,Weekday,7,22,22,3,0,51,93.0
133,Brooklyn,Kensington,Weekday,8,22,22,4,5,67,105.0
133,Brooklyn,Kensington,Weekday,9,22,22,6,3,70,86.0
133,Brooklyn,Kensington,Weekday,10,22,22,13,8,48,64.5
133,Brooklyn,Kensington,Weekday,11,22,22,13,7,40,60.5
133,Brooklyn,Kensington,Weekday,12,22,22,11,7,46,54.0
133,Brooklyn,Kensington,Weekday,13,22,22,13,11,34,61.0
133,Brooklyn,Kensington,Weekday,14,22,22,6,2,36,61.0
133,Brooklyn,Kensington,Weekday,15,22,22,7,2,42,56.0
133,Brooklyn,Kensington,Weekday,16,22,22,12,6,32,54.0
133,Brooklyn,Kensington,Weekday,17,22,22,7,7,38,62.5
133,Brooklyn,Kensington,Weekday,18,22,22,7,5,51,68.0
133,Brooklyn,Kensington,Weekday,19,22,22,15,5,43,62.5
133,Brooklyn,Kensington,Weekday,20,22,22,13,3,31,58.0
133,Brooklyn,Kensington,Weekday,21,22,22,7,2,35,48.0
133,Brooklyn,Kensington,Weekday,22,22,22,5,2,25,46.5
133,Brooklyn,Kensington,Weekday,23,22,22,4,2,24,37.0
133,Brooklyn,Kensington,Weekend,0,8,8,1,0,31,53.5
133,Brooklyn,Kensington,Weekend,1,8,8,3,0,20,30.5
133,Brooklyn,Kensington,Weekend,2,8,8,0,0,11,19.5
133,Brooklyn,Kensington,Weekend,3,8,8,1,0,11,16.0
133,Brooklyn,Kensington,Weekend,4,8,8,1,0,11,15.0
133,Brooklyn,Kensington,Weekend,5,8,8,1,1,9,18.5
133,Brooklyn,Kensington,Weekend,6,8,8,2,0,24,34.5
133,Brooklyn,Kensington,Weekend,7,8,8,1,4,32,42.5
133,Brooklyn,Kensington,Weekend,8,8,8,1,1,54,65.5
133,Brooklyn,Kensington,Weekend,9,8,8,1,1,56,72.5
133,Brooklyn,Kensington,Weekend,10,8,8,2,0,55,64.0
133,Brooklyn,Kensington,Weekend,11,8,8,2,1,64,72.0
133,Brooklyn,Kensington,Weekend,12,8,8,2,1,57,75.0
133,Brooklyn,Kensington,Weekend,13,8,8,1,0,58,67.5
133,Brooklyn,Kensington,Weekend,14,8,8,0,0,72,76.5
133,Brooklyn,Kensington,Weekend,15,8,8,2,0,50,76.0
133,Brooklyn,Kensington,Weekend,16,8,8,4,2,48,67.5
133,Brooklyn,Kensington,Weekend,17,8,8,2,1,56,70.5
133,Brooklyn,Kensington,Weekend,18,8,8,1,2,47,75.5
133,Brooklyn,Kensington,Weekend,19,8,8,3,0,52,71.5
133,Brooklyn,Kensington,Weekend,20,8,8,2,1,50,64.5
133,Brooklyn,Kensington,Weekend,21,8,8,3,1,54,62.5
133,Brooklyn,Kensington,Weekend,22,8,8,1,0,40,76.0
133,Brooklyn,Kensington,Weekend,23,8,8,0,1,37,50.0
134,Queens,Kew Gardens,Weekday,0,22,22,19,13,24,35.0
134,Queens,Kew Gardens,Weekday,1,22,22,19,8,11,21.0
134,Queens,Kew Gardens,Weekday,2,22,22,18,16,8,14.0
134,Queens,Kew Gardens,Weekday,3,22,22,20,14,1,16.0
134,Queens,Kew Gardens,Weekday,4,22,22,12,9,20,29.5
134,Queens,Kew Gardens,Weekday,5,22,22,1,1,33,46.0
134,Queens,Kew Gardens,Weekday,6,22,22,4,0,48,74.0
134,Queens,Kew Gardens,Weekday,7,22,22,7,6,59,109.0
134,Queens,Kew Gardens,Weekday,8,22,22,1,2,88,113.5
134,Queens,Kew Gardens,Weekday,9,22,22,1,0,71,96.5
134,Queens,Kew Gardens,Weekday,10,22,22,4,5,64,85.5
134,Queens,Kew Gardens,Weekday,11,22,22,17,8,70,85.5
134,Queens,Kew Gardens,Weekday,12,22,22,13,9,62,79.0
134,Queens,Kew Gardens,Weekday,13,22,22,10,6,58,81.0
134,Queens,Kew Gardens,Weekday,14,22,22,6,4,66,89.0
134,Queens,Kew Gardens,Weekday,15,22,22,8,6,69,89.0
134,Queens,Kew Gardens,Weekday,16,22,22,10,10,76,100.0
134,Queens,Kew Gardens,Weekday,17,22,22,11,12,80,100.5
134,Queens,Kew Gardens,Weekday,18,22,22,12,10,68,97.0
134,Queens,Kew Gardens,Weekday,19,22,22,10,4,55,74.5
134,Queens,Kew Gardens,Weekday,20,22,22,9,1,41,66.0
134,Queens,Kew Gardens,Weekday,21,22,22,7,6,42,61.5
134,Queens,Kew Gardens,Weekday,22,22,22,5,6,39,60.0
134,Queens,Kew Gardens,Weekday,23,22,22,15,9,40,51.0
134,Queens,Kew Gardens,Weekend,0,8,8,4,4,48,69.0
134,Queens,Kew Gardens,Weekend,1,8,8,3,5,24,36.0
134,Queens,Kew Gardens,Weekend,2,8,8,5,2,20,31.5
134,Queens,Kew Gardens,Weekend,3,8,8,7,3,15,23.0
134,Queens,Kew Gardens,Weekend,4,8,8,7,6,28,38.0
134,Queens,Kew Gardens,Weekend,5,8,8,4,2,44,51.0
134,Queens,Kew Gardens,Weekend,6,8,8,1,0,39,48.5
134,Queens,Kew Gardens,Weekend,7,8,8,2,1,44,55.5
134,Queens,Kew Gardens,Weekend,8,8,8,4,4,48,61.5
134,Queens,Kew Gardens,Weekend,9,8,8,5,4,62,71.0
134,Queens,Kew Gardens,Weekend,10,8,8,2,2,72,77.5
134,Queens,Kew Gardens,Weekend,11,8,8,5,6,71,79.5
134,Queens,Kew Gardens,Weekend,12,8,8,4,2,65,80.0
134,Queens,Kew Gardens,Weekend,13,8,8,2,2,67,78.5
134,Queens,Kew Gardens,Weekend,14,8,8,0,1,73,83.0
134,Queens,Kew Gardens,Weekend,15,8,8,1,1,72,84.5
134,Queens,Kew Gardens,Weekend,16,8,8,2,1,57,73.5
134,Queens,Kew Gardens,Weekend,17,8,8,1,1,54,80.5
134,Queens,Kew Gardens,Weekend,18,8,8,2,0,55,78.0
134,Queens,Kew Gardens,Weekend,19,8,8,2,0,59,74.5
134,Queens,Kew Gardens,Weekend,20,8,8,4,3,48,81.5
134,Queens,Kew Gardens,Weekend,21,8,8,5,3,53,63.0
134,Queens,Kew Gardens,Weekend,22,8,8,6,3,40,63.5
134,Queens,Kew Gardens,Weekend,23,8,8,7,3,41,63.0
135,Queens,Kew Gardens Hills,Weekday,0,22,22,22,15,13,19.0
135,Queens,Kew Gardens Hills,Weekday,1,22,22,19,17,5,11.0
135,Queens,Kew Gardens Hills,Weekday,2,22,22,16,16,3,8.0
135,Queens,Kew Gardens Hills,Weekday,3,22,22,16,15,6,12.0
135,Queens,Kew Gardens Hills,Weekday,4,22,22,16,12,5,15.0
135,Queens,Kew Gardens Hills,Weekday,5,22,22,21,19,21,28.0
135,Queens,Kew Gardens Hills,Weekday,6,22,22,20,15,35,58.0
135,Queens,Kew Gardens Hills,Weekday,7,22,22,14,12,42,87.0
135,Queens,Kew Gardens Hills,Weekday,8,22,22,6,5,62,117.5
135,Queens,Kew Gardens Hills,Weekday,9,22,22,8,7,55,95.0
135,Queens,Kew Gardens Hills,Weekday,10,22,22,15,9,44,68.0
135,Queens,Kew Gardens Hills,Weekday,11,22,22,13,9,42,63.5
135,Queens,Kew Gardens Hills,Weekday,12,22,22,16,10,32,59.5
135,Queens,Kew Gardens Hills,Weekday,13,22,22,14,11,23,73.5
135,Queens,Kew Gardens Hills,Weekday,14,22,22,17,16,44,92.5
135,Queens,Kew Gardens Hills,Weekday,15,22,22,15,10,42,74.5
135,Queens,Kew Gardens Hills,Weekday,16,22,22,17,13,36,72.0
135,Queens,Kew Gardens Hills,Weekday,17,22,22,13,10,43,73.0
135,Queens,Kew Gardens Hills,Weekday,18,22,22,13,12,35,65.5
135,Queens,Kew Gardens Hills,Weekday,19,22,22,19,12,27,55.0
135,Queens,Kew Gardens Hills,Weekday,20,22,22,19,14,22,46.0
135,Queens,Kew Gardens Hills,Weekday,21,22,22,16,11,28,48.5
135,Queens,Kew Gardens Hills,Weekday,22,22,22,17,13,23,40.0
135,Queens,Kew Gardens Hills,Weekday,23,22,22,17,15,16,28.5
135,Queens,Kew Gardens Hills,Weekend,0,8,8,7,6,16,35.0
135,Queens,Kew Gardens Hills,Weekend,1,8,8,7,8,11,22.5
135,Queens,Kew Gardens Hills,Weekend,2,8,8,1,6,11,16.0
135,Queens,Kew Gardens Hills,Weekend,3,8,8,5,3,13,16.0
135,Queens,Kew Gardens Hills,Weekend,4,8,8,5,5,12,18.5
135,Queens,Kew Gardens Hills,Weekend,5,8,8,5,3,17,23.0
135,Queens,Kew Gardens Hills,Weekend,6,8,8,5,2,25,31.0
135,Queens,Kew Gardens Hills,Weekend,7,8,8,6,3,30,42.0
135,Queens,Kew Gardens Hills,Weekend,8,8,8,8,7,51,54.5
135,Queens,Kew Gardens Hills,Weekend,9,8,8,6,4,48,62.5
135,Queens,Kew Gardens Hills,Weekend,10,8,8,7,6,50,64.0
135,Queens,Kew Gardens Hills,Weekend,11,8,8,6,6,39,62.5
135,Queens,Kew Gardens Hills,Weekend,12,8,8,4,4,55,67.5
135,Queens,Kew Gardens Hills,Weekend,13,8,8,4,3,52,72.0
135,Queens,Kew Gardens Hills,Weekend,14,8,8,1,2,45,67.0
135,Queens,Kew Gardens Hills,Weekend,15,8,8,4,3,48,71.0
135,Queens,Kew Gardens Hills,Weekend,16,8,8,3,3,39,54.0
135,Queens,Kew Gardens Hills,Weekend,17,8,8,4,4,38,53.5
135,Queens,Kew Gardens Hills,Weekend,18,8,8,5,3,41,51.5
135,Queens,Kew Gardens Hills,Weekend,19,8,8,5,3,44,49.0
135,Queens,Kew Gardens Hills,Weekend,20,8,8,4,2,42,48.5
135,Queens,Kew Gardens Hills,Weekend,21,8,8,7,6,32,59.5
135,Queens,Kew Gardens Hills,Weekend,22,8,8,7,7,25,52.0
135,Queens,Kew Gardens Hills,Weekend,23,8,8,8,7,18,39.0
136,Bronx,Kingsbridge Heights,Weekday,0,22,22,8,9,27,44.5
136,Bronx,Kingsbridge Heights,Weekday,1,22,22,14,15,19,25.0
136,Bronx,Kingsbridge Heights,Weekday,2,22,22,11,10,8,18.0
136,Bronx,Kingsbridge Heights,Weekday,3,22,22,10,8,11,19.0
136,Bronx,Kingsbridge Heights,Weekday,4,22,22,9,11,16,22.5
136,Bronx,Kingsbridge Heights,Weekday,5,22,22,4,8,35,45.0
136,Bronx,Kingsbridge Heights,Weekday,6,22,22,9,13,66,88.5
136,Bronx,Kingsbridge Heights,Weekday,7,22,22,17,19,81,123.5
136,Bronx,Kingsbridge Heights,Weekday,8,22,22,11,15,119,141.0
136,Bronx,Kingsbridge Heights,Weekday,9,22,22,4,6,85,102.0
136,Bronx,Kingsbridge Heights,Weekday,10,22,22,6,8,70,82.0
136,Bronx,Kingsbridge Heights,Weekday,11,22,22,5,11,56,85.5
136,Bronx,Kingsbridge Heights,Weekday,12,22,22,6,7,63,79.5
136,Bronx,Kingsbridge Heights,Weekday,13,22,22,11,14,62,83.5
136,Bronx,Kingsbridge Heights,Weekday,14,22,22,8,15,59,93.0
136,Bronx,Kingsbridge Heights,Weekday,15,22,22,14,15,84,99.0
136,Bronx,Kingsbridge Heights,Weekday,16,22,22,22,21,82,103.0
136,Bronx,Kingsbridge Heights,Weekday,17,22,22,21,21,74,96.0
136,Bronx,Kingsbridge Heights,Weekday,18,22,22,18,17,65,82.5
136,Bronx,Kingsbridge Heights,Weekday,19,22,22,21,16,58,81.5
136,Bronx,Kingsbridge Heights,Weekday,20,22,22,21,18,64,80.0
136,Bronx,Kingsbridge Heights,Weekday,21,22,22,11,12,58,80.5
136,Bronx,Kingsbridge Heights,Weekday,22,22,22,16,14,58,84.0
136,Bronx,Kingsbridge Heights,Weekday,23,22,22,12,10,58,78.0
136,Bronx,Kingsbridge Heights,Weekend,0,8,8,0,1,68,82.5
136,Bronx,Kingsbridge Heights,Weekend,1,8,8,2,2,44,65.5
136,Bronx,Kingsbridge Heights,Weekend,2,8,8,2,2,31,55.5
136,Bronx,Kingsbridge Heights,Weekend,3,8,8,5,3,31,45.0
136,Bronx,Kingsbridge Heights,Weekend,4,8,8,4,4,22,31.0
136,Bronx,Kingsbridge Heights,Weekend,5,8,8,5,5,34,37.0
136,Bronx,Kingsbridge Heights,Weekend,6,8,8,7,6,45,55.0
136,Bronx,Kingsbridge Heights,Weekend,7,8,8,5,4,51,71.0
136,Bronx,Kingsbridge Heights,Weekend,8,8,8,2,4,61,68.5
136,Bronx,Kingsbridge Heights,Weekend,9,8,8,6,4,67,74.0
136,Bronx,Kingsbridge Heights,Weekend,10,8,8,4,5,74,81.5
136,Bronx,Kingsbridge Heights,Weekend,11,8,8,3,5,80,85.5
136,Bronx,Kingsbridge Heights,Weekend,12,8,8,6,7,70,85.0
136,Bronx,Kingsbridge Heights,Weekend,13,8,8,8,8,75,83.0
136,Bronx,Kingsbridge Heights,Weekend,14,8,8,7,5,83,89.5
136,Bronx,Kingsbridge Heights,Weekend,15,8,8,8,7,78,88.0
136,Bronx,Kingsbridge Heights,Weekend,16,8,8,8,8,59,86.0
136,Bronx,Kingsbridge Heights,Weekend,17,8,8,8,7,61,83.0
136,Bronx,Kingsbridge Heights,Weekend,18,8,8,8,8,72,87.0
136,Bronx,Kingsbridge Heights,Weekend,19,8,8,8,8,78,109.0
136,Bronx,Kingsbridge Heights,Weekend,20,8,8,8,6,75,106.5
136,Bronx,Kingsbridge Heights,Weekend,21,8,8,5,4,83,99.5
136,Bronx,Kingsbridge Heights,Weekend,22,8,8,5,4,80,104.5
136,Bronx,Kingsbridge Heights,Weekend,23,8,8,3,3,65,102.0
137,Manhattan,Kips Bay,Weekday,0,22,22,1,1,58,88.0
137,Manhattan,Kips Bay,Weekday,1,22,22,0,0,34,51.0
137,Manhattan,Kips Bay,Weekday,2,22,22,4,2,21,32.0
137,Manhattan,Kips Bay,Weekday,3,22,22,3,1,21,30.0
137,Manhattan,Kips Bay,Weekday,4,22,22,5,5,28,41.0
137,Manhattan,Kips Bay,Weekday,5,22,22,4,4,43,55.5
137,Manhattan,Kips Bay,Weekday,6,22,22,0,0,81,105.0
137,Manhattan,Kips Bay,Weekday,7,22,22,0,0,131,169.0
137,Manhattan,Kips Bay,Weekday,8,22,22,5,4,139,204.0
137,Manhattan,Kips Bay,Weekday,9,22,22,2,1,132,158.0
137,Manhattan,Kips Bay,Weekday,10,22,22,1,1,126,146.0
137,Manhattan,Kips Bay,Weekday,11,22,22,0,1,129,145.5
137,Manhattan,Kips Bay,Weekday,12,22,22,2,3,108,148.0
137,Manhattan,Kips Bay,Weekday,13,22,22,1,2,107,140.5
137,Manhattan,Kips Bay,Weekday,14,22,22,4,4,123,151.5
137,Manhattan,Kips Bay,Weekday,15,22,22,11,12,136,171.0
137,Manhattan,Kips Bay,Weekday,16,22,22,12,6,147,179.5
137,Manhattan,Kips Bay,Weekday,17,22,22,12,13,128,187.0
137,Manhattan,Kips Bay,Weekday,18,22,22,13,8,144,200.0
137,Manhattan,Kips Bay,Weekday,19,22,22,6,4,160,222.5
137,Manhattan,Kips Bay,Weekday,20,22,22,2,0,132,196.0
137,Manhattan,Kips Bay,Weekday,21,22,22,4,2,112,169.0
137,Manhattan,Kips Bay,Weekday,22,22,22,6,4,95,141.0
137,Manhattan,Kips Bay,Weekday,23,22,22,3,3,89,143.5
137,Manhattan,Kips Bay,Weekend,0,8,8,0,0,197,224.5
137,Manhattan,Kips Bay,Weekend,1,8,8,0,0,136,185.5
137,Manhattan,Kips Bay,Weekend,2,8,8,0,0,88,125.0
137,Manhattan,Kips Bay,Weekend,3,8,8,0,0,83,102.5
137,Manhattan,Kips Bay,Weekend,4,8,8,0,0,60,71.0
137,Manhattan,Kips Bay,Weekend,5,8,8,2,2,48,66.0
137,Manhattan,Kips Bay,Weekend,6,8,8,0,0,62,82.0
137,Manhattan,Kips Bay,Weekend,7,8,8,0,1,114,132.0
137,Manhattan,Kips Bay,Weekend,8,8,8,0,1,88,113.0
137,Manhattan,Kips Bay,Weekend,9,8,8,3,3,99,126.5
137,Manhattan,Kips Bay,Weekend,10,8,8,6,2,131,147.0
137,Manhattan,Kips Bay,Weekend,11,8,8,6,3,135,155.0
137,Manhattan,Kips Bay,Weekend,12,8,8,5,1,137,171.5
137,Manhattan,Kips Bay,Weekend,13,8,8,5,3,120,160.0
137,Manhattan,Kips Bay,Weekend,14,8,8,4,4,120,157.5
137,Manhattan,Kips Bay,Weekend,15,8,8,2,2,140,156.0
137,Manhattan,Kips Bay,Weekend,16,8,8,1,0,123,169.5
137,Manhattan,Kips Bay,Weekend,17,8,8,2,1,126,168.5
137,Manhattan,Kips Bay,Weekend,18,8,8,1,1,122,195.0
137,Manhattan,Kips Bay,Weekend,19,8,8,2,1,161,207.0
137,Manhattan,Kips Bay,Weekend,20,8,8,1,0,117,196.5
137,Manhattan,Kips Bay,Weekend,21,8,8,0,0,106,163.5
137,Manhattan,Kips Bay,Weekend,22,8,8,1,1,106,194.5
137,Manhattan,Kips Bay,Weekend,23,8,8,1,0,98,183.0
138,Queens,LaGuardia Airport,Weekday,0,22,22,22,22,130,652.5
138,Queens,LaGuardia Airport,Weekday,1,22,22,22,20,1,80.5
138,Queens,LaGuardia Airport,Weekday,2,21,22,17,12,1,6.0
138,Queens,LaGuardia Airport,Weekday,3,22,22,14,4,1,3.0
138,Queens,LaGuardia Airport,Weekday,4,22,22,2,2,3,8.0
138,Queens,LaGuardia Airport,Weekday,5,22,22,1,2,4,9.0
138,Queens,LaGuardia Airport,Weekday,6,22,22,3,1,5,12.0
138,Queens,LaGuardia Airport,Weekday,7,22,22,0,0,54,217.5
138,Queens,LaGuardia Airport,Weekday,8,22,22,0,1,212,350.5
138,Queens,LaGuardia Airport,Weekday,9,22,22,18,12,416,659.0
138,Queens,LaGuardia Airport,Weekday,10,22,22,22,21,466,841.5
138,Queens,LaGuardia Airport,Weekday,11,22,22,22,15,501,699.5
138,Queens,LaGuardia Airport,Weekday,12,22,22,20,8,509,701.5
138,Queens,LaGuardia Airport,Weekday,13,22,22,16,6,537,678.0
138,Queens,LaGuardia Airport,Weekday,14,22,22,21,15,554,936.5
138,Queens,LaGuardia Airport,Weekday,15,22,22,21,14,614,898.5
138,Queens,LaGuardia Airport,Weekday,16,22,22,21,14,619,777.5
138,Queens,LaGuardia Airport,Weekday,17,22,22,21,15,541,874.5
138,Queens,LaGuardia Airport,Weekday,18,22,22,22,22,729,971.0
138,Queens,LaGuardia Airport,Weekday,19,22,22,22,22,554,920.5
138,Queens,LaGuardia Airport,Weekday,20,22,22,22,22,567,989.0
138,Queens,LaGuardia Airport,Weekday,21,22,22,22,22,594,1030.0
138,Queens,LaGuardia Airport,Weekday,22,22,22,22,22,639,860.0
138,Queens,LaGuardia Airport,Weekday,23,22,22,22,22,621,1045.0
138,Queens,LaGuardia Airport,Weekend,0,8,8,8,8,174,252.0
138,Queens,LaGuardia Airport,Weekend,1,8,8,7,5,5,54.5
138,Queens,LaGuardia Airport,Weekend,2,8,8,8,4,1,5.0
138,Queens,LaGuardia Airport,Weekend,3,8,8,4,0,3,4.5
138,Queens,LaGuardia Airport,Weekend,4,8,8,2,1,5,7.0
138,Queens,LaGuardia Airport,Weekend,5,8,8,1,0,10,10.5
138,Queens,LaGuardia Airport,Weekend,6,8,8,0,0,6,12.0
138,Queens,LaGuardia Airport,Weekend,7,8,8,0,0,11,63.0
138,Queens,LaGuardia Airport,Weekend,8,8,8,0,1,12,224.0
138,Queens,LaGuardia Airport,Weekend,9,8,8,3,2,48,407.5
138,Queens,LaGuardia Airport,Weekend,10,8,8,7,5,242,582.5
138,Queens,LaGuardia Airport,Weekend,11,8,8,6,1,340,528.5
138,Queens,LaGuardia Airport,Weekend,12,8,8,4,0,331,483.5
138,Queens,LaGuardia Airport,Weekend,13,8,8,4,0,295,640.5
138,Queens,LaGuardia Airport,Weekend,14,8,8,7,5,351,761.0
138,Queens,LaGuardia Airport,Weekend,15,8,8,8,7,478,742.0
138,Queens,LaGuardia Airport,Weekend,16,8,8,8,7,462,614.5
138,Queens,LaGuardia Airport,Weekend,17,8,8,8,8,423,658.0
138,Queens,LaGuardia Airport,Weekend,18,8,8,8,8,436,703.5
138,Queens,LaGuardia Airport,Weekend,19,8,8,8,8,325,827.0
138,Queens,LaGuardia Airport,Weekend,20,8,8,8,8,298,804.5
138,Queens,LaGuardia Airport,Weekend,21,8,8,8,8,407,880.5
138,Queens,LaGuardia Airport,Weekend,22,8,8,8,8,274,670.0
138,Queens,LaGuardia Airport,Weekend,23,8,8,8,8,424,951.0
139,Queens,Laurelton,Weekday,0,22,22,22,17,15,29.0
139,Queens,Laurelton,Weekday,1,22,22,21,16,12,19.5
139,Queens,Laurelton,Weekday,2,22,22,21,16,9,15.0
139,Queens,Laurelton,Weekday,3,22,22,22,20,7,15.0
139,Queens,Laurelton,Weekday,4,22,22,22,13,16,26.0
139,Queens,Laurelton,Weekday,5,22,22,22,21,39,44.5
139,Queens,Laurelton,Weekday,6,22,22,21,18,55,70.0
139,Queens,Laurelton,Weekday,7,22,22,21,17,81,124.0
139,Queens,Laurelton,Weekday,8,22,22,9,5,83,111.0
139,Queens,Laurelton,Weekday,9,22,22,20,10,71,86.5
139,Queens,Laurelton,Weekday,10,22,22,21,16,45,71.5
139,Queens,Laurelton,Weekday,11,22,22,21,10,42,57.0
139,Queens,Laurelton,Weekday,12,22,22,21,13,51,63.0
139,Queens,Laurelton,Weekday,13,22,22,22,17,46,74.5
139,Queens,Laurelton,Weekday,14,22,22,22,21,59,83.0
139,Queens,Laurelton,Weekday,15,22,22,17,7,54,76.0
139,Queens,Laurelton,Weekday,16,22,22,16,11,58,86.0
139,Queens,Laurelton,Weekday,17,22,22,15,2,59,72.0
139,Queens,Laurelton,Weekday,18,22,22,15,11,57,83.5
139,Queens,Laurelton,Weekday,19,22,22,20,15,39,60.5
139,Queens,Laurelton,Weekday,20,22,22,21,13,39,61.0
139,Queens,Laurelton,Weekday,21,22,22,17,8,37,54.5
139,Queens,Laurelton,Weekday,22,22,22,22,16,36,47.5
139,Queens,Laurelton,Weekday,23,22,22,22,19,22,44.0
139,Queens,Laurelton,Weekend,0,8,8,8,7,49,52.5
139,Queens,Laurelton,Weekend,1,8,8,8,8,25,40.0
139,Queens,Laurelton,Weekend,2,8,8,8,6,17,26.0
139,Queens,Laurelton,Weekend,3,8,8,8,7,17,27.0
139,Queens,Laurelton,Weekend,4,8,8,8,7,20,26.5
139,Queens,Laurelton,Weekend,5,8,8,8,6,28,31.0
139,Queens,Laurelton,Weekend,6,8,8,8,4,36,42.0
139,Queens,Laurelton,Weekend,7,8,8,8,7,47,54.5
139,Queens,Laurelton,Weekend,8,8,8,8,6,49,67.5
139,Queens,Laurelton,Weekend,9,8,8,8,5,55,66.0
139,Queens,Laurelton,Weekend,10,8,8,6,3,66,73.0
139,Queens,Laurelton,Weekend,11,8,8,6,5,54,63.5
139,Queens,Laurelton,Weekend,12,8,8,4,4,51,72.0
139,Queens,Laurelton,Weekend,13,8,8,5,4,51,69.5
139,Queens,Laurelton,Weekend,14,8,8,4,4,56,70.5
139,Queens,Laurelton,Weekend,15,8,8,5,4,65,80.0
139,Queens,Laurelton,Weekend,16,8,8,6,1,47,71.5
139,Queens,Laurelton,Weekend,17,8,8,6,5,50,67.0
139,Queens,Laurelton,Weekend,18,8,8,6,2,48,72.5
139,Queens,Laurelton,Weekend,19,8,8,7,4,47,64.5
139,Queens,Laurelton,Weekend,20,8,8,8,5,55,60.5
139,Queens,Laurelton,Weekend,21,8,8,8,6,42,54.5
139,Queens,Laurelton,Weekend,22,8,8,8,7,46,62.5
139,Queens,Laurelton,Weekend,23,8,8,8,7,35,56.0
140,Manhattan,Lenox Hill East,Weekday,0,22,22,3,1,32,59.0
140,Manhattan,Lenox Hill East,Weekday,1,22,22,4,3,14,25.5
140,Manhattan,Lenox Hill East,Weekday,2,22,22,5,4,10,25.0
140,Manhattan,Lenox Hill East,Weekday,3,22,22,2,2,10,21.5
140,Manhattan,Lenox Hill East,Weekday,4,22,22,0,0,21,38.0
140,Manhattan,Lenox Hill East,Weekday,5,22,22,0,1,52,67.5
140,Manhattan,Lenox Hill East,Weekday,6,22,22,0,0,106,131.0
140,Manhattan,Lenox Hill East,Weekday,7,22,22,0,0,162,230.0
140,Manhattan,Lenox Hill East,Weekday,8,22,22,5,4,190,251.5
140,Manhattan,Lenox Hill East,Weekday,9,22,22,4,3,183,228.0
140,Manhattan,Lenox Hill East,Weekday,10,22,22,5,7,179,207.5
140,Manhattan,Lenox Hill East,Weekday,11,22,22,7,16,191,217.5
140,Manhattan,Lenox Hill East,Weekday,12,22,22,13,14,163,200.0
140,Manhattan,Lenox Hill East,Weekday,13,22,22,11,15,174,197.5
140,Manhattan,Lenox Hill East,Weekday,14,22,22,9,12,188,217.5
140,Manhattan,Lenox Hill East,Weekday,15,22,22,16,17,194,239.5
140,Manhattan,Lenox Hill East,Weekday,16,22,22,22,18,218,237.5
140,Manhattan,Lenox Hill East,Weekday,17,22,22,18,15,191,258.0
140,Manhattan,Lenox Hill East,Weekday,18,22,22,20,11,185,241.5
140,Manhattan,Lenox Hill East,Weekday,19,22,22,13,5,207,244.0
140,Manhattan,Lenox Hill East,Weekday,20,22,22,11,1,154,189.5
140,Manhattan,Lenox Hill East,Weekday,21,22,22,3,0,120,171.5
140,Manhattan,Lenox Hill East,Weekday,22,22,22,0,0,105,153.0
140,Manhattan,Lenox Hill East,Weekday,23,22,22,0,1,80,130.5
140,Manhattan,Lenox Hill East,Weekend,0,8,8,0,0,73,117.5
140,Manhattan,Lenox Hill East,Weekend,1,8,8,0,0,36,65.5
140,Manhattan,Lenox Hill East,Weekend,2,8,8,0,0,28,46.5
140,Manhattan,Lenox Hill East,Weekend,3,8,8,0,0,23,36.0
140,Manhattan,Lenox Hill East,Weekend,4,8,8,0,1,29,35.5
140,Manhattan,Lenox Hill East,Weekend,5,8,8,2,0,40,45.0
140,Manhattan,Lenox Hill East,Weekend,6,8,8,0,0,57,81.0
140,Manhattan,Lenox Hill East,Weekend,7,8,8,0,0,124,150.0
140,Manhattan,Lenox Hill East,Weekend,8,8,8,0,0,116,138.0
140,Manhattan,Lenox Hill East,Weekend,9,8,8,2,1,124,145.5
140,Manhattan,Lenox Hill East,Weekend,10,8,8,3,1,141,160.0
140,Manhattan,Lenox Hill East,Weekend,11,8,8,5,3,138,187.5
140,Manhattan,Lenox Hill East,Weekend,12,8,8,8,5,165,182.5
140,Manhattan,Lenox Hill East,Weekend,13,8,8,7,5,143,192.5
140,Manhattan,Lenox Hill East,Weekend,14,8,8,4,3,120,162.0
140,Manhattan,Lenox Hill East,Weekend,15,8,8,1,1,143,162.0
140,Manhattan,Lenox Hill East,Weekend,16,8,8,2,1,132,167.0
140,Manhattan,Lenox Hill East,Weekend,17,8,8,3,1,131,176.0
140,Manhattan,Lenox Hill East,Weekend,18,8,8,3,2,138,186.5
140,Manhattan,Lenox Hill East,Weekend,19,8,8,2,1,151,193.0
140,Manhattan,Lenox Hill East,Weekend,20,8,8,2,1,123,171.0
140,Manhattan,Lenox Hill East,Weekend,21,8,8,0,0,104,152.0
140,Manhattan,Lenox Hill East,Weekend,22,8,8,0,0,80,118.0
140,Manhattan,Lenox Hill East,Weekend,23,8,8,1,0,79,114.5
141,Manhattan,Lenox Hill West,Weekday,0,22,22,0,0,32,50.0
141,Manhattan,Lenox Hill West,Weekday,1,22,22,2,3,19,29.0
141,Manhattan,Lenox Hill West,Weekday,2,22,22,3,1,13,23.5
141,Manhattan,Lenox Hill West,Weekday,3,22,22,1,2,15,25.0
141,Manhattan,Lenox Hill West,Weekday,4,22,22,0,0,33,51.0
141,Manhattan,Lenox Hill West,Weekday,5,22,22,0,0,65,86.5
141,Manhattan,Lenox Hill West,Weekday,6,22,22,0,0,115,155.0
141,Manhattan,Lenox Hill West,Weekday,7,22,22,0,0,139,271.5
141,Manhattan,Lenox Hill West,Weekday,8,22,22,9,0,193,316.5
141,Manhattan,Lenox Hill West,Weekday,9,22,22,5,2,219,250.0
141,Manhattan,Lenox Hill West,Weekday,10,22,22,2,2,170,206.5
141,Manhattan,Lenox Hill West,Weekday,11,22,22,7,3,134,180.0
141,Manhattan,Lenox Hill West,Weekday,12,22,22,6,1,133,167.5
141,Manhattan,Lenox Hill West,Weekday,13,22,22,1,0,145,176.0
141,Manhattan,Lenox Hill West,Weekday,14,22,22,1,1,146,178.5
141,Manhattan,Lenox Hill West,Weekday,15,22,22,1,3,149,180.5
141,Manhattan,Lenox Hill West,Weekday,16,22,22,0,0,154,194.5
141,Manhattan,Lenox Hill West,Weekday,17,22,22,2,0,173,240.5
141,Manhattan,Lenox Hill West,Weekday,18,22,22,3,0,181,268.0
141,Manhattan,Lenox Hill West,Weekday,19,22,22,2,0,169,235.0
141,Manhattan,Lenox Hill West,Weekday,20,22,22,0,0,156,216.0
141,Manhattan,Lenox Hill West,Weekday,21,22,22,1,0,128,224.0
141,Manhattan,Lenox Hill West,Weekday,22,22,22,0,0,93,184.5
141,Manhattan,Lenox Hill West,Weekday,23,22,22,0,0,61,126.5
141,Manhattan,Lenox Hill West,Weekend,0,8,8,0,0,136,200.5
141,Manhattan,Lenox Hill West,Weekend,1,8,8,0,0,94,137.5
141,Manhattan,Lenox Hill West,Weekend,2,8,8,0,0,62,82.5
141,Manhattan,Lenox Hill West,Weekend,3,8,8,0,0,43,59.5
141,Manhattan,Lenox Hill West,Weekend,4,8,8,0,0,53,60.5
141,Manhattan,Lenox Hill West,Weekend,5,8,8,0,0,40,59.5
141,Manhattan,Lenox Hill West,Weekend,6,8,8,0,0,49,74.5
141,Manhattan,Lenox Hill West,Weekend,7,8,8,0,0,71,93.0
141,Manhattan,Lenox Hill West,Weekend,8,8,8,0,0,124,143.0
141,Manhattan,Lenox Hill West,Weekend,9,8,8,0,0,154,197.0
141,Manhattan,Lenox Hill West,Weekend,10,8,8,0,0,185,234.5
141,Manhattan,Lenox Hill West,Weekend,11,8,8,0,0,190,256.0
141,Manhattan,Lenox Hill West,Weekend,12,8,8,3,0,197,256.5
141,Manhattan,Lenox Hill West,Weekend,13,8,8,2,0,196,253.5
141,Manhattan,Lenox Hill West,Weekend,14,8,8,1,0,177,239.5
141,Manhattan,Lenox Hill West,Weekend,15,8,8,1,0,207,222.5
141,Manhattan,Lenox Hill West,Weekend,16,8,8,1,0,195,232.0
141,Manhattan,Lenox Hill West,Weekend,17,8,8,2,0,198,255.0
141,Manhattan,Lenox Hill West,Weekend,18,8,8,2,0,205,274.5
141,Manhattan,Lenox Hill West,Weekend,19,8,8,1,0,191,269.0
141,Manhattan,Lenox Hill West,Weekend,20,8,8,0,0,163,248.5
141,Manhattan,Lenox Hill West,Weekend,21,8,8,0,0,148,203.5
141,Manhattan,Lenox Hill West,Weekend,22,8,8,0,0,108,205.5
141,Manhattan,Lenox Hill West,Weekend,23,8,8,0,0,66,150.5
142,Manhattan,Lincoln Square East,Weekday,0,22,22,0,1,59,96.0
142,Manhattan,Lincoln Square East,Weekday,1,22,22,5,4,37,55.0
142,Manhattan,Lincoln Square East,Weekday,2,22,22,3,5,13,26.0
142,Manhattan,Lincoln Square East,Weekday,3,22,22,1,2,11,23.0
142,Manhattan,Lincoln Square East,Weekday,4,22,22,1,1,22,39.5
142,Manhattan,Lincoln Square East,Weekday,5,22,22,7,4,52,64.5
142,Manhattan,Lincoln Square East,Weekday,6,22,22,0,0,96,122.0
142,Manhattan,Lincoln Square East,Weekday,7,22,22,0,0,122,227.0
142,Manhattan,Lincoln Square East,Weekday,8,22,22,4,2,163,239.5
142,Manhattan,Lincoln Square East,Weekday,9,22,22,5,1,167,216.5
142,Manhattan,Lincoln Square East,Weekday,10,22,22,1,1,165,193.0
142,Manhattan,Lincoln Square East,Weekday,11,22,22,0,0,159,192.0
142,Manhattan,Lincoln Square East,Weekday,12,22,22,2,0,153,181.5
142,Manhattan,Lincoln Square East,Weekday,13,22,22,1,0,154,180.5
142,Manhattan,Lincoln Square East,Weekday,14,22,22,1,0,153,192.5
142,Manhattan,Lincoln Square East,Weekday,15,22,22,3,0,163,202.5
142,Manhattan,Lincoln Square East,Weekday,16,22,22,1,1,175,210.0
142,Manhattan,Lincoln Square East,Weekday,17,22,22,0,0,167,248.0
142,Manhattan,Lincoln Square East,Weekday,18,22,22,0,0,216,279.5
142,Manhattan,Lincoln Square East,Weekday,19,22,22,0,0,186,235.0
142,Manhattan,Lincoln Square East,Weekday,20,22,22,0,0,181,259.0
142,Manhattan,Lincoln Square East,Weekday,21,22,22,6,2,243,317.0
142,Manhattan,Lincoln Square East,Weekday,22,22,22,9,3,199,327.0
142,Manhattan,Lincoln Square East,Weekday,23,22,22,5,1,131,246.5
142,Manhattan,Lincoln Square East,Weekend,0,8,8,0,1,156,195.5
142,Manhattan,Lincoln Square East,Weekend,1,8,8,0,1,107,140.5
142,Manhattan,Lincoln Square East,Weekend,2,8,8,0,0,45,63.0
142,Manhattan,Lincoln Square East,Weekend,3,8,8,0,0,27,30.0
142,Manhattan,Lincoln Square East,Weekend,4,8,8,0,0,23,36.0
142,Manhattan,Lincoln Square East,Weekend,5,8,8,1,0,38,49.5
142,Manhattan,Lincoln Square East,Weekend,6,8,8,0,0,49,57.5
142,Manhattan,Lincoln Square East,Weekend,7,8,8,0,0,66,91.5
142,Manhattan,Lincoln Square East,Weekend,8,8,8,0,0,92,125.0
142,Manhattan,Lincoln Square East,Weekend,9,8,8,0,0,123,167.0
142,Manhattan,Lincoln Square East,Weekend,10,8,8,0,0,191,207.5
142,Manhattan,Lincoln Square East,Weekend,11,8,8,0,0,194,250.5
142,Manhattan,Lincoln Square East,Weekend,12,8,8,2,1,219,257.5
142,Manhattan,Lincoln Square East,Weekend,13,8,8,2,1,196,247.5
142,Manhattan,Lincoln Square East,Weekend,14,8,8,1,0,195,236.0
142,Manhattan,Lincoln Square East,Weekend,15,8,8,0,0,193,254.5
142,Manhattan,Lincoln Square East,Weekend,16,8,8,3,1,197,262.5
142,Manhattan,Lincoln Square East,Weekend,17,8,8,5,2,202,283.5
142,Manhattan,Lincoln Square East,Weekend,18,8,8,2,0,222,278.5
142,Manhattan,Lincoln Square East,Weekend,19,8,8,0,0,174,280.0
142,Manhattan,Lincoln Square East,Weekend,20,8,8,0,0,184,248.0
142,Manhattan,Lincoln Square East,Weekend,21,8,8,1,1,132,253.0
142,Manhattan,Lincoln Square East,Weekend,22,8,8,3,1,112,239.5
142,Manhattan,Lincoln Square East,Weekend,23,8,8,1,1,83,229.5
143,Manhattan,Lincoln Square West,Weekday,0,22,22,5,4,13,29.0
143,Manhattan,Lincoln Square West,Weekday,1,22,22,9,6,11,16.0
143,Manhattan,Lincoln Square West,Weekday,2,22,22,7,8,3,9.0
143,Manhattan,Lincoln Square West,Weekday,3,22,22,3,2,2,11.0
143,Manhattan,Lincoln Square West,Weekday,4,22,22,1,2,20,33.0
143,Manhattan,Lincoln Square West,Weekday,5,22,22,7,1,45,65.5
143,Manhattan,Lincoln Square West,Weekday,6,22,22,2,0,100,134.5
143,Manhattan,Lincoln Square West,Weekday,7,22,22,3,0,141,243.5
143,Manhattan,Lincoln Square West,Weekday,8,22,22,15,3,174,286.5
143,Manhattan,Lincoln Square West,Weekday,9,22,22,13,7,187,235.0
143,Manhattan,Lincoln Square West,Weekday,10,22,22,1,0,169,183.0
143,Manhattan,Lincoln Square West,Weekday,11,22,22,1,0,145,170.5
143,Manhattan,Lincoln Square West,Weekday,12,22,22,4,0,136,154.0
143,Manhattan,Lincoln Square West,Weekday,13,22,22,3,1,121,152.5
143,Manhattan,Lincoln Square West,Weekday,14,22,22,1,0,119,160.0
143,Manhattan,Lincoln Square West,Weekday,15,22,22,2,2,143,175.0
143,Manhattan,Lincoln Square West,Weekday,16,22,22,0,0,140,172.0
143,Manhattan,Lincoln Square West,Weekday,17,22,22,1,1,167,203.5
143,Manhattan,Lincoln Square West,Weekday,18,22,22,4,0,146,205.5
143,Manhattan,Lincoln Square West,Weekday,19,22,22,0,0,106,169.5
143,Manhattan,Lincoln Square West,Weekday,20,22,22,0,0,91,127.5
143,Manhattan,Lincoln Square West,Weekday,21,22,22,0,0,66,109.0
143,Manhattan,Lincoln Square West,Weekday,22,22,22,5,2,52,99.0
143,Manhattan,Lincoln Square West,Weekday,23,22,22,1,2,44,79.0
143,Manhattan,Lincoln Square West,Weekend,0,8,8,0,0,53,81.0
143,Manhattan,Lincoln Square West,Weekend,1,8,8,1,0,34,45.0
143,Manhattan,Lincoln Square West,Weekend,2,8,8,1,2,20,24.0
143,Manhattan,Lincoln Square West,Weekend,3,8,8,0,0,20,23.5
143,Manhattan,Lincoln Square West,Weekend,4,8,8,0,1,20,24.0
143,Manhattan,Lincoln Square West,Weekend,5,8,8,2,2,21,32.0
143,Manhattan,Lincoln Square West,Weekend,6,8,8,0,0,43,60.5
143,Manhattan,Lincoln Square West,Weekend,7,8,8,0,0,59,88.5
143,Manhattan,Lincoln Square West,Weekend,8,8,8,0,0,91,112.5
143,Manhattan,Lincoln Square West,Weekend,9,8,8,0,0,140,160.5
143,Manhattan,Lincoln Square West,Weekend,10,8,8,0,0,169,195.0
143,Manhattan,Lincoln Square West,Weekend,11,8,8,3,0,188,206.5
143,Manhattan,Lincoln Square West,Weekend,12,8,8,5,0,160,208.5
143,Manhattan,Lincoln Square West,Weekend,13,8,8,4,0,164,202.0
143,Manhattan,Lincoln Square West,Weekend,14,8,8,0,0,148,181.5
143,Manhattan,Lincoln Square West,Weekend,15,8,8,1,0,137,170.5
143,Manhattan,Lincoln Square West,Weekend,16,8,8,2,0,161,176.5
143,Manhattan,Lincoln Square West,Weekend,17,8,8,2,0,142,199.5
143,Manhattan,Lincoln Square West,Weekend,18,8,8,1,0,142,205.0
143,Manhattan,Lincoln Square West,Weekend,19,8,8,0,0,125,176.5
143,Manhattan,Lincoln Square West,Weekend,20,8,8,0,0,98,154.0
143,Manhattan,Lincoln Square West,Weekend,21,8,8,0,0,77,135.0
143,Manhattan,Lincoln Square West,Weekend,22,8,8,0,0,62,116.5
143,Manhattan,Lincoln Square West,Weekend,23,8,8,0,0,46,83.0
144,Manhattan,Little Italy/NoLiTa,Weekday,0,22,22,0,0,54,95.0
144,Manhattan,Little Italy/NoLiTa,Weekday,1,22,22,0,0,33,58.5
144,Manhattan,Little Italy/NoLiTa,Weekday,2,22,22,1,2,15,36.5
144,Manhattan,Little Italy/NoLiTa,Weekday,3,22,22,1,1,14,33.0
144,Manhattan,Little Italy/NoLiTa,Weekday,4,22,22,1,2,16,27.0
144,Manhattan,Little Italy/NoLiTa,Weekday,5,22,22,0,0,32,39.0
144,Manhattan,Little Italy/NoLiTa,Weekday,6,22,22,3,0,36,48.0
144,Manhattan,Little Italy/NoLiTa,Weekday,7,22,22,1,0,45,74.0
144,Manhattan,Little Italy/NoLiTa,Weekday,8,22,22,8,1,84,129.5
144,Manhattan,Little Italy/NoLiTa,Weekday,9,22,22,0,1,93,122.5
144,Manhattan,Little Italy/NoLiTa,Weekday,10,22,22,0,0,90,125.0
144,Manhattan,Little Italy/NoLiTa,Weekday,11,22,22,0,1,95,133.0
144,Manhattan,Little Italy/NoLiTa,Weekday,12,22,22,0,2,109,147.0
144,Manhattan,Little Italy/NoLiTa,Weekday,13,22,22,1,1,133,168.5
144,Manhattan,Little Italy/NoLiTa,Weekday,14,22,22,0,0,158,192.5
144,Manhattan,Little Italy/NoLiTa,Weekday,15,22,22,2,3,153,200.0
144,Manhattan,Little Italy/NoLiTa,Weekday,16,22,22,4,4,161,210.0
144,Manhattan,Little Italy/NoLiTa,Weekday,17,22,22,2,0,184,256.0
144,Manhattan,Little Italy/NoLiTa,Weekday,18,22,22,1,1,221,297.0
144,Manhattan,Little Italy/NoLiTa,Weekday,19,22,22,0,0,217,321.0
144,Manhattan,Little Italy/NoLiTa,Weekday,20,22,22,0,0,213,341.5
144,Manhattan,Little Italy/NoLiTa,Weekday,21,22,22,1,0,202,358.0
144,Manhattan,Little Italy/NoLiTa,Weekday,22,22,22,3,0,145,302.0
144,Manhattan,Little Italy/NoLiTa,Weekday,23,22,22,5,2,107,202.5
144,Manhattan,Little Italy/NoLiTa,Weekend,0,8,8,8,6,341,400.5
144,Manhattan,Little Italy/NoLiTa,Weekend,1,8,8,6,4,388,437.5
144,Manhattan,Little Italy/NoLiTa,Weekend,2,8,8,5,3,334,392.0
144,Manhattan,Little Italy/NoLiTa,Weekend,3,8,8,2,0,238,274.5
144,Manhattan,Little Italy/NoLiTa,Weekend,4,8,8,0,0,110,136.0
144,Manhattan,Little Italy/NoLiTa,Weekend,5,8,8,0,0,40,53.5
144,Manhattan,Little Italy/NoLiTa,Weekend,6,8,8,0,0,29,40.0
144,Manhattan,Little Italy/NoLiTa,Weekend,7,8,8,0,0,32,47.0
144,Manhattan,Little Italy/NoLiTa,Weekend,8,8,8,0,1,59,65.5
144,Manhattan,Little Italy/NoLiTa,Weekend,9,8,8,0,0,81,103.5
144,Manhattan,Little Italy/NoLiTa,Weekend,10,8,8,0,0,119,144.0
144,Manhattan,Little Italy/NoLiTa,Weekend,11,8,8,0,0,173,190.5
144,Manhattan,Little Italy/NoLiTa,Weekend,12,8,8,0,0,210,228.0
144,Manhattan,Little Italy/NoLiTa,Weekend,13,8,8,4,1,205,264.5
144,Manhattan,Little Italy/NoLiTa,Weekend,14,8,8,4,3,226,271.5
144,Manhattan,Little Italy/NoLiTa,Weekend,15,8,8,6,5,212,321.5
144,Manhattan,Little Italy/NoLiTa,Weekend,16,8,8,6,5,241,305.5
144,Manhattan,Little Italy/NoLiTa,Weekend,17,8,8,4,3,209,299.5
144,Manhattan,Little Italy/NoLiTa,Weekend,18,8,8,3,2,182,325.0
144,Manhattan,Little Italy/NoLiTa,Weekend,19,8,8,2,0,220,344.0
144,Manhattan,Little Italy/NoLiTa,Weekend,20,8,8,0,0,213,355.0
144,Manhattan,Little Italy/NoLiTa,Weekend,21,8,8,1,0,159,314.0
144,Manhattan,Little Italy/NoLiTa,Weekend,22,8,8,0,0,153,283.5
144,Manhattan,Little Italy/NoLiTa,Weekend,23,8,8,2,0,88,249.0
145,Queens,Long Island City/Hunters Point,Weekday,0,22,22,1,0,90,135.5
145,Queens,Long Island City/Hunters Point,Weekday,1,22,22,5,4,50,78.5
145,Queens,Long Island City/Hunters Point,Weekday,2,22,22,5,11,30,51.0
145,Queens,Long Island City/Hunters Point,Weekday,3,22,22,8,7,33,50.0
145,Queens,Long Island City/Hunters Point,Weekday,4,22,22,8,6,43,69.0
145,Queens,Long Island City/Hunters Point,Weekday,5,22,22,6,6,96,111.0
145,Queens,Long Island City/Hunters Point,Weekday,6,22,22,4,2,151,186.0
145,Queens,Long Island City/Hunters Point,Weekday,7,22,22,1,1,188,236.0
145,Queens,Long Island City/Hunters Point,Weekday,8,22,22,5,4,263,318.5
145,Queens,Long Island City/Hunters Point,Weekday,9,22,22,1,1,223,270.0
145,Queens,Long Island City/Hunters Point,Weekday,10,22,22,0,2,176,222.0
145,Queens,Long Island City/Hunters Point,Weekday,11,22,22,0,1,170,210.5
145,Queens,Long Island City/Hunters Point,Weekday,12,22,22,0,0,175,210.0
145,Queens,Long Island City/Hunters Point,Weekday,13,22,22,1,0,176,226.5
145,Queens,Long Island City/Hunters Point,Weekday,14,22,22,0,0,190,238.5
145,Queens,Long Island City/Hunters Point,Weekday,15,22,22,0,1,194,244.0
145,Queens,Long Island City/Hunters Point,Weekday,16,22,22,0,0,236,273.0
145,Queens,Long Island City/Hunters Point,Weekday,17,22,22,0,0,275,353.0
145,Queens,Long Island City/Hunters Point,Weekday,18,22,22,1,1,289,366.0
145,Queens,Long Island City/Hunters Point,Weekday,19,22,22,2,0,263,337.0
145,Queens,Long Island City/Hunters Point,Weekday,20,22,22,0,0,230,323.0
145,Queens,Long Island City/Hunters Point,Weekday,21,22,22,0,0,238,353.5
145,Queens,Long Island City/Hunters Point,Weekday,22,22,22,1,0,183,335.0
145,Queens,Long Island City/Hunters Point,Weekday,23,22,22,1,0,129,242.5
145,Queens,Long Island City/Hunters Point,Weekend,0,8,8,2,1,362,418.0
145,Queens,Long Island City/Hunters Point,Weekend,1,8,8,0,0,253,307.5
145,Queens,Long Island City/Hunters Point,Weekend,2,8,8,0,1,193,238.0
145,Queens,Long Island City/Hunters Point,Weekend,3,8,8,0,0,175,200.0
145,Queens,Long Island City/Hunters Point,Weekend,4,8,8,1,2,119,146.5
145,Queens,Long Island City/Hunters Point,Weekend,5,8,8,0,1,98,120.0
145,Queens,Long Island City/Hunters Point,Weekend,6,8,8,0,0,119,163.5
145,Queens,Long Island City/Hunters Point,Weekend,7,8,8,0,1,148,175.5
145,Queens,Long Island City/Hunters Point,Weekend,8,8,8,0,0,164,213.0
145,Queens,Long Island City/Hunters Point,Weekend,9,8,8,1,2,223,256.5
145,Queens,Long Island City/Hunters Point,Weekend,10,8,8,2,4,272,331.5
145,Queens,Long Island City/Hunters Point,Weekend,11,8,8,7,3,350,386.0
145,Queens,Long Island City/Hunters Point,Weekend,12,8,8,4,2,332,400.5
145,Queens,Long Island City/Hunters Point,Weekend,13,8,8,2,1,347,410.0
145,Queens,Long Island City/Hunters Point,Weekend,14,8,8,2,1,354,413.5
145,Queens,Long Island City/Hunters Point,Weekend,15,8,8,1,0,317,393.0
145,Queens,Long Island City/Hunters Point,Weekend,16,8,8,2,2,341,379.5
145,Queens,Long Island City/Hunters Point,Weekend,17,8,8,3,1,285,421.5
145,Queens,Long Island City/Hunters Point,Weekend,18,8,8,3,2,264,453.5
145,Queens,Long Island City/Hunters Point,Weekend,19,8,8,2,1,281,413.5
145,Queens,Long Island City/Hunters Point,Weekend,20,8,8,2,1,278,393.0
145,Queens,Long Island City/Hunters Point,Weekend,21,8,8,2,2,251,376.0
145,Queens,Long Island City/Hunters Point,Weekend,22,8,8,2,1,225,376.0
145,Queens,Long Island City/Hunters Point,Weekend,23,8,8,2,2,186,353.0
146,Queens,Long Island City/Queens Plaza,Weekday,0,22,22,4,3,29,41.0
146,Queens,Long Island City/Queens Plaza,Weekday,1,22,22,4,3,17,25.5
146,Queens,Long Island City/Queens Plaza,Weekday,2,22,22,5,4,8,15.0
146,Queens,Long Island City/Queens Plaza,Weekday,3,22,22,5,6,5,15.5
146,Queens,Long Island City/Queens Plaza,Weekday,4,22,22,2,1,17,24.0
146,Queens,Long Island City/Queens Plaza,Weekday,5,22,22,0,0,27,39.0
146,Queens,Long Island City/Queens Plaza,Weekday,6,22,22,0,0,44,57.5
146,Queens,Long Island City/Queens Plaza,Weekday,7,22,22,1,1,44,70.0
146,Queens,Long Island City/Queens Plaza,Weekday,8,22,22,1,1,56,84.0
146,Queens,Long Island City/Queens Plaza,Weekday,9,22,22,1,2,60,74.0
146,Queens,Long Island City/Queens Plaza,Weekday,10,22,22,5,3,50,66.0
146,Queens,Long Island City/Queens Plaza,Weekday,11,22,22,7,1,48,66.0
146,Queens,Long Island City/Queens Plaza,Weekday,12,22,22,5,4,46,58.0
146,Queens,Long Island City/Queens Plaza,Weekday,13,22,22,3,7,49,72.0
146,Queens,Long Island City/Queens Plaza,Weekday,14,22,22,1,1,55,68.0
146,Queens,Long Island City/Queens Plaza,Weekday,15,22,22,1,4,52,68.5
146,Queens,Long Island City/Queens Plaza,Weekday,16,22,22,0,0,61,70.5
146,Queens,Long Island City/Queens Plaza,Weekday,17,22,22,1,1,67,91.5
146,Queens,Long Island City/Queens Plaza,Weekday,18,22,22,3,2,70,93.5
146,Queens,Long Island City/Queens Plaza,Weekday,19,22,22,0,0,49,77.5
146,Queens,Long Island City/Queens Plaza,Weekday,20,22,22,0,0,50,66.0
146,Queens,Long Island City/Queens Plaza,Weekday,21,22,22,1,0,38,72.5
146,Queens,Long Island City/Queens Plaza,Weekday,22,22,22,1,0,52,75.5
146,Queens,Long Island City/Queens Plaza,Weekday,23,22,22,4,2,49,65.5
146,Queens,Long Island City/Queens Plaza,Weekend,0,8,8,1,1,94,120.0
146,Queens,Long Island City/Queens Plaza,Weekend,1,8,8,0,0,68,102.0
146,Queens,Long Island City/Queens Plaza,Weekend,2,8,8,1,1,39,64.0
146,Queens,Long Island City/Queens Plaza,Weekend,3,8,8,1,1,36,55.5
146,Queens,Long Island City/Queens Plaza,Weekend,4,8,8,2,3,36,42.0
146,Queens,Long Island City/Queens Plaza,Weekend,5,8,8,0,0,37,45.5
146,Queens,Long Island City/Queens Plaza,Weekend,6,8,8,0,0,41,55.0
146,Queens,Long Island City/Queens Plaza,Weekend,7,8,8,0,0,40,57.5
146,Queens,Long Island City/Queens Plaza,Weekend,8,8,8,2,0,53,85.0
146,Queens,Long Island City/Queens Plaza,Weekend,9,8,8,2,3,81,99.5
146,Queens,Long Island City/Queens Plaza,Weekend,10,8,8,2,2,101,108.0
146,Queens,Long Island City/Queens Plaza,Weekend,11,8,8,3,1,112,136.0
146,Queens,Long Island City/Queens Plaza,Weekend,12,8,8,0,0,107,124.5
146,Queens,Long Island City/Queens Plaza,Weekend,13,8,8,1,1,98,123.5
146,Queens,Long Island City/Queens Plaza,Weekend,14,8,8,1,1,92,123.5
146,Queens,Long Island City/Queens Plaza,Weekend,15,8,8,0,0,95,107.5
146,Queens,Long Island City/Queens Plaza,Weekend,16,8,8,1,0,83,101.0
146,Queens,Long Island City/Queens Plaza,Weekend,17,8,8,0,0,68,118.0
146,Queens,Long Island City/Queens Plaza,Weekend,18,8,8,0,1,89,114.0
146,Queens,Long Island City/Queens Plaza,Weekend,19,8,8,0,1,82,110.0
146,Queens,Long Island City/Queens Plaza,Weekend,20,8,8,0,0,69,112.0
146,Queens,Long Island City/Queens Plaza,Weekend,21,8,8,0,0,65,104.5
146,Queens,Long Island City/Queens Plaza,Weekend,22,8,8,0,0,69,119.0
146,Queens,Long Island City/Queens Plaza,Weekend,23,8,8,0,0,52,121.5
147,Bronx,Longwood,Weekday,0,22,22,17,13,25,36.5
147,Bronx,Longwood,Weekday,1,22,22,8,15,13,19.5
147,Bronx,Longwood,Weekday,2,22,22,11,11,9,15.5
147,Bronx,Longwood,Weekday,3,22,22,10,8,10,15.0
147,Bronx,Longwood,Weekday,4,22,22,17,14,18,27.5
147,Bronx,Longwood,Weekday,5,22,22,11,13,27,37.0
147,Bronx,Longwood,Weekday,6,22,22,10,16,46,62.0
147,Bronx,Longwood,Weekday,7,22,22,22,20,72,104.0
147,Bronx,Longwood,Weekday,8,22,22,6,11,81,112.5
147,Bronx,Longwood,Weekday,9,22,22,11,10,67,83.0
147,Bronx,Longwood,Weekday,10,22,22,15,12,33,56.0
147,Bronx,Longwood,Weekday,11,22,22,18,13,40,57.0
147,Bronx,Longwood,Weekday,12,22,22,18,16,37,57.5
147,Bronx,Longwood,Weekday,13,22,22,17,20,52,66.0
147,Bronx,Longwood,Weekday,14,22,22,9,10,52,70.0
147,Bronx,Longwood,Weekday,15,22,22,12,13,56,78.0
147,Bronx,Longwood,Weekday,16,22,22,12,13,60,77.5
147,Bronx,Longwood,Weekday,17,22,22,12,15,59,77.0
147,Bronx,Longwood,Weekday,18,22,22,11,17,42,70.5
147,Bronx,Longwood,Weekday,19,22,22,21,15,39,68.0
147,Bronx,Longwood,Weekday,20,22,22,15,15,47,63.5
147,Bronx,Longwood,Weekday,21,22,22,12,14,43,64.5
147,Bronx,Longwood,Weekday,22,22,22,13,16,42,59.0
147,Bronx,Longwood,Weekday,23,22,22,15,9,35,55.0
147,Bronx,Longwood,Weekend,0,8,8,4,6,59,72.0
147,Bronx,Longwood,Weekend,1,8,8,3,5,36,57.0
147,Bronx,Longwood,Weekend,2,8,8,0,3,26,35.5
147,Bronx,Longwood,Weekend,3,8,8,0,2,16,28.5
147,Bronx,Longwood,Weekend,4,8,8,2,3,29,33.5
147,Bronx,Longwood,Weekend,5,8,8,5,7,28,32.0
147,Bronx,Longwood,Weekend,6,8,8,7,7,35,51.5
147,Bronx,Longwood,Weekend,7,8,8,8,8,35,51.0
147,Bronx,Longwood,Weekend,8,8,8,7,6,44,60.5
147,Bronx,Longwood,Weekend,9,8,8,7,5,50,64.0
147,Bronx,Longwood,Weekend,10,8,8,7,7,49,69.5
147,Bronx,Longwood,Weekend,11,8,8,8,5,55,65.0
147,Bronx,Longwood,Weekend,12,8,8,7,7,65,73.0
147,Bronx,Longwood,Weekend,13,8,8,5,7,59,77.5
147,Bronx,Longwood,Weekend,14,8,8,7,5,75,90.5
147,Bronx,Longwood,Weekend,15,8,8,5,6,66,80.5
147,Bronx,Longwood,Weekend,16,8,8,5,5,59,78.5
147,Bronx,Longwood,Weekend,17,8,8,5,5,61,75.0
147,Bronx,Longwood,Weekend,18,8,8,5,7,59,80.5
147,Bronx,Longwood,Weekend,19,8,8,8,7,66,88.0
147,Bronx,Longwood,Weekend,20,8,8,8,6,61,79.0
147,Bronx,Longwood,Weekend,21,8,8,5,4,61,94.5
147,Bronx,Longwood,Weekend,22,8,8,8,7,62,86.0
147,Bronx,Longwood,Weekend,23,8,8,5,4,51,66.0
148,Manhattan,Lower East Side,Weekday,0,22,22,0,0,122,217.5
148,Manhattan,Lower East Side,Weekday,1,22,22,0,0,85,153.5
148,Manhattan,Lower East Side,Weekday,2,22,22,0,1,40,103.0
148,Manhattan,Lower East Side,Weekday,3,22,22,0,0,31,76.5
148,Manhattan,Lower East Side,Weekday,4,22,22,1,1,38,73.5
148,Manhattan,Lower East Side,Weekday,5,22,22,1,1,51,67.5
148,Manhattan,Lower East Side,Weekday,6,22,22,7,2,66,81.0
148,Manhattan,Lower East Side,Weekday,7,22,22,6,0,90,114.5
148,Manhattan,Lower East Side,Weekday,8,22,22,18,11,134,172.0
148,Manhattan,Lower East Side,Weekday,9,22,22,5,6,158,197.5
148,Manhattan,Lower East Side,Weekday,10,22,22,0,0,128,161.5
148,Manhattan,Lower East Side,Weekday,11,22,22,0,2,134,156.0
148,Manhattan,Lower East Side,Weekday,12,22,22,0,0,119,166.0
148,Manhattan,Lower East Side,Weekday,13,22,22,1,1,131,160.0
148,Manhattan,Lower East Side,Weekday,14,22,22,0,0,118,168.0
148,Manhattan,Lower East Side,Weekday,15,22,22,2,1,133,171.0
148,Manhattan,Lower East Side,Weekday,16,22,22,1,1,143,182.0
148,Manhattan,Lower East Side,Weekday,17,22,22,0,0,169,220.0
148,Manhattan,Lower East Side,Weekday,18,22,22,0,0,204,275.0
148,Manhattan,Lower East Side,Weekday,19,22,22,0,0,178,308.0
148,Manhattan,Lower East Side,Weekday,20,22,22,0,0,212,375.0
148,Manhattan,Lower East Side,Weekday,21,22,22,0,0,243,470.0
148,Manhattan,Lower East Side,Weekday,22,22,22,3,2,221,490.0
148,Manhattan,Lower East Side,Weekday,23,22,22,5,4,197,434.0
148,Manhattan,Lower East Side,Weekend,0,8,8,8,8,955,1020.0
148,Manhattan,Lower East Side,Weekend,1,8,8,8,8,1007,1170.0
148,Manhattan,Lower East Side,Weekend,2,8,8,8,7,853,944.0
148,Manhattan,Lower East Side,Weekend,3,8,8,7,5,561,655.0
148,Manhattan,Lower East Side,Weekend,4,8,8,2,0,288,318.0
148,Manhattan,Lower East Side,Weekend,5,8,8,0,0,100,134.0
148,Manhattan,Lower East Side,Weekend,6,8,8,0,0,73,93.5
148,Manhattan,Lower East Side,Weekend,7,8,8,0,0,77,102.5
148,Manhattan,Lower East Side,Weekend,8,8,8,0,0,108,127.0
148,Manhattan,Lower East Side,Weekend,9,8,8,0,0,157,176.0
148,Manhattan,Lower East Side,Weekend,10,8,8,0,0,174,232.0
148,Manhattan,Lower East Side,Weekend,11,8,8,0,1,209,267.0
148,Manhattan,Lower East Side,Weekend,12,8,8,0,0,218,276.0
148,Manhattan,Lower East Side,Weekend,13,8,8,1,0,245,277.0
148,Manhattan,Lower East Side,Weekend,14,8,8,0,0,269,299.5
148,Manhattan,Lower East Side,Weekend,15,8,8,2,2,269,305.0
148,Manhattan,Lower East Side,Weekend,16,8,8,1,1,272,350.0
148,Manhattan,Lower East Side,Weekend,17,8,8,0,0,240,358.5
148,Manhattan,Lower East Side,Weekend,18,8,8,0,0,251,431.5
148,Manhattan,Lower East Side,Weekend,19,8,8,0,1,284,448.5
148,Manhattan,Lower East Side,Weekend,20,8,8,0,0,251,464.5
148,Manhattan,Lower East Side,Weekend,21,8,8,0,0,206,544.0
148,Manhattan,Lower East Side,Weekend,22,8,8,1,1,263,588.0
148,Manhattan,Lower East Side,Weekend,23,8,8,3,2,229,563.5
149,Brooklyn,Madison,Weekday,0,22,22,10,4,17,28.5
149,Brooklyn,Madison,Weekday,1,22,22,18,12,12,19.0
149,Brooklyn,Madison,Weekday,2,22,22,18,14,7,12.0
149,Brooklyn,Madison,Weekday,3,22,22,16,13,5,10.0
149,Brooklyn,Madison,Weekday,4,22,22,5,5,11,14.5
149,Brooklyn,Madison,Weekday,5,22,22,0,2,18,24.5
149,Brooklyn,Madison,Weekday,6,22,22,0,0,37,57.0
149,Brooklyn,Madison,Weekday,7,22,22,1,1,58,127.5
149,Brooklyn,Madison,Weekday,8,22,22,0,0,82,141.0
149,Brooklyn,Madison,Weekday,9,22,22,5,2,74,130.5
149,Brooklyn,Madison,Weekday,10,22,22,6,3,54,101.0
149,Brooklyn,Madison,Weekday,11,22,22,5,3,44,81.5
149,Brooklyn,Madison,Weekday,12,22,22,4,5,63,78.0
149,Brooklyn,Madison,Weekday,13,22,22,1,4,61,82.0
149,Brooklyn,Madison,Weekday,14,22,22,3,3,45,101.0
149,Brooklyn,Madison,Weekday,15,22,22,3,1,53,98.5
149,Brooklyn,Madison,Weekday,16,22,22,1,3,67,103.5
149,Brooklyn,Madison,Weekday,17,22,22,4,0,76,114.0
149,Brooklyn,Madison,Weekday,18,22,22,9,2,74,112.5
149,Brooklyn,Madison,Weekday,19,22,22,6,3,66,90.5
149,Brooklyn,Madison,Weekday,20,22,22,8,3,61,83.0
149,Brooklyn,Madison,Weekday,21,22,22,4,1,45,69.5
149,Brooklyn,Madison,Weekday,22,22,22,4,5,43,64.5
149,Brooklyn,Madison,Weekday,23,22,22,7,4,36,57.0
149,Brooklyn,Madison,Weekend,0,8,8,1,1,38,53.0
149,Brooklyn,Madison,Weekend,1,8,8,4,4,28,41.0
149,Brooklyn,Madison,Weekend,2,8,8,4,2,19,25.0
149,Brooklyn,Madison,Weekend,3,8,8,3,3,17,21.5
149,Brooklyn,Madison,Weekend,4,8,8,2,3,4,17.0
149,Brooklyn,Madison,Weekend,5,8,8,2,3,18,21.0
149,Brooklyn,Madison,Weekend,6,8,8,0,0,22,32.5
149,Brooklyn,Madison,Weekend,7,8,8,2,0,37,47.5
149,Brooklyn,Madison,Weekend,8,8,8,1,1,41,57.0
149,Brooklyn,Madison,Weekend,9,8,8,1,1,56,83.0
149,Brooklyn,Madison,Weekend,10,8,8,0,0,54,83.5
149,Brooklyn,Madison,Weekend,11,8,8,0,1,61,82.5
149,Brooklyn,Madison,Weekend,12,8,8,0,0,60,98.0
149,Brooklyn,Madison,Weekend,13,8,8,1,1,74,93.0
149,Brooklyn,Madison,Weekend,14,8,8,0,0,72,93.5
149,Brooklyn,Madison,Weekend,15,8,8,0,0,69,87.0
149,Brooklyn,Madison,Weekend,16,8,8,0,1,69,84.5
149,Brooklyn,Madison,Weekend,17,8,8,2,0,71,89.5
149,Brooklyn,Madison,Weekend,18,8,8,3,1,61,103.0
149,Brooklyn,Madison,Weekend,19,8,8,2,2,67,88.0
149,Brooklyn,Madison,Weekend,20,8,8,2,1,74,103.0
149,Brooklyn,Madison,Weekend,21,8,8,5,2,61,82.5
149,Brooklyn,Madison,Weekend,22,8,8,1,0,41,70.0
149,Brooklyn,Madison,Weekend,23,8,8,3,3,46,59.0
150,Brooklyn,Manhattan Beach,Weekday,0,22,22,18,9,8,16.5
150,Brooklyn,Manhattan Beach,Weekday,1,22,22,17,8,5,8.5
150,Brooklyn,Manhattan Beach,Weekday,2,22,22,15,9,1,4.0
150,Brooklyn,Manhattan Beach,Weekday,3,21,22,13,9,1,3.0
150,Brooklyn,Manhattan Beach,Weekday,4,22,22,8,9,1,5.0
150,Brooklyn,Manhattan Beach,Weekday,5,22,22,7,4,2,6.0
150,Brooklyn,Manhattan Beach,Weekday,6,22,22,4,3,12,20.5
150,Brooklyn,Manhattan Beach,Weekday,7,22,22,6,7,18,46.0
150,Brooklyn,Manhattan Beach,Weekday,8,22,22,2,2,33,52.0
150,Brooklyn,Manhattan Beach,Weekday,9,22,22,6,7,30,43.5
150,Brooklyn,Manhattan Beach,Weekday,10,22,22,8,9,22,32.0
150,Brooklyn,Manhattan Beach,Weekday,11,22,22,10,8,25,33.0
150,Brooklyn,Manhattan Beach,Weekday,12,22,22,5,7,20,31.5
150,Brooklyn,Manhattan Beach,Weekday,13,22,22,7,11,20,40.0
150,Brooklyn,Manhattan Beach,Weekday,14,22,22,8,6,18,45.5
150,Brooklyn,Manhattan Beach,Weekday,15,22,22,5,8,23,38.5
150,Brooklyn,Manhattan Beach,Weekday,16,22,22,8,10,28,38.0
150,Brooklyn,Manhattan Beach,Weekday,17,22,22,12,7,33,43.5
150,Brooklyn,Manhattan Beach,Weekday,18,22,22,10,8,21,36.5
150,Brooklyn,Manhattan Beach,Weekday,19,22,22,12,10,21,39.0
150,Brooklyn,Manhattan Beach,Weekday,20,22,22,18,7,16,33.0
150,Brooklyn,Manhattan Beach,Weekday,21,22,22,11,9,19,31.5
150,Brooklyn,Manhattan Beach,Weekday,22,22,22,10,8,16,28.5
150,Brooklyn,Manhattan Beach,Weekday,23,22,22,19,16,15,25.5
150,Brooklyn,Manhattan Beach,Weekend,0,8,8,6,4,47,51.5
150,Brooklyn,Manhattan Beach,Weekend,1,8,8,7,6,21,33.0
150,Brooklyn,Manhattan Beach,Weekend,2,8,8,5,4,11,15.5
150,Brooklyn,Manhattan Beach,Weekend,3,8,8,3,0,3,7.5
150,Brooklyn,Manhattan Beach,Weekend,4,8,8,1,1,2,5.5
150,Brooklyn,Manhattan Beach,Weekend,5,8,8,2,2,3,9.5
150,Brooklyn,Manhattan Beach,Weekend,6,8,8,1,0,11,15.5
150,Brooklyn,Manhattan Beach,Weekend,7,8,8,4,4,9,16.0
150,Brooklyn,Manhattan Beach,Weekend,8,8,8,3,4,18,26.5
150,Brooklyn,Manhattan Beach,Weekend,9,8,8,4,3,18,25.0
150,Brooklyn,Manhattan Beach,Weekend,10,8,8,2,2,14,27.0
150,Brooklyn,Manhattan Beach,Weekend,11,8,8,1,1,20,28.5
150,Brooklyn,Manhattan Beach,Weekend,12,8,8,4,2,27,34.0
150,Brooklyn,Manhattan Beach,Weekend,13,8,8,2,3,26,35.0
150,Brooklyn,Manhattan Beach,Weekend,14,8,8,1,3,27,31.5
150,Brooklyn,Manhattan Beach,Weekend,15,8,8,4,1,31,45.0
150,Brooklyn,Manhattan Beach,Weekend,16,8,8,1,0,26,38.0
150,Brooklyn,Manhattan Beach,Weekend,17,8,8,2,4,26,41.5
150,Brooklyn,Manhattan Beach,Weekend,18,8,8,6,3,29,49.0
150,Brooklyn,Manhattan Beach,Weekend,19,8,8,3,3,32,40.0
150,Brooklyn,Manhattan Beach,Weekend,20,8,8,4,1,23,39.0
150,Brooklyn,Manhattan Beach,Weekend,21,8,8,6,5,28,45.0
150,Brooklyn,Manhattan Beach,Weekend,22,8,8,3,3,25,44.0
150,Brooklyn,Manhattan Beach,Weekend,23,8,8,7,4,24,51.5
151,Manhattan,Manhattan Valley,Weekday,0,22,22,10,7,20,32.5
151,Manhattan,Manhattan Valley,Weekday,1,22,22,9,8,9,16.5
151,Manhattan,Manhattan Valley,Weekday,2,22,22,8,4,10,13.5
151,Manhattan,Manhattan Valley,Weekday,3,22,22,13,14,12,18.0
151,Manhattan,Manhattan Valley,Weekday,4,22,22,11,8,15,25.0
151,Manhattan,Manhattan Valley,Weekday,5,22,22,19,14,29,36.5
151,Manhattan,Manhattan Valley,Weekday,6,22,22,14,7,45,62.5
151,Manhattan,Manhattan Valley,Weekday,7,22,22,13,7,70,105.0
151,Manhattan,Manhattan Valley,Weekday,8,22,22,7,4,108,144.0
151,Manhattan,Manhattan Valley,Weekday,9,22,22,6,5,94,127.0
151,Manhattan,Manhattan Valley,Weekday,10,22,22,0,2,83,101.0
151,Manhattan,Manhattan Valley,Weekday,11,22,22,3,2,71,88.0
151,Manhattan,Manhattan Valley,Weekday,12,22,22,5,3,63,85.0
151,Manhattan,Manhattan Valley,Weekday,13,22,22,9,3,72,89.5
151,Manhattan,Manhattan Valley,Weekday,14,22,22,3,2,72,89.0
151,Manhattan,Manhattan Valley,Weekday,15,22,22,6,6,63,90.5
151,Manhattan,Manhattan Valley,Weekday,16,22,22,9,7,74,96.0
151,Manhattan,Manhattan Valley,Weekday,17,22,22,10,11,85,105.5
151,Manhattan,Manhattan Valley,Weekday,18,22,22,14,9,92,113.5
151,Manhattan,Manhattan Valley,Weekday,19,22,22,12,10,76,100.5
151,Manhattan,Manhattan Valley,Weekday,20,22,22,15,7,49,90.0
151,Manhattan,Manhattan Valley,Weekday,21,22,22,11,12,52,84.0
151,Manhattan,Manhattan Valley,Weekday,22,22,22,13,12,47,68.5
151,Manhattan,Manhattan Valley,Weekday,23,22,22,6,11,36,53.0
151,Manhattan,Manhattan Valley,Weekend,0,8,8,1,3,52,63.0
151,Manhattan,Manhattan Valley,Weekend,1,8,8,2,1,33,42.0
151,Manhattan,Manhattan Valley,Weekend,2,8,8,2,3,18,24.5
151,Manhattan,Manhattan Valley,Weekend,3,8,8,1,1,14,21.5
151,Manhattan,Manhattan Valley,Weekend,4,8,8,1,1,18,25.0
151,Manhattan,Manhattan Valley,Weekend,5,8,8,4,3,20,26.0
151,Manhattan,Manhattan Valley,Weekend,6,8,8,4,3,34,39.5
151,Manhattan,Manhattan Valley,Weekend,7,8,8,2,2,47,55.0
151,Manhattan,Manhattan Valley,Weekend,8,8,8,1,0,58,66.5
151,Manhattan,Manhattan Valley,Weekend,9,8,8,0,1,85,92.0
151,Manhattan,Manhattan Valley,Weekend,10,8,8,1,0,96,110.0
151,Manhattan,Manhattan Valley,Weekend,11,8,8,2,1,97,112.5
151,Manhattan,Manhattan Valley,Weekend,12,8,8,5,4,88,120.5
151,Manhattan,Manhattan Valley,Weekend,13,8,8,8,4,99,114.5
151,Manhattan,Manhattan Valley,Weekend,14,8,8,5,3,91,108.5
151,Manhattan,Manhattan Valley,Weekend,15,8,8,4,1,90,112.0
151,Manhattan,Manhattan Valley,Weekend,16,8,8,5,3,88,121.0
151,Manhattan,Manhattan Valley,Weekend,17,8,8,6,1,102,109.0
151,Manhattan,Manhattan Valley,Weekend,18,8,8,6,3,73,107.5
151,Manhattan,Manhattan Valley,Weekend,19,8,8,4,2,85,108.5
151,Manhattan,Manhattan Valley,Weekend,20,8,8,4,5,70,111.5
151,Manhattan,Manhattan Valley,Weekend,21,8,8,3,3,66,97.0
151,Manhattan,Manhattan Valley,Weekend,22,8,8,0,2,53,78.0
151,Manhattan,Manhattan Valley,Weekend,23,8,8,1,4,35,60.5
152,Manhattan,Manhattanville,Weekday,0,22,22,10,8,25,40.0
152,Manhattan,Manhattanville,Weekday,1,22,22,14,10,14,24.5
152,Manhattan,Manhattanville,Weekday,2,22,22,12,9,6,16.0
152,Manhattan,Manhattanville,Weekday,3,22,22,14,16,8,16.5
152,Manhattan,Manhattanville,Weekday,4,22,22,16,17,8,19.0
152,Manhattan,Manhattanville,Weekday,5,22,22,21,16,11,23.5
152,Manhattan,Manhattanville,Weekday,6,22,22,15,14,34,49.0
152,Manhattan,Manhattanville,Weekday,7,22,22,14,12,52,91.5
152,Manhattan,Manhattanville,Weekday,8,22,22,6,6,90,112.5
152,Manhattan,Manhattanville,Weekday,9,22,22,3,5,60,84.5
152,Manhattan,Manhattanville,Weekday,10,22,22,4,3,58,68.5
152,Manhattan,Manhattanville,Weekday,11,22,22,6,8,43,63.5
152,Manhattan,Manhattanville,Weekday,12,22,22,6,6,47,71.0
152,Manhattan,Manhattanville,Weekday,13,22,22,9,10,58,75.5
152,Manhattan,Manhattanville,Weekday,14,22,22,11,10,64,82.0
152,Manhattan,Manhattanville,Weekday,15,22,22,18,11,66,83.5
152,Manhattan,Manhattanville,Weekday,16,22,22,19,20,61,98.0
152,Manhattan,Manhattanville,Weekday,17,22,22,21,20,80,114.5
152,Manhattan,Manhattanville,Weekday,18,22,22,21,20,65,97.0
152,Manhattan,Manhattanville,Weekday,19,22,22,22,21,70,90.0
152,Manhattan,Manhattanville,Weekday,20,22,22,20,18,66,87.0
152,Manhattan,Manhattanville,Weekday,21,22,22,18,13,78,92.5
152,Manhattan,Manhattanville,Weekday,22,22,22,17,13,53,76.0
152,Manhattan,Manhattanville,Weekday,23,22,22,15,11,42,69.0
152,Manhattan,Manhattanville,Weekend,0,8,8,4,3,54,69.5
152,Manhattan,Manhattanville,Weekend,1,8,8,2,5,36,45.0
152,Manhattan,Manhattanville,Weekend,2,8,8,2,3,23,33.5
152,Manhattan,Manhattanville,Weekend,3,8,8,2,2,15,28.5
152,Manhattan,Manhattanville,Weekend,4,8,8,2,3,22,25.0
152,Manhattan,Manhattanville,Weekend,5,8,8,4,7,19,22.5
152,Manhattan,Manhattanville,Weekend,6,8,8,6,6,28,37.0
152,Manhattan,Manhattanville,Weekend,7,8,8,5,4,34,42.5
152,Manhattan,Manhattanville,Weekend,8,8,8,6,4,40,57.0
152,Manhattan,Manhattanville,Weekend,9,8,8,4,2,48,77.0
152,Manhattan,Manhattanville,Weekend,10,8,8,2,3,56,71.0
152,Manhattan,Manhattanville,Weekend,11,8,8,5,5,58,76.0
152,Manhattan,Manhattanville,Weekend,12,8,8,7,8,66,76.0
152,Manhattan,Manhattanville,Weekend,13,8,8,8,6,66,80.0
152,Manhattan,Manhattanville,Weekend,14,8,8,6,5,58,67.0
152,Manhattan,Manhattanville,Weekend,15,8,8,7,5,59,79.5
152,Manhattan,Manhattanville,Weekend,16,8,8,8,7,55,82.5
152,Manhattan,Manhattanville,Weekend,17,8,8,7,7,55,75.0
152,Manhattan,Manhattanville,Weekend,18,8,8,8,7,62,81.0
152,Manhattan,Manhattanville,Weekend,19,8,8,8,7,56,77.5
152,Manhattan,Manhattanville,Weekend,20,8,8,6,6,53,77.0
152,Manhattan,Manhattanville,Weekend,21,8,8,5,5,55,85.0
152,Manhattan,Manhattanville,Weekend,22,8,8,5,3,53,78.5
152,Manhattan,Manhattanville,Weekend,23,8,8,4,4,53,74.5
153,Manhattan,Marble Hill,Weekday,0,22,22,15,11,4,12.0
153,Manhattan,Marble Hill,Weekday,1,22,22,16,12,2,6.0
153,Manhattan,Marble Hill,Weekday,2,22,22,19,12,1,4.0
153,Manhattan,Marble Hill,Weekday,3,22,22,15,9,1,3.0
153,Manhattan,Marble Hill,Weekday,4,22,22,19,11,2,5.0
153,Manhattan,Marble Hill,Weekday,5,22,22,11,12,4,9.0
153,Manhattan,Marble Hill,Weekday,6,22,22,10,6,10,18.5
153,Manhattan,Marble Hill,Weekday,7,22,22,19,13,14,30.5
153,Manhattan,Marble Hill,Weekday,8,22,22,13,7,31,44.0
153,Manhattan,Marble Hill,Weekday,9,22,22,9,6,22,28.0
153,Manhattan,Marble Hill,Weekday,10,22,22,9,12,15,26.5
153,Manhattan,Marble Hill,Weekday,11,22,22,11,16,8,24.5
153,Manhattan,Marble Hill,Weekday,12,22,22,13,15,20,28.5
153,Manhattan,Marble Hill,Weekday,13,22,22,10,10,17,32.0
153,Manhattan,Marble Hill,Weekday,14,22,22,13,10,24,33.0
153,Manhattan,Marble Hill,Weekday,15,22,22,16,16,24,33.5
153,Manhattan,Marble Hill,Weekday,16,22,22,18,18,32,40.5
153,Manhattan,Marble Hill,Weekday,17,22,22,20,17,31,45.0
153,Manhattan,Marble Hill,Weekday,18,22,22,17,14,37,45.5
153,Manhattan,Marble Hill,Weekday,19,22,22,17,14,29,43.5
153,Manhattan,Marble Hill,Weekday,20,22,22,16,13,28,42.0
153,Manhattan,Marble Hill,Weekday,21,22,22,19,12,24,39.0
153,Manhattan,Marble Hill,Weekday,22,22,22,8,7,27,32.0
153,Manhattan,Marble Hill,Weekday,23,22,22,14,8,13,26.0
153,Manhattan,Marble Hill,Weekend,0,8,8,5,3,23,28.5
153,Manhattan,Marble Hill,Weekend,1,8,8,6,6,9,17.5
153,Manhattan,Marble Hill,Weekend,2,8,8,5,5,5,8.0
153,Manhattan,Marble Hill,Weekend,3,8,8,6,3,3,7.0
153,Manhattan,Marble Hill,Weekend,4,8,8,7,3,4,8.5
153,Manhattan,Marble Hill,Weekend,5,8,8,7,5,4,11.0
153,Manhattan,Marble Hill,Weekend,6,8,8,4,4,7,12.5
153,Manhattan,Marble Hill,Weekend,7,8,8,4,4,13,20.5
153,Manhattan,Marble Hill,Weekend,8,8,8,4,4,9,22.5
153,Manhattan,Marble Hill,Weekend,9,8,8,6,5,21,28.5
153,Manhattan,Marble Hill,Weekend,10,8,8,5,6,15,29.5
153,Manhattan,Marble Hill,Weekend,11,8,8,5,6,26,36.5
153,Manhattan,Marble Hill,Weekend,12,8,8,6,6,30,38.5
153,Manhattan,Marble Hill,Weekend,13,8,8,6,6,16,41.5
153,Manhattan,Marble Hill,Weekend,14,8,8,6,6,26,45.0
153,Manhattan,Marble Hill,Weekend,15,8,8,7,6,37,51.5
153,Manhattan,Marble Hill,Weekend,16,8,8,8,5,32,45.5
153,Manhattan,Marble Hill,Weekend,17,8,8,7,5,23,43.5
153,Manhattan,Marble Hill,Weekend,18,8,8,7,4,18,43.0
153,Manhattan,Marble Hill,Weekend,19,8,8,8,7,25,47.0
153,Manhattan,Marble Hill,Weekend,20,8,8,7,4,27,42.0
153,Manhattan,Marble Hill,Weekend,21,8,8,7,4,18,43.0
153,Manhattan,Marble Hill,Weekend,22,8,8,7,2,28,39.5
153,Manhattan,Marble Hill,Weekend,23,8,8,7,4,16,33.0
154,Brooklyn,Marine Park/Floyd Bennett Field,Weekday,0,10,22,7,1,1,1.0
154,Brooklyn,Marine Park/Floyd Bennett Field,Weekday,1,7,22,5,1,1,1.0
154,Brooklyn,Marine Park/Floyd Bennett Field,Weekday,2,3,22,1,1,1,1.0
154,Brooklyn,Marine Park/Floyd Bennett Field,Weekday,3,5,22,4,1,1,1.0
154,Brooklyn,Marine Park/Floyd Bennett Field,Weekday,4,6,22,3,1,1,1.0
154,Brooklyn,Marine Park/Floyd Bennett Field,Weekday,5,5,22,2,1,1,1.0
154,Brooklyn,Marine Park/Floyd Bennett Field,Weekday,6,8,22,6,2,1,1.0
154,Brooklyn,Marine Park/Floyd Bennett Field,Weekday,7,19,22,16,9,1,2.0
154,Brooklyn,Marine Park/Floyd Bennett Field,Weekday,8,18,22,15,6,1,2.0
154,Brooklyn,Marine Park/Floyd Bennett Field,Weekday,9,19,22,13,2,1,2.0
154,Brooklyn,Marine Park/Floyd Bennett Field,Weekday,10,20,22,10,3,1,2.5
154,Brooklyn,Marine Park/Floyd Bennett Field,Weekday,11,21,22,17,6,1,2.0
154,Brooklyn,Marine Park/Floyd Bennett Field,Weekday,12,19,22,14,7,1,2.0
154,Brooklyn,Marine Park/Floyd Bennett Field,Weekday,13,20,22,12,6,1,3.0
154,Brooklyn,Marine Park/Floyd Bennett Field,Weekday,14,21,22,12,9,1,3.0
154,Brooklyn,Marine Park/Floyd Bennett Field,Weekday,15,22,22,18,8,1,4.0
154,Brooklyn,Marine Park/Floyd Bennett Field,Weekday,16,22,22,17,4,2,4.0
154,Brooklyn,Marine Park/Floyd Bennett Field,Weekday,17,22,22,16,5,1,5.0
154,Brooklyn,Marine Park/Floyd Bennett Field,Weekday,18,20,22,13,10,1,4.5
154,Brooklyn,Marine Park/Floyd Bennett Field,Weekday,19,19,22,17,4,2,4.0
154,Brooklyn,Marine Park/Floyd Bennett Field,Weekday,20,19,22,13,6,1,2.0
154,Brooklyn,Marine Park/Floyd Bennett Field,Weekday,21,20,22,12,7,1,1.0
154,Brooklyn,Marine Park/Floyd Bennett Field,Weekday,22,22,22,17,7,1,1.5
154,Brooklyn,Marine Park/Floyd Bennett Field,Weekday,23,16,22,14,5,1,1.0
154,Brooklyn,Marine Park/Floyd Bennett Field,Weekend,0,7,8,7,4,1,2.0
154,Brooklyn,Marine Park/Floyd Bennett Field,Weekend,1,7,8,3,2,1,1.0
154,Brooklyn,Marine Park/Floyd Bennett Field,Weekend,2,5,8,4,3,1,2.0
154,Brooklyn,Marine Park/Floyd Bennett Field,Weekend,3,2,8,2,1,1,1.0
154,Brooklyn,Marine Park/Floyd Bennett Field,Weekend,4,2,8,1,1,1,6.0
154,Brooklyn,Marine Park/Floyd Bennett Field,Weekend,5,1,8,0,0,1,1.0
154,Brooklyn,Marine Park/Floyd Bennett Field,Weekend,6,4,8,2,1,1,1.0
154,Brooklyn,Marine Park/Floyd Bennett Field,Weekend,7,6,8,1,0,1,1.0
154,Brooklyn,Marine Park/Floyd Bennett Field,Weekend,8,4,8,2,2,1,2.5
154,Brooklyn,Marine Park/Floyd Bennett Field,Weekend,9,6,8,5,5,1,2.0
154,Brooklyn,Marine Park/Floyd Bennett Field,Weekend,10,6,8,3,0,1,2.0
154,Brooklyn,Marine Park/Floyd Bennett Field,Weekend,11,6,8,3,4,2,3.5
154,Brooklyn,Marine Park/Floyd Bennett Field,Weekend,12,8,8,5,3,2,4.0
154,Brooklyn,Marine Park/Floyd Bennett Field,Weekend,13,7,8,6,4,4,6.0
154,Brooklyn,Marine Park/Floyd Bennett Field,Weekend,14,8,8,7,5,1,3.5
154,Brooklyn,Marine Park/Floyd Bennett Field,Weekend,15,8,8,6,3,1,6.0
154,Brooklyn,Marine Park/Floyd Bennett Field,Weekend,16,8,8,5,5,1,5.0
154,Brooklyn,Marine Park/Floyd Bennett Field,Weekend,17,8,8,7,2,3,7.0
154,Brooklyn,Marine Park/Floyd Bennett Field,Weekend,18,8,8,7,4,1,5.0
154,Brooklyn,Marine Park/Floyd Bennett Field,Weekend,19,8,8,8,7,3,5.5
154,Brooklyn,Marine Park/Floyd Bennett Field,Weekend,20,8,8,7,5,1,2.5
154,Brooklyn,Marine Park/Floyd Bennett Field,Weekend,21,8,8,8,5,1,2.0
154,Brooklyn,Marine Park/Floyd Bennett Field,Weekend,22,7,8,7,4,1,2.0
154,Brooklyn,Marine Park/Floyd Bennett Field,Weekend,23,7,8,4,4,1,2.0
155,Brooklyn,Marine Park/Mill Basin,Weekday,0,22,22,22,19,9,22.5
155,Brooklyn,Marine Park/Mill Basin,Weekday,1,22,22,21,16,7,12.0
155,Brooklyn,Marine Park/Mill Basin,Weekday,2,22,22,22,21,4,9.0
155,Brooklyn,Marine Park/Mill Basin,Weekday,3,22,22,20,18,2,10.0
155,Brooklyn,Marine Park/Mill Basin,Weekday,4,22,22,20,17,10,18.0
155,Brooklyn,Marine Park/Mill Basin,Weekday,5,22,22,19,18,19,36.5
155,Brooklyn,Marine Park/Mill Basin,Weekday,6,22,22,18,15,48,78.5
155,Brooklyn,Marine Park/Mill Basin,Weekday,7,22,22,22,21,68,113.5
155,Brooklyn,Marine Park/Mill Basin,Weekday,8,22,22,16,13,76,129.5
155,Brooklyn,Marine Park/Mill Basin,Weekday,9,22,22,20,12,81,113.5
155,Brooklyn,Marine Park/Mill Basin,Weekday,10,22,22,21,17,65,85.0
155,Brooklyn,Marine Park/Mill Basin,Weekday,11,22,22,20,14,61,85.5
155,Brooklyn,Marine Park/Mill Basin,Weekday,12,22,22,15,14,73,97.5
155,Brooklyn,Marine Park/Mill Basin,Weekday,13,22,22,21,18,87,104.0
155,Brooklyn,Marine Park/Mill Basin,Weekday,14,22,22,17,12,85,122.5
155,Brooklyn,Marine Park/Mill Basin,Weekday,15,22,22,11,10,90,111.0
155,Brooklyn,Marine Park/Mill Basin,Weekday,16,22,22,12,9,96,115.0
155,Brooklyn,Marine Park/Mill Basin,Weekday,17,22,22,18,16,98,131.5
155,Brooklyn,Marine Park/Mill Basin,Weekday,18,22,22,16,12,98,113.5
155,Brooklyn,Marine Park/Mill Basin,Weekday,19,22,22,21,14,82,92.0
155,Brooklyn,Marine Park/Mill Basin,Weekday,20,22,22,22,19,60,93.0
155,Brooklyn,Marine Park/Mill Basin,Weekday,21,22,22,21,16,61,81.5
155,Brooklyn,Marine Park/Mill Basin,Weekday,22,22,22,19,15,38,62.5
155,Brooklyn,Marine Park/Mill Basin,Weekday,23,22,22,18,15,19,39.0
155,Brooklyn,Marine Park/Mill Basin,Weekend,0,8,8,7,7,33,47.5
155,Brooklyn,Marine Park/Mill Basin,Weekend,1,8,8,7,3,20,31.5
155,Brooklyn,Marine Park/Mill Basin,Weekend,2,8,8,8,3,13,27.0
155,Brooklyn,Marine Park/Mill Basin,Weekend,3,8,8,7,5,18,20.0
155,Brooklyn,Marine Park/Mill Basin,Weekend,4,8,8,7,4,12,16.0
155,Brooklyn,Marine Park/Mill Basin,Weekend,5,8,8,5,4,13,21.5
155,Brooklyn,Marine Park/Mill Basin,Weekend,6,8,8,4,5,33,36.0
155,Brooklyn,Marine Park/Mill Basin,Weekend,7,8,8,6,7,37,42.0
155,Brooklyn,Marine Park/Mill Basin,Weekend,8,8,8,8,5,40,60.5
155,Brooklyn,Marine Park/Mill Basin,Weekend,9,8,8,5,5,62,74.0
155,Brooklyn,Marine Park/Mill Basin,Weekend,10,8,8,5,4,60,80.0
155,Brooklyn,Marine Park/Mill Basin,Weekend,11,8,8,5,3,67,86.0
155,Brooklyn,Marine Park/Mill Basin,Weekend,12,8,8,5,4,95,105.0
155,Brooklyn,Marine Park/Mill Basin,Weekend,13,8,8,2,3,90,108.0
155,Brooklyn,Marine Park/Mill Basin,Weekend,14,8,8,2,3,89,118.0
155,Brooklyn,Marine Park/Mill Basin,Weekend,15,8,8,4,2,88,117.0
155,Brooklyn,Marine Park/Mill Basin,Weekend,16,8,8,5,6,75,111.0
155,Brooklyn,Marine Park/Mill Basin,Weekend,17,8,8,8,8,69,127.0
155,Brooklyn,Marine Park/Mill Basin,Weekend,18,8,8,8,7,61,129.0
155,Brooklyn,Marine Park/Mill Basin,Weekend,19,8,8,8,8,69,120.5
155,Brooklyn,Marine Park/Mill Basin,Weekend,20,8,8,8,7,81,108.0
155,Brooklyn,Marine Park/Mill Basin,Weekend,21,8,8,8,7,55,101.0
155,Brooklyn,Marine Park/Mill Basin,Weekend,22,8,8,8,7,52,78.0
155,Brooklyn,Marine Park/Mill Basin,Weekend,23,8,8,7,6,34,64.0
156,Staten Island,Mariners Harbor,Weekday,0,22,22,20,17,13,18.5
156,Staten Island,Mariners Harbor,Weekday,1,22,22,22,19,6,10.0
156,Staten Island,Mariners Harbor,Weekday,2,22,22,21,19,2,6.0
156,Staten Island,Mariners Harbor,Weekday,3,22,22,17,16,3,6.0
156,Staten Island,Mariners Harbor,Weekday,4,22,22,20,11,5,12.0
156,Staten Island,Mariners Harbor,Weekday,5,22,22,19,15,20,25.5
156,Staten Island,Mariners Harbor,Weekday,6,22,22,19,15,35,52.5
156,Staten Island,Mariners Harbor,Weekday,7,22,22,14,14,46,76.0
156,Staten Island,Mariners Harbor,Weekday,8,22,22,12,12,64,81.5
156,Staten Island,Mariners Harbor,Weekday,9,22,22,18,17,41,63.5
156,Staten Island,Mariners Harbor,Weekday,10,22,22,20,16,31,48.5
156,Staten Island,Mariners Harbor,Weekday,11,22,22,21,19,35,49.0
156,Staten Island,Mariners Harbor,Weekday,12,22,22,22,19,34,44.0
156,Staten Island,Mariners Harbor,Weekday,13,22,22,20,20,43,55.5
156,Staten Island,Mariners Harbor,Weekday,14,22,22,20,18,40,66.5
156,Staten Island,Mariners Harbor,Weekday,15,22,22,19,18,37,59.0
156,Staten Island,Mariners Harbor,Weekday,16,22,22,19,16,39,57.0
156,Staten Island,Mariners Harbor,Weekday,17,22,22,14,13,52,63.5
156,Staten Island,Mariners Harbor,Weekday,18,22,22,18,13,41,49.5
156,Staten Island,Mariners Harbor,Weekday,19,22,22,22,11,25,44.5
156,Staten Island,Mariners Harbor,Weekday,20,22,22,21,12,26,39.5
156,Staten Island,Mariners Harbor,Weekday,21,22,22,20,14,31,40.0
156,Staten Island,Mariners Harbor,Weekday,22,22,22,19,15,28,39.0
156,Staten Island,Mariners Harbor,Weekday,23,22,22,20,19,18,29.0
156,Staten Island,Mariners Harbor,Weekend,0,8,8,8,8,16,25.0
156,Staten Island,Mariners Harbor,Weekend,1,8,8,8,7,11,18.0
156,Staten Island,Mariners Harbor,Weekend,2,8,8,8,7,8,13.0
156,Staten Island,Mariners Harbor,Weekend,3,8,8,7,7,6,9.5
156,Staten Island,Mariners Harbor,Weekend,4,8,8,8,5,7,13.0
156,Staten Island,Mariners Harbor,Weekend,5,8,8,7,8,11,16.5
156,Staten Island,Mariners Harbor,Weekend,6,8,8,5,4,25,31.0
156,Staten Island,Mariners Harbor,Weekend,7,8,8,8,3,36,41.0
156,Staten Island,Mariners Harbor,Weekend,8,8,8,7,5,36,42.5
156,Staten Island,Mariners Harbor,Weekend,9,8,8,7,4,45,52.0
156,Staten Island,Mariners Harbor,Weekend,10,8,8,8,6,43,53.5
156,Staten Island,Mariners Harbor,Weekend,11,8,8,8,7,37,53.5
156,Staten Island,Mariners Harbor,Weekend,12,8,8,6,6,41,50.5
156,Staten Island,Mariners Harbor,Weekend,13,8,8,4,3,38,51.0
156,Staten Island,Mariners Harbor,Weekend,14,8,8,5,5,41,62.5
156,Staten Island,Mariners Harbor,Weekend,15,8,8,6,5,41,53.0
156,Staten Island,Mariners Harbor,Weekend,16,8,8,7,7,47,58.0
156,Staten Island,Mariners Harbor,Weekend,17,8,8,5,5,39,50.5
156,Staten Island,Mariners Harbor,Weekend,18,8,8,6,6,36,49.0
156,Staten Island,Mariners Harbor,Weekend,19,8,8,5,3,36,47.5
156,Staten Island,Mariners Harbor,Weekend,20,8,8,8,7,36,46.0
156,Staten Island,Mariners Harbor,Weekend,21,8,8,8,6,33,42.0
156,Staten Island,Mariners Harbor,Weekend,22,8,8,8,5,25,38.5
156,Staten Island,Mariners Harbor,Weekend,23,8,8,8,8,26,30.5
157,Queens,Maspeth,Weekday,0,22,22,5,8,14,28.5
157,Queens,Maspeth,Weekday,1,22,22,10,5,10,21.0
157,Queens,Maspeth,Weekday,2,22,22,15,13,8,14.0
157,Queens,Maspeth,Weekday,3,22,22,12,7,12,18.5
157,Queens,Maspeth,Weekday,4,22,22,7,4,21,32.0
157,Queens,Maspeth,Weekday,5,22,22,4,2,50,64.0
157,Queens,Maspeth,Weekday,6,22,22,7,5,73,102.5
157,Queens,Maspeth,Weekday,7,22,22,16,7,81,142.0
157,Queens,Maspeth,Weekday,8,22,22,13,14,115,146.5
157,Queens,Maspeth,Weekday,9,22,22,20,16,94,114.0
157,Queens,Maspeth,Weekday,10,22,22,19,12,72,89.5
157,Queens,Maspeth,Weekday,11,22,22,22,19,63,85.5
157,Queens,Maspeth,Weekday,12,22,22,17,13,55,74.5
157,Queens,Maspeth,Weekday,13,22,22,17,9,59,81.5
157,Queens,Maspeth,Weekday,14,22,22,16,11,75,99.0
157,Queens,Maspeth,Weekday,15,22,22,9,6,64,83.0
157,Queens,Maspeth,Weekday,16,22,22,7,8,59,85.0
157,Queens,Maspeth,Weekday,17,22,22,7,6,64,74.5
157,Queens,Maspeth,Weekday,18,22,22,10,8,55,82.5
157,Queens,Maspeth,Weekday,19,22,22,15,3,56,68.5
157,Queens,Maspeth,Weekday,20,22,22,15,11,46,65.5
157,Queens,Maspeth,Weekday,21,22,22,9,7,43,56.0
157,Queens,Maspeth,Weekday,22,22,22,3,5,37,56.5
157,Queens,Maspeth,Weekday,23,22,22,4,3,30,42.5
157,Queens,Maspeth,Weekend,0,8,8,0,0,88,105.5
157,Queens,Maspeth,Weekend,1,8,8,0,0,100,125.5
157,Queens,Maspeth,Weekend,2,8,8,7,4,125,179.5
157,Queens,Maspeth,Weekend,3,8,8,8,8,155,260.5
157,Queens,Maspeth,Weekend,4,8,8,8,8,171,239.0
157,Queens,Maspeth,Weekend,5,8,8,6,3,154,195.5
157,Queens,Maspeth,Weekend,6,8,8,7,3,121,146.0
157,Queens,Maspeth,Weekend,7,8,8,7,4,89,125.5
157,Queens,Maspeth,Weekend,8,8,8,7,5,68,103.0
157,Queens,Maspeth,Weekend,9,8,8,7,7,90,109.5
157,Queens,Maspeth,Weekend,10,8,8,8,5,85,111.5
157,Queens,Maspeth,Weekend,11,8,8,8,7,105,109.5
157,Queens,Maspeth,Weekend,12,8,8,6,2,85,106.5
157,Queens,Maspeth,Weekend,13,8,8,5,1,93,105.5
157,Queens,Maspeth,Weekend,14,8,8,4,1,88,109.5
157,Queens,Maspeth,Weekend,15,8,8,5,4,92,105.5
157,Queens,Maspeth,Weekend,16,8,8,5,2,77,90.0
157,Queens,Maspeth,Weekend,17,8,8,5,3,74,105.5
157,Queens,Maspeth,Weekend,18,8,8,5,4,76,108.0
157,Queens,Maspeth,Weekend,19,8,8,7,3,56,134.0
157,Queens,Maspeth,Weekend,20,8,8,6,5,84,122.5
157,Queens,Maspeth,Weekend,21,8,8,6,6,59,110.0
157,Queens,Maspeth,Weekend,22,8,8,5,5,54,124.5
157,Queens,Maspeth,Weekend,23,8,8,0,0,32,81.5
158,Manhattan,Meatpacking/West Village West,Weekday,0,22,22,2,1,21,65.5
158,Manhattan,Meatpacking/West Village West,Weekday,1,22,22,4,2,11,26.0
158,Manhattan,Meatpacking/West Village West,Weekday,2,22,22,4,3,5,12.5
158,Manhattan,Meatpacking/West Village West,Weekday,3,22,22,7,7,2,6.5
158,Manhattan,Meatpacking/West Village West,Weekday,4,22,22,2,5,12,22.0
158,Manhattan,Meatpacking/West Village West,Weekday,5,22,22,6,1,29,43.0
158,Manhattan,Meatpacking/West Village West,Weekday,6,22,22,5,0,43,84.5
158,Manhattan,Meatpacking/West Village West,Weekday,7,22,22,0,0,76,147.0
158,Manhattan,Meatpacking/West Village West,Weekday,8,22,22,1,0,116,193.0
158,Manhattan,Meatpacking/West Village West,Weekday,9,22,22,0,0,108,168.0
158,Manhattan,Meatpacking/West Village West,Weekday,10,22,22,0,0,90,124.5
158,Manhattan,Meatpacking/West Village West,Weekday,11,22,22,0,0,99,125.0
158,Manhattan,Meatpacking/West Village West,Weekday,12,22,22,0,0,100,130.0
158,Manhattan,Meatpacking/West Village West,Weekday,13,22,22,0,0,102,135.0
158,Manhattan,Meatpacking/West Village West,Weekday,14,22,22,0,0,102,147.5
158,Manhattan,Meatpacking/West Village West,Weekday,15,22,22,0,0,115,156.5
158,Manhattan,Meatpacking/West Village West,Weekday,16,22,22,1,0,131,168.0
158,Manhattan,Meatpacking/West Village West,Weekday,17,22,22,0,0,161,217.5
158,Manhattan,Meatpacking/West Village West,Weekday,18,22,22,0,0,158,241.5
158,Manhattan,Meatpacking/West Village West,Weekday,19,22,22,0,0,170,259.5
158,Manhattan,Meatpacking/West Village West,Weekday,20,22,22,0,0,190,289.0
158,Manhattan,Meatpacking/West Village West,Weekday,21,22,22,6,2,173,299.0
158,Manhattan,Meatpacking/West Village West,Weekday,22,22,22,12,1,131,269.0
158,Manhattan,Meatpacking/West Village West,Weekday,23,22,22,8,0,87,209.0
158,Manhattan,Meatpacking/West Village West,Weekend,0,8,8,5,4,279,333.5
158,Manhattan,Meatpacking/West Village West,Weekend,1,8,8,7,4,258,301.0
158,Manhattan,Meatpacking/West Village West,Weekend,2,8,8,5,1,118,208.0
158,Manhattan,Meatpacking/West Village West,Weekend,3,8,8,3,1,70,110.0
158,Manhattan,Meatpacking/West Village West,Weekend,4,8,8,3,3,21,36.0
158,Manhattan,Meatpacking/West Village West,Weekend,5,8,8,0,0,20,26.0
158,Manhattan,Meatpacking/West Village West,Weekend,6,8,8,1,0,26,31.0
158,Manhattan,Meatpacking/West Village West,Weekend,7,8,8,0,0,26,43.5
158,Manhattan,Meatpacking/West Village West,Weekend,8,8,8,0,1,54,67.5
158,Manhattan,Meatpacking/West Village West,Weekend,9,8,8,0,0,83,111.5
158,Manhattan,Meatpacking/West Village West,Weekend,10,8,8,0,0,111,147.5
158,Manhattan,Meatpacking/West Village West,Weekend,11,8,8,0,0,140,178.5
158,Manhattan,Meatpacking/West Village West,Weekend,12,8,8,0,0,137,205.0
158,Manhattan,Meatpacking/West Village West,Weekend,13,8,8,0,0,169,200.5
158,Manhattan,Meatpacking/West Village West,Weekend,14,8,8,0,0,169,205.5
158,Manhattan,Meatpacking/West Village West,Weekend,15,8,8,0,0,184,194.5
158,Manhattan,Meatpacking/West Village West,Weekend,16,8,8,0,1,194,254.0
158,Manhattan,Meatpacking/West Village West,Weekend,17,8,8,0,0,184,280.5
158,Manhattan,Meatpacking/West Village West,Weekend,18,8,8,0,0,161,241.5
158,Manhattan,Meatpacking/West Village West,Weekend,19,8,8,0,0,156,252.0
158,Manhattan,Meatpacking/West Village West,Weekend,20,8,8,0,0,169,258.0
158,Manhattan,Meatpacking/West Village West,Weekend,21,8,8,0,0,132,247.0
158,Manhattan,Meatpacking/West Village West,Weekend,22,8,8,0,0,91,267.5
158,Manhattan,Meatpacking/West Village West,Weekend,23,8,8,0,0,69,213.5
159,Bronx,Melrose South,Weekday,0,22,22,9,7,61,87.0
159,Bronx,Melrose South,Weekday,1,22,22,9,13,32,50.0
159,Bronx,Melrose South,Weekday,2,22,22,10,13,26,36.0
159,Bronx,Melrose South,Weekday,3,22,22,17,16,25,36.0
159,Bronx,Melrose South,Weekday,4,22,22,20,17,28,38.0
159,Bronx,Melrose South,Weekday,5,22,22,19,21,50,67.5
159,Bronx,Melrose South,Weekday,6,22,22,17,17,99,133.0
159,Bronx,Melrose South,Weekday,7,22,22,7,7,157,233.0
159,Bronx,Melrose South,Weekday,8,22,22,6,5,164,233.5
159,Bronx,Melrose South,Weekday,9,22,22,3,5,130,162.5
159,Bronx,Melrose South,Weekday,10,22,22,3,11,120,142.0
159,Bronx,Melrose South,Weekday,11,22,22,10,12,112,150.5
159,Bronx,Melrose South,Weekday,12,22,22,9,16,117,158.0
159,Bronx,Melrose South,Weekday,13,22,22,19,16,136,168.5
159,Bronx,Melrose South,Weekday,14,22,22,13,13,140,185.0
159,Bronx,Melrose South,Weekday,15,22,22,21,17,157,208.0
159,Bronx,Melrose South,Weekday,16,22,22,22,19,169,214.0
159,Bronx,Melrose South,Weekday,17,22,22,22,22,173,210.0
159,Bronx,Melrose South,Weekday,18,22,22,17,15,137,195.5
159,Bronx,Melrose South,Weekday,19,22,22,21,21,132,175.0
159,Bronx,Melrose South,Weekday,20,22,22,20,18,132,167.0
159,Bronx,Melrose South,Weekday,21,22,22,7,8,103,129.5
159,Bronx,Melrose South,Weekday,22,22,22,15,16,87,129.5
159,Bronx,Melrose South,Weekday,23,22,22,15,14,94,128.0
159,Bronx,Melrose South,Weekend,0,8,8,5,7,114,134.5
159,Bronx,Melrose South,Weekend,1,8,8,4,7,81,94.5
159,Bronx,Melrose South,Weekend,2,8,8,3,3,59,78.0
159,Bronx,Melrose South,Weekend,3,8,8,1,4,49,63.5
159,Bronx,Melrose South,Weekend,4,8,8,1,2,52,56.5
159,Bronx,Melrose South,Weekend,5,8,8,6,7,56,71.0
159,Bronx,Melrose South,Weekend,6,8,8,8,8,76,90.0
159,Bronx,Melrose South,Weekend,7,8,8,5,8,91,110.5
159,Bronx,Melrose South,Weekend,8,8,8,5,6,89,119.5
159,Bronx,Melrose South,Weekend,9,8,8,5,7,89,136.0
159,Bronx,Melrose South,Weekend,10,8,8,5,7,122,145.5
159,Bronx,Melrose South,Weekend,11,8,8,7,5,113,152.0
159,Bronx,Melrose South,Weekend,12,8,8,6,5,133,153.5
159,Bronx,Melrose South,Weekend,13,8,8,6,5,123,172.0
159,Bronx,Melrose South,Weekend,14,8,8,7,8,126,173.5
159,Bronx,Melrose South,Weekend,15,8,8,8,8,135,175.5
159,Bronx,Melrose South,Weekend,16,8,8,7,7,131,162.5
159,Bronx,Melrose South,Weekend,17,8,8,7,3,119,144.5
159,Bronx,Melrose South,Weekend,18,8,8,6,7,121,156.0
159,Bronx,Melrose South,Weekend,19,8,8,7,6,142,166.0
159,Bronx,Melrose South,Weekend,20,8,8,8,7,142,171.5
159,Bronx,Melrose South,Weekend,21,8,8,7,7,123,169.0
159,Bronx,Melrose South,Weekend,22,8,8,4,5,102,149.0
159,Bronx,Melrose South,Weekend,23,8,8,3,3,112,150.0
160,Queens,Middle Village,Weekday,0,22,22,15,9,10,22.0
160,Queens,Middle Village,Weekday,1,22,22,16,12,5,15.0
160,Queens,Middle Village,Weekday,2,22,22,21,15,7,10.5
160,Queens,Middle Village,Weekday,3,22,22,17,13,4,12.0
160,Queens,Middle Village,Weekday,4,22,22,16,10,14,20.0
160,Queens,Middle Village,Weekday,5,22,22,17,14,34,48.0
160,Queens,Middle Village,Weekday,6,22,22,18,9,58,87.0
160,Queens,Middle Village,Weekday,7,22,22,20,11,80,118.0
160,Queens,Middle Village,Weekday,8,22,22,14,8,104,136.5
160,Queens,Middle Village,Weekday,9,22,22,17,13,82,108.5
160,Queens,Middle Village,Weekday,10,22,22,18,13,63,76.5
160,Queens,Middle Village,Weekday,11,22,22,19,14,55,68.5
160,Queens,Middle Village,Weekday,12,22,22,20,13,49,63.0
160,Queens,Middle Village,Weekday,13,22,22,16,12,54,65.5
160,Queens,Middle Village,Weekday,14,22,22,18,11,60,82.5
160,Queens,Middle Village,Weekday,15,22,22,15,10,51,78.0
160,Queens,Middle Village,Weekday,16,22,22,12,8,54,75.0
160,Queens,Middle Village,Weekday,17,22,22,7,10,55,78.5
160,Queens,Middle Village,Weekday,18,22,22,16,11,58,75.5
160,Queens,Middle Village,Weekday,19,22,22,20,11,48,63.5
160,Queens,Middle Village,Weekday,20,22,22,19,11,41,56.5
160,Queens,Middle Village,Weekday,21,22,22,18,12,36,57.0
160,Queens,Middle Village,Weekday,22,22,22,16,11,27,44.0
160,Queens,Middle Village,Weekday,23,22,22,14,7,24,35.5
160,Queens,Middle Village,Weekend,0,8,8,2,2,40,61.0
160,Queens,Middle Village,Weekend,1,8,8,5,4,22,38.0
160,Queens,Middle Village,Weekend,2,8,8,6,3,21,30.5
160,Queens,Middle Village,Weekend,3,8,8,7,2,11,25.5
160,Queens,Middle Village,Weekend,4,8,8,5,4,16,24.0
160,Queens,Middle Village,Weekend,5,8,8,6,4,27,36.5
160,Queens,Middle Village,Weekend,6,8,8,7,5,31,42.5
160,Queens,Middle Village,Weekend,7,8,8,3,4,49,54.0
160,Queens,Middle Village,Weekend,8,8,8,8,6,51,81.0
160,Queens,Middle Village,Weekend,9,8,8,6,5,66,84.5
160,Queens,Middle Village,Weekend,10,8,8,7,4,70,84.5
160,Queens,Middle Village,Weekend,11,8,8,8,6,72,89.5
160,Queens,Middle Village,Weekend,12,8,8,5,4,77,91.5
160,Queens,Middle Village,Weekend,13,8,8,3,1,71,86.5
160,Queens,Middle Village,Weekend,14,8,8,5,2,82,96.0
160,Queens,Middle Village,Weekend,15,8,8,4,3,62,90.0
160,Queens,Middle Village,Weekend,16,8,8,2,3,69,88.5
160,Queens,Middle Village,Weekend,17,8,8,8,5,56,90.0
160,Queens,Middle Village,Weekend,18,8,8,7,5,65,94.5
160,Queens,Middle Village,Weekend,19,8,8,7,6,71,108.0
160,Queens,Middle Village,Weekend,20,8,8,8,8,66,89.0
160,Queens,Middle Village,Weekend,21,8,8,8,8,57,76.5
160,Queens,Middle Village,Weekend,22,8,8,7,7,47,80.5
160,Queens,Middle Village,Weekend,23,8,8,7,5,40,71.0
161,Manhattan,Midtown Center,Weekday,0,22,22,0,1,65,358.0
161,Manhattan,Midtown Center,Weekday,1,22,22,0,0,39,207.5
161,Manhattan,Midtown Center,Weekday,2,22,22,0,0,23,131.5
161,Manhattan,Midtown Center,Weekday,3,22,22,0,1,24,75.5
161,Manhattan,Midtown Center,Weekday,4,22,22,0,0,13,50.5
161,Manhattan,Midtown Center,Weekday,5,22,22,0,0,20,47.5
161,Manhattan,Midtown Center,Weekday,6,22,22,0,0,40,70.5
161,Manhattan,Midtown Center,Weekday,7,22,22,0,0,66,117.5
161,Manhattan,Midtown Center,Weekday,8,22,22,0,0,96,170.5
161,Manhattan,Midtown Center,Weekday,9,22,22,0,0,142,206.0
161,Manhattan,Midtown Center,Weekday,10,22,22,0,1,186,239.5
161,Manhattan,Midtown Center,Weekday,11,22,22,0,4,254,318.0
161,Manhattan,Midtown Center,Weekday,12,22,22,0,4,242,337.0
161,Manhattan,Midtown Center,Weekday,13,22,22,1,3,287,389.0
161,Manhattan,Midtown Center,Weekday,14,22,22,1,1,291,407.5
161,Manhattan,Midtown Center,Weekday,15,22,22,0,2,273,427.0
161,Manhattan,Midtown Center,Weekday,16,22,22,0,2,336,513.5
161,Manhattan,Midtown Center,Weekday,17,22,22,3,4,369,607.0
161,Manhattan,Midtown Center,Weekday,18,22,22,2,2,389,584.0
161,Manhattan,Midtown Center,Weekday,19,22,22,0,1,353,707.0
161,Manhattan,Midtown Center,Weekday,20,22,22,12,5,321,1021.0
161,Manhattan,Midtown Center,Weekday,21,22,22,15,13,359,913.0
161,Manhattan,Midtown Center,Weekday,22,22,22,15,12,365,753.0
161,Manhattan,Midtown Center,Weekday,23,22,22,4,3,301,527.0
161,Manhattan,Midtown Center,Weekend,0,8,8,0,2,213,274.0
161,Manhattan,Midtown Center,Weekend,1,8,8,0,0,114,156.0
161,Manhattan,Midtown Center,Weekend,2,8,8,0,0,51,78.0
161,Manhattan,Midtown Center,Weekend,3,8,8,1,0,42,50.0
161,Manhattan,Midtown Center,Weekend,4,8,8,1,1,22,46.5
161,Manhattan,Midtown Center,Weekend,5,8,8,0,1,20,32.0
161,Manhattan,Midtown Center,Weekend,6,8,8,0,0,32,49.5
161,Manhattan,Midtown Center,Weekend,7,8,8,0,0,43,64.5
161,Manhattan,Midtown Center,Weekend,8,8,8,1,0,75,98.0
161,Manhattan,Midtown Center,Weekend,9,8,8,1,2,110,132.0
161,Manhattan,Midtown Center,Weekend,10,8,8,0,1,150,206.0
161,Manhattan,Midtown Center,Weekend,11,8,8,0,0,199,272.0
161,Manhattan,Midtown Center,Weekend,12,8,8,1,1,264,277.5
161,Manhattan,Midtown Center,Weekend,13,8,8,0,1,241,304.0
161,Manhattan,Midtown Center,Weekend,14,8,8,0,0,213,290.5
161,Manhattan,Midtown Center,Weekend,15,8,8,0,2,231,300.5
161,Manhattan,Midtown Center,Weekend,16,8,8,1,1,276,356.0
161,Manhattan,Midtown Center,Weekend,17,8,8,0,0,297,366.0
161,Manhattan,Midtown Center,Weekend,18,8,8,0,0,272,354.5
161,Manhattan,Midtown Center,Weekend,19,8,8,0,0,256,358.5
161,Manhattan,Midtown Center,Weekend,20,8,8,0,0,249,307.0
161,Manhattan,Midtown Center,Weekend,21,8,8,0,0,193,324.0
161,Manhattan,Midtown Center,Weekend,22,8,8,1,0,167,363.5
161,Manhattan,Midtown Center,Weekend,23,8,8,0,0,121,279.0
162,Manhattan,Midtown East,Weekday,0,22,22,0,0,48,179.5
162,Manhattan,Midtown East,Weekday,1,22,22,0,0,29,104.0
162,Manhattan,Midtown East,Weekday,2,22,22,0,0,22,70.5
162,Manhattan,Midtown East,Weekday,3,22,22,0,0,15,38.5
162,Manhattan,Midtown East,Weekday,4,22,22,0,0,27,39.5
162,Manhattan,Midtown East,Weekday,5,22,22,0,0,33,53.0
162,Manhattan,Midtown East,Weekday,6,22,22,0,0,45,76.0
162,Manhattan,Midtown East,Weekday,7,22,22,0,0,82,131.5
162,Manhattan,Midtown East,Weekday,8,22,22,0,0,111,176.5
162,Manhattan,Midtown East,Weekday,9,22,22,0,0,146,174.5
162,Manhattan,Midtown East,Weekday,10,22,22,0,0,161,193.0
162,Manhattan,Midtown East,Weekday,11,22,22,0,2,157,218.5
162,Manhattan,Midtown East,Weekday,12,22,22,0,4,189,213.0
162,Manhattan,Midtown East,Weekday,13,22,22,0,2,184,246.5
162,Manhattan,Midtown East,Weekday,14,22,22,0,0,183,265.5
162,Manhattan,Midtown East,Weekday,15,22,22,0,0,202,278.0
162,Manhattan,Midtown East,Weekday,16,22,22,0,0,196,308.0
162,Manhattan,Midtown East,Weekday,17,22,22,0,1,227,383.0
162,Manhattan,Midtown East,Weekday,18,22,22,1,3,267,405.0
162,Manhattan,Midtown East,Weekday,19,22,22,0,0,227,424.5
162,Manhattan,Midtown East,Weekday,20,22,22,2,0,200,714.5
162,Manhattan,Midtown East,Weekday,21,22,22,7,2,201,601.0
162,Manhattan,Midtown East,Weekday,22,22,22,0,0,184,435.0
162,Manhattan,Midtown East,Weekday,23,22,22,0,0,187,291.5
162,Manhattan,Midtown East,Weekend,0,8,8,0,0,127,153.5
162,Manhattan,Midtown East,Weekend,1,8,8,0,0,91,122.0
162,Manhattan,Midtown East,Weekend,2,8,8,0,0,58,82.5
162,Manhattan,Midtown East,Weekend,3,8,8,0,0,60,73.0
162,Manhattan,Midtown East,Weekend,4,8,8,0,0,39,66.0
162,Manhattan,Midtown East,Weekend,5,8,8,0,0,36,58.5
162,Manhattan,Midtown East,Weekend,6,8,8,0,0,45,56.5
162,Manhattan,Midtown East,Weekend,7,8,8,0,0,58,73.5
162,Manhattan,Midtown East,Weekend,8,8,8,0,0,84,117.0
162,Manhattan,Midtown East,Weekend,9,8,8,0,0,132,173.0
162,Manhattan,Midtown East,Weekend,10,8,8,0,0,178,207.0
162,Manhattan,Midtown East,Weekend,11,8,8,1,1,197,237.5
162,Manhattan,Midtown East,Weekend,12,8,8,1,0,174,232.0
162,Manhattan,Midtown East,Weekend,13,8,8,1,0,181,220.5
162,Manhattan,Midtown East,Weekend,14,8,8,0,0,148,201.5
162,Manhattan,Midtown East,Weekend,15,8,8,0,1,163,206.0
162,Manhattan,Midtown East,Weekend,16,8,8,0,0,161,209.5
162,Manhattan,Midtown East,Weekend,17,8,8,0,1,180,221.5
162,Manhattan,Midtown East,Weekend,18,8,8,1,0,185,230.5
162,Manhattan,Midtown East,Weekend,19,8,8,0,0,160,247.5
162,Manhattan,Midtown East,Weekend,20,8,8,0,0,142,221.0
162,Manhattan,Midtown East,Weekend,21,8,8,0,0,160,216.5
162,Manhattan,Midtown East,Weekend,22,8,8,0,0,109,180.0
162,Manhattan,Midtown East,Weekend,23,8,8,0,0,94,156.0
163,Manhattan,Midtown North,Weekday,0,22,22,0,1,61,168.5
163,Manhattan,Midtown North,Weekday,1,22,22,0,1,35,76.5
163,Manhattan,Midtown North,Weekday,2,22,22,0,0,29,52.5
163,Manhattan,Midtown North,Weekday,3,22,22,0,0,16,33.0
163,Manhattan,Midtown North,Weekday,4,22,22,0,0,24,43.0
163,Manhattan,Midtown North,Weekday,5,22,22,0,0,38,54.0
163,Manhattan,Midtown North,Weekday,6,22,22,0,0,62,88.0
163,Manhattan,Midtown North,Weekday,7,22,22,0,0,81,148.0
163,Manhattan,Midtown North,Weekday,8,22,22,0,0,108,204.0
163,Manhattan,Midtown North,Weekday,9,22,22,0,0,162,213.5
163,Manhattan,Midtown North,Weekday,10,22,22,0,0,160,209.0
163,Manhattan,Midtown North,Weekday,11,22,22,0,0,185,227.0
163,Manhattan,Midtown North,Weekday,12,22,22,0,1,180,234.5
163,Manhattan,Midtown North,Weekday,13,22,22,0,1,210,242.5
163,Manhattan,Midtown North,Weekday,14,22,22,0,0,202,253.0
163,Manhattan,Midtown North,Weekday,15,22,22,0,0,207,255.5
163,Manhattan,Midtown North,Weekday,16,22,22,0,0,223,290.0
163,Manhattan,Midtown North,Weekday,17,22,22,0,0,272,357.5
163,Manhattan,Midtown North,Weekday,18,22,22,0,0,298,398.0
163,Manhattan,Midtown North,Weekday,19,22,22,0,0,264,362.5
163,Manhattan,Midtown North,Weekday,20,22,22,2,1,233,530.5
163,Manhattan,Midtown North,Weekday,21,22,22,12,5,213,465.0
163,Manhattan,Midtown North,Weekday,22,22,22,14,9,254,393.5
163,Manhattan,Midtown North,Weekday,23,22,22,0,0,197,270.0
163,Manhattan,Midtown North,Weekend,0,8,8,1,0,193,243.5
163,Manhattan,Midtown North,Weekend,1,8,8,1,1,103,137.5
163,Manhattan,Midtown North,Weekend,2,8,8,0,0,73,96.5
163,Manhattan,Midtown North,Weekend,3,8,8,0,0,53,64.5
163,Manhattan,Midtown North,Weekend,4,8,8,0,0,27,42.5
163,Manhattan,Midtown North,Weekend,5,8,8,1,0,28,45.5
163,Manhattan,Midtown North,Weekend,6,8,8,0,0,40,60.5
163,Manhattan,Midtown North,Weekend,7,8,8,0,0,59,70.0
163,Manhattan,Midtown North,Weekend,8,8,8,0,0,87,117.5
163,Manhattan,Midtown North,Weekend,9,8,8,0,0,163,184.5
163,Manhattan,Midtown North,Weekend,10,8,8,0,0,204,233.0
163,Manhattan,Midtown North,Weekend,11,8,8,0,0,227,260.5
163,Manhattan,Midtown North,Weekend,12,8,8,0,0,245,287.0
163,Manhattan,Midtown North,Weekend,13,8,8,0,0,250,266.0
163,Manhattan,Midtown North,Weekend,14,8,8,0,0,227,259.5
163,Manhattan,Midtown North,Weekend,15,8,8,0,0,227,261.5
163,Manhattan,Midtown North,Weekend,16,8,8,1,1,258,298.0
163,Manhattan,Midtown North,Weekend,17,8,8,0,0,232,342.0
163,Manhattan,Midtown North,Weekend,18,8,8,0,0,227,304.5
163,Manhattan,Midtown North,Weekend,19,8,8,0,0,205,314.0
163,Manhattan,Midtown North,Weekend,20,8,8,0,0,185,264.5
163,Manhattan,Midtown North,Weekend,21,8,8,0,0,154,228.5
163,Manhattan,Midtown North,Weekend,22,8,8,1,1,140,240.5
163,Manhattan,Midtown North,Weekend,23,8,8,0,0,127,208.5
164,Manhattan,Midtown South,Weekday,0,22,22,0,0,94,227.5
164,Manhattan,Midtown South,Weekday,1,22,22,0,0,75,136.0
164,Manhattan,Midtown South,Weekday,2,22,22,0,1,58,89.5
164,Manhattan,Midtown South,Weekday,3,22,22,1,0,55,64.0
164,Manhattan,Midtown South,Weekday,4,22,22,2,2,35,69.0
164,Manhattan,Midtown South,Weekday,5,22,22,2,0,53,74.5
164,Manhattan,Midtown South,Weekday,6,22,22,0,0,91,119.0
164,Manhattan,Midtown South,Weekday,7,22,22,0,0,118,193.0
164,Manhattan,Midtown South,Weekday,8,22,22,0,0,162,278.0
164,Manhattan,Midtown South,Weekday,9,22,22,0,1,200,249.0
164,Manhattan,Midtown South,Weekday,10,22,22,0,2,166,225.0
164,Manhattan,Midtown South,Weekday,11,22,22,0,2,190,250.0
164,Manhattan,Midtown South,Weekday,12,22,22,0,3,199,235.0
164,Manhattan,Midtown South,Weekday,13,22,22,0,2,185,234.5
164,Manhattan,Midtown South,Weekday,14,22,22,0,2,203,245.5
164,Manhattan,Midtown South,Weekday,15,22,22,3,5,175,249.0
164,Manhattan,Midtown South,Weekday,16,22,22,4,2,228,289.5
164,Manhattan,Midtown South,Weekday,17,22,22,7,7,268,353.0
164,Manhattan,Midtown South,Weekday,18,22,22,7,5,308,405.5
164,Manhattan,Midtown South,Weekday,19,22,22,1,0,251,423.0
164,Manhattan,Midtown South,Weekday,20,22,22,1,1,300,472.5
164,Manhattan,Midtown South,Weekday,21,22,22,11,4,285,443.0
164,Manhattan,Midtown South,Weekday,22,22,22,12,8,240,425.0
164,Manhattan,Midtown South,Weekday,23,22,22,12,4,185,368.0
164,Manhattan,Midtown South,Weekend,0,8,8,6,5,447,508.0
164,Manhattan,Midtown South,Weekend,1,8,8,5,4,430,480.0
164,Manhattan,Midtown South,Weekend,2,8,8,2,2,341,407.5
164,Manhattan,Midtown South,Weekend,3,8,8,3,3,276,316.0
164,Manhattan,Midtown South,Weekend,4,8,8,5,5,192,204.5
164,Manhattan,Midtown South,Weekend,5,8,8,2,1,92,118.5
164,Manhattan,Midtown South,Weekend,6,8,8,0,0,81,87.5
164,Manhattan,Midtown South,Weekend,7,8,8,0,0,69,109.0
164,Manhattan,Midtown South,Weekend,8,8,8,1,2,103,139.5
164,Manhattan,Midtown South,Weekend,9,8,8,2,2,171,200.5
164,Manhattan,Midtown South,Weekend,10,8,8,2,2,193,260.5
164,Manhattan,Midtown South,Weekend,11,8,8,2,3,141,274.5
164,Manhattan,Midtown South,Weekend,12,8,8,2,2,88,272.0
164,Manhattan,Midtown South,Weekend,13,8,8,2,2,69,277.5
164,Manhattan,Midtown South,Weekend,14,8,8,2,2,54,257.5
164,Manhattan,Midtown South,Weekend,15,8,8,2,2,105,254.5
164,Manhattan,Midtown South,Weekend,16,8,8,1,1,139,274.0
164,Manhattan,Midtown South,Weekend,17,8,8,1,1,232,299.5
164,Manhattan,Midtown South,Weekend,18,8,8,1,1,267,355.0
164,Manhattan,Midtown South,Weekend,19,8,8,2,1,263,348.0
164,Manhattan,Midtown South,Weekend,20,8,8,0,0,255,366.0
164,Manhattan,Midtown South,Weekend,21,8,8,0,0,247,384.0
164,Manhattan,Midtown South,Weekend,22,8,8,0,0,191,420.5
164,Manhattan,Midtown South,Weekend,23,8,8,2,0,163,372.5
165,Brooklyn,Midwood,Weekday,0,22,22,11,9,20,29.5
165,Brooklyn,Midwood,Weekday,1,22,22,13,8,7,17.5
165,Brooklyn,Midwood,Weekday,2,22,22,14,18,6,11.5
165,Brooklyn,Midwood,Weekday,3,22,22,9,10,3,10.5
165,Brooklyn,Midwood,Weekday,4,22,22,4,2,7,14.0
165,Brooklyn,Midwood,Weekday,5,22,22,0,0,27,35.0
165,Brooklyn,Midwood,Weekday,6,22,22,0,0,37,71.5
165,Brooklyn,Midwood,Weekday,7,22,22,1,1,56,159.5
165,Brooklyn,Midwood,Weekday,8,22,22,0,2,77,183.5
165,Brooklyn,Midwood,Weekday,9,22,22,5,3,68,167.5
165,Brooklyn,Midwood,Weekday,10,22,22,10,6,53,125.5
165,Brooklyn,Midwood,Weekday,11,22,22,11,6,51,113.0
165,Brooklyn,Midwood,Weekday,12,22,22,18,8,51,119.5
165,Brooklyn,Midwood,Weekday,13,22,22,17,3,47,124.0
165,Brooklyn,Midwood,Weekday,14,22,22,13,5,47,135.5
165,Brooklyn,Midwood,Weekday,15,22,22,5,8,56,126.5
165,Brooklyn,Midwood,Weekday,16,22,22,7,3,67,132.5
165,Brooklyn,Midwood,Weekday,17,22,22,7,5,52,136.5
165,Brooklyn,Midwood,Weekday,18,22,22,7,3,59,132.5
165,Brooklyn,Midwood,Weekday,19,22,22,14,4,57,112.0
165,Brooklyn,Midwood,Weekday,20,22,22,13,10,37,91.0
165,Brooklyn,Midwood,Weekday,21,22,22,8,2,36,76.5
165,Brooklyn,Midwood,Weekday,22,22,22,7,8,43,68.5
165,Brooklyn,Midwood,Weekday,23,22,22,10,7,35,51.0
165,Brooklyn,Midwood,Weekend,0,8,8,2,3,27,48.5
165,Brooklyn,Midwood,Weekend,1,8,8,2,1,15,29.5
165,Brooklyn,Midwood,Weekend,2,8,8,3,5,14,20.0
165,Brooklyn,Midwood,Weekend,3,8,8,0,1,12,17.0
165,Brooklyn,Midwood,Weekend,4,8,8,3,1,11,15.5
165,Brooklyn,Midwood,Weekend,5,8,8,1,0,14,25.0
165,Brooklyn,Midwood,Weekend,6,8,8,0,0,25,39.5
165,Brooklyn,Midwood,Weekend,7,8,8,3,0,40,59.5
165,Brooklyn,Midwood,Weekend,8,8,8,2,1,65,88.0
165,Brooklyn,Midwood,Weekend,9,8,8,1,0,73,112.5
165,Brooklyn,Midwood,Weekend,10,8,8,0,0,64,89.5
165,Brooklyn,Midwood,Weekend,11,8,8,2,1,68,87.0
165,Brooklyn,Midwood,Weekend,12,8,8,1,2,43,105.0
165,Brooklyn,Midwood,Weekend,13,8,8,0,0,62,88.0
165,Brooklyn,Midwood,Weekend,14,8,8,0,0,49,98.5
165,Brooklyn,Midwood,Weekend,15,8,8,1,1,53,85.5
165,Brooklyn,Midwood,Weekend,16,8,8,1,1,62,92.5
165,Brooklyn,Midwood,Weekend,17,8,8,1,2,74,93.0
165,Brooklyn,Midwood,Weekend,18,8,8,5,1,75,95.5
165,Brooklyn,Midwood,Weekend,19,8,8,3,1,70,99.5
165,Brooklyn,Midwood,Weekend,20,8,8,5,4,71,94.0
165,Brooklyn,Midwood,Weekend,21,8,8,4,1,62,94.0
165,Brooklyn,Midwood,Weekend,22,8,8,1,1,58,87.0
165,Brooklyn,Midwood,Weekend,23,8,8,2,1,45,66.0
166,Manhattan,Morningside Heights,Weekday,0,22,22,4,1,54,93.0
166,Manhattan,Morningside Heights,Weekday,1,22,22,2,2,33,52.5
166,Manhattan,Morningside Heights,Weekday,2,22,22,5,4,22,31.5
166,Manhattan,Morningside Heights,Weekday,3,22,22,5,9,10,25.0
166,Manhattan,Morningside Heights,Weekday,4,22,22,12,7,19,26.5
166,Manhattan,Morningside Heights,Weekday,5,22,22,10,9,19,29.5
166,Manhattan,Morningside Heights,Weekday,6,22,22,9,9,35,60.5
166,Manhattan,Morningside Heights,Weekday,7,22,22,3,1,80,109.0
166,Manhattan,Morningside Heights,Weekday,8,22,22,0,0,134,170.0
166,Manhattan,Morningside Heights,Weekday,9,22,22,0,0,122,149.5
166,Manhattan,Morningside Heights,Weekday,10,22,22,0,0,119,149.5
166,Manhattan,Morningside Heights,Weekday,11,22,22,0,1,112,146.0
166,Manhattan,Morningside Heights,Weekday,12,22,22,0,0,127,155.5
166,Manhattan,Morningside Heights,Weekday,13,22,22,2,2,130,160.5
166,Manhattan,Morningside Heights,Weekday,14,22,22,1,1,130,176.0
166,Manhattan,Morningside Heights,Weekday,15,22,22,1,4,142,176.0
166,Manhattan,Morningside Heights,Weekday,16,22,22,5,6,153,189.0
166,Manhattan,Morningside Heights,Weekday,17,22,22,12,9,171,224.0
166,Manhattan,Morningside Heights,Weekday,18,22,22,10,9,172,218.0
166,Manhattan,Morningside Heights,Weekday,19,22,22,12,6,163,188.5
166,Manhattan,Morningside Heights,Weekday,20,22,22,14,12,146,193.5
166,Manhattan,Morningside Heights,Weekday,21,22,22,13,9,153,184.5
166,Manhattan,Morningside Heights,Weekday,22,22,22,13,7,123,180.5
166,Manhattan,Morningside Heights,Weekday,23,22,22,8,7,110,164.0
166,Manhattan,Morningside Heights,Weekend,0,8,8,0,0,108,123.0
166,Manhattan,Morningside Heights,Weekend,1,8,8,1,1,76,86.0
166,Manhattan,Morningside Heights,Weekend,2,8,8,0,0,44,62.0
166,Manhattan,Morningside Heights,Weekend,3,8,8,0,0,42,51.5
166,Manhattan,Morningside Heights,Weekend,4,8,8,0,2,34,40.5
166,Manhattan,Morningside Heights,Weekend,5,8,8,2,1,25,32.5
166,Manhattan,Morningside Heights,Weekend,6,8,8,1,1,33,42.5
166,Manhattan,Morningside Heights,Weekend,7,8,8,1,0,68,79.0
166,Manhattan,Morningside Heights,Weekend,8,8,8,1,0,88,97.5
166,Manhattan,Morningside Heights,Weekend,9,8,8,0,0,109,130.0
166,Manhattan,Morningside Heights,Weekend,10,8,8,0,0,130,140.0
166,Manhattan,Morningside Heights,Weekend,11,8,8,0,0,135,148.0
166,Manhattan,Morningside Heights,Weekend,12,8,8,2,3,124,165.5
166,Manhattan,Morningside Heights,Weekend,13,8,8,5,5,128,157.5
166,Manhattan,Morningside Heights,Weekend,14,8,8,2,2,126,146.0
166,Manhattan,Morningside Heights,Weekend,15,8,8,3,3,127,160.0
166,Manhattan,Morningside Heights,Weekend,16,8,8,5,4,147,159.5
166,Manhattan,Morningside Heights,Weekend,17,8,8,4,3,131,161.5
166,Manhattan,Morningside Heights,Weekend,18,8,8,4,2,131,162.5
166,Manhattan,Morningside Heights,Weekend,19,8,8,5,3,129,166.5
166,Manhattan,Morningside Heights,Weekend,20,8,8,4,3,117,151.0
166,Manhattan,Morningside Heights,Weekend,21,8,8,3,3,97,164.0
166,Manhattan,Morningside Heights,Weekend,22,8,8,4,1,104,148.5
166,Manhattan,Morningside Heights,Weekend,23,8,8,1,2,90,134.0
167,Bronx,Morrisania/Melrose,Weekday,0,22,22,10,8,46,71.5
167,Bronx,Morrisania/Melrose,Weekday,1,22,22,15,11,22,39.0
167,Bronx,Morrisania/Melrose,Weekday,2,22,22,18,11,14,27.0
167,Bronx,Morrisania/Melrose,Weekday,3,22,22,17,14,23,28.0
167,Bronx,Morrisania/Melrose,Weekday,4,22,22,17,16,31,36.0
167,Bronx,Morrisania/Melrose,Weekday,5,22,22,21,18,51,68.0
167,Bronx,Morrisania/Melrose,Weekday,6,22,22,21,20,91,126.0
167,Bronx,Morrisania/Melrose,Weekday,7,22,22,22,18,156,246.0
167,Bronx,Morrisania/Melrose,Weekday,8,22,22,15,16,173,231.5
167,Bronx,Morrisania/Melrose,Weekday,9,22,22,14,9,137,164.5
167,Bronx,Morrisania/Melrose,Weekday,10,22,22,18,17,98,117.5
167,Bronx,Morrisania/Melrose,Weekday,11,22,22,21,18,80,105.5
167,Bronx,Morrisania/Melrose,Weekday,12,22,22,14,18,75,104.5
167,Bronx,Morrisania/Melrose,Weekday,13,22,22,21,16,93,125.5
167,Bronx,Morrisania/Melrose,Weekday,14,22,22,18,15,103,135.5
167,Bronx,Morrisania/Melrose,Weekday,15,22,22,18,13,111,134.0
167,Bronx,Morrisania/Melrose,Weekday,16,22,22,19,20,108,135.0
167,Bronx,Morrisania/Melrose,Weekday,17,22,22,17,15,104,140.0
167,Bronx,Morrisania/Melrose,Weekday,18,22,22,16,16,100,117.0
167,Bronx,Morrisania/Melrose,Weekday,19,22,22,22,20,90,107.0
167,Bronx,Morrisania/Melrose,Weekday,20,22,22,18,11,79,108.5
167,Bronx,Morrisania/Melrose,Weekday,21,22,22,14,11,90,107.5
167,Bronx,Morrisania/Melrose,Weekday,22,22,22,14,10,80,109.0
167,Bronx,Morrisania/Melrose,Weekday,23,22,22,15,8,81,106.0
167,Bronx,Morrisania/Melrose,Weekend,0,8,8,2,3,102,109.5
167,Bronx,Morrisania/Melrose,Weekend,1,8,8,4,3,64,77.0
167,Bronx,Morrisania/Melrose,Weekend,2,8,8,3,3,33,55.0
167,Bronx,Morrisania/Melrose,Weekend,3,8,8,3,0,34,51.5
167,Bronx,Morrisania/Melrose,Weekend,4,8,8,2,5,28,44.5
167,Bronx,Morrisania/Melrose,Weekend,5,8,8,7,8,48,52.0
167,Bronx,Morrisania/Melrose,Weekend,6,8,8,8,7,63,72.5
167,Bronx,Morrisania/Melrose,Weekend,7,8,8,8,7,82,96.0
167,Bronx,Morrisania/Melrose,Weekend,8,8,8,7,5,74,111.5
167,Bronx,Morrisania/Melrose,Weekend,9,8,8,6,5,94,129.0
167,Bronx,Morrisania/Melrose,Weekend,10,8,8,8,7,108,124.0
167,Bronx,Morrisania/Melrose,Weekend,11,8,8,6,7,109,124.5
167,Bronx,Morrisania/Melrose,Weekend,12,8,8,7,7,115,127.0
167,Bronx,Morrisania/Melrose,Weekend,13,8,8,7,6,111,126.0
167,Bronx,Morrisania/Melrose,Weekend,14,8,8,8,8,130,147.5
167,Bronx,Morrisania/Melrose,Weekend,15,8,8,8,7,122,143.0
167,Bronx,Morrisania/Melrose,Weekend,16,8,8,8,6,112,141.5
167,Bronx,Morrisania/Melrose,Weekend,17,8,8,7,3,99,141.0
167,Bronx,Morrisania/Melrose,Weekend,18,8,8,7,6,111,143.0
167,Bronx,Morrisania/Melrose,Weekend,19,8,8,7,7,112,147.5
167,Bronx,Morrisania/Melrose,Weekend,20,8,8,8,6,106,135.5
167,Bronx,Morrisania/Melrose,Weekend,21,8,8,5,3,116,146.5
167,Bronx,Morrisania/Melrose,Weekend,22,8,8,5,5,110,164.0
167,Bronx,Morrisania/Melrose,Weekend,23,8,8,6,4,99,145.0
168,Bronx,Mott Haven/Port Morris,Weekday,0,22,22,17,11,95,125.5
168,Bronx,Mott Haven/Port Morris,Weekday,1,22,22,18,11,57,81.0
168,Bronx,Mott Haven/Port Morris,Weekday,2,22,22,17,17,39,55.0
168,Bronx,Mott Haven/Port Morris,Weekday,3,22,22,10,14,41,58.5
168,Bronx,Mott Haven/Port Morris,Weekday,4,22,22,21,19,50,63.5
168,Bronx,Mott Haven/Port Morris,Weekday,5,22,22,22,19,103,117.5
168,Bronx,Mott Haven/Port Morris,Weekday,6,22,22,20,19,152,190.0
168,Bronx,Mott Haven/Port Morris,Weekday,7,22,22,10,12,233,374.0
168,Bronx,Mott Haven/Port Morris,Weekday,8,22,22,8,11,270,341.5
168,Bronx,Mott Haven/Port Morris,Weekday,9,22,22,14,10,193,247.0
168,Bronx,Mott Haven/Port Morris,Weekday,10,22,22,17,16,156,191.0
168,Bronx,Mott Haven/Port Morris,Weekday,11,22,22,17,14,133,177.5
168,Bronx,Mott Haven/Port Morris,Weekday,12,22,22,20,22,129,167.5
168,Bronx,Mott Haven/Port Morris,Weekday,13,22,22,22,20,145,199.5
168,Bronx,Mott Haven/Port Morris,Weekday,14,22,22,21,22,172,215.0
168,Bronx,Mott Haven/Port Morris,Weekday,15,22,22,22,22,170,240.0
168,Bronx,Mott Haven/Port Morris,Weekday,16,22,22,22,22,188,252.0
168,Bronx,Mott Haven/Port Morris,Weekday,17,22,22,22,22,201,266.5
168,Bronx,Mott Haven/Port Morris,Weekday,18,22,22,22,21,189,242.5
168,Bronx,Mott Haven/Port Morris,Weekday,19,22,22,22,20,171,216.0
168,Bronx,Mott Haven/Port Morris,Weekday,20,22,22,22,19,168,217.0
168,Bronx,Mott Haven/Port Morris,Weekday,21,22,22,17,13,132,199.0
168,Bronx,Mott Haven/Port Morris,Weekday,22,22,22,18,12,160,210.5
168,Bronx,Mott Haven/Port Morris,Weekday,23,22,22,19,17,121,175.5
168,Bronx,Mott Haven/Port Morris,Weekend,0,8,8,8,7,205,241.0
168,Bronx,Mott Haven/Port Morris,Weekend,1,8,8,8,4,161,187.5
168,Bronx,Mott Haven/Port Morris,Weekend,2,8,8,3,2,97,131.5
168,Bronx,Mott Haven/Port Morris,Weekend,3,8,8,2,2,91,108.0
168,Bronx,Mott Haven/Port Morris,Weekend,4,8,8,5,3,74,86.5
168,Bronx,Mott Haven/Port Morris,Weekend,5,8,8,3,5,95,107.0
168,Bronx,Mott Haven/Port Morris,Weekend,6,8,8,8,7,109,139.0
168,Bronx,Mott Haven/Port Morris,Weekend,7,8,8,6,5,151,170.0
168,Bronx,Mott Haven/Port Morris,Weekend,8,8,8,8,5,143,182.0
168,Bronx,Mott Haven/Port Morris,Weekend,9,8,8,7,7,156,215.5
168,Bronx,Mott Haven/Port Morris,Weekend,10,8,8,7,7,173,224.0
168,Bronx,Mott Haven/Port Morris,Weekend,11,8,8,8,8,185,241.0
168,Bronx,Mott Haven/Port Morris,Weekend,12,8,8,8,7,194,254.0
168,Bronx,Mott Haven/Port Morris,Weekend,13,8,8,7,8,191,251.5
168,Bronx,Mott Haven/Port Morris,Weekend,14,8,8,8,8,208,246.5
168,Bronx,Mott Haven/Port Morris,Weekend,15,8,8,8,8,219,261.0
168,Bronx,Mott Haven/Port Morris,Weekend,16,8,8,8,7,203,248.0
168,Bronx,Mott Haven/Port Morris,Weekend,17,8,8,8,6,206,247.5
168,Bronx,Mott Haven/Port Morris,Weekend,18,8,8,8,8,180,236.5
168,Bronx,Mott Haven/Port Morris,Weekend,19,8,8,8,7,193,267.5
168,Bronx,Mott Haven/Port Morris,Weekend,20,8,8,8,8,208,249.0
168,Bronx,Mott Haven/Port Morris,Weekend,21,8,8,8,7,202,274.5
168,Bronx,Mott Haven/Port Morris,Weekend,22,8,8,4,6,197,250.5
168,Bronx,Mott Haven/Port Morris,Weekend,23,8,8,5,4,165,223.5
169,Bronx,Mount Hope,Weekday,0,22,22,13,8,70,100.5
169,Bronx,Mount Hope,Weekday,1,22,22,15,13,39,56.0
169,Bronx,Mount Hope,Weekday,2,22,22,14,13,31,39.5
169,Bronx,Mount Hope,Weekday,3,22,22,18,16,22,33.0
169,Bronx,Mount Hope,Weekday,4,22,22,14,17,29,42.0
169,Bronx,Mount Hope,Weekday,5,22,22,16,19,66,77.5
169,Bronx,Mount Hope,Weekday,6,22,22,11,11,101,141.5
169,Bronx,Mount Hope,Weekday,7,22,22,22,22,185,236.0
169,Bronx,Mount Hope,Weekday,8,22,22,18,17,211,251.0
169,Bronx,Mount Hope,Weekday,9,22,22,14,13,160,190.5
169,Bronx,Mount Hope,Weekday,10,22,22,16,15,129,148.0
169,Bronx,Mount Hope,Weekday,11,22,22,21,18,88,140.0
169,Bronx,Mount Hope,Weekday,12,22,22,16,19,121,145.0
169,Bronx,Mount Hope,Weekday,13,22,22,21,17,137,158.0
169,Bronx,Mount Hope,Weekday,14,22,22,19,19,147,176.5
169,Bronx,Mount Hope,Weekday,15,22,22,20,17,130,174.0
169,Bronx,Mount Hope,Weekday,16,22,22,21,22,159,180.0
169,Bronx,Mount Hope,Weekday,17,22,22,22,22,167,193.0
169,Bronx,Mount Hope,Weekday,18,22,22,18,15,127,159.0
169,Bronx,Mount Hope,Weekday,19,22,22,22,21,135,157.0
169,Bronx,Mount Hope,Weekday,20,22,22,22,16,112,149.5
169,Bronx,Mount Hope,Weekday,21,22,22,14,9,105,144.0
169,Bronx,Mount Hope,Weekday,22,22,22,8,11,109,146.0
169,Bronx,Mount Hope,Weekday,23,22,22,13,8,106,137.5
169,Bronx,Mount Hope,Weekend,0,8,8,1,3,150,183.0
169,Bronx,Mount Hope,Weekend,1,8,8,3,5,105,125.0
169,Bronx,Mount Hope,Weekend,2,8,8,3,5,68,88.0
169,Bronx,Mount Hope,Weekend,3,8,8,2,2,65,81.5
169,Bronx,Mount Hope,Weekend,4,8,8,3,2,44,66.0
169,Bronx,Mount Hope,Weekend,5,8,8,6,4,65,78.5
169,Bronx,Mount Hope,Weekend,6,8,8,7,7,82,95.5
169,Bronx,Mount Hope,Weekend,7,8,8,8,8,92,123.0
169,Bronx,Mount Hope,Weekend,8,8,8,7,6,88,133.0
169,Bronx,Mount Hope,Weekend,9,8,8,8,7,126,161.5
169,Bronx,Mount Hope,Weekend,10,8,8,8,8,156,172.5
169,Bronx,Mount Hope,Weekend,11,8,8,7,7,118,151.5
169,Bronx,Mount Hope,Weekend,12,8,8,7,8,123,148.0
169,Bronx,Mount Hope,Weekend,13,8,8,8,8,130,175.5
169,Bronx,Mount Hope,Weekend,14,8,8,8,8,149,174.0
169,Bronx,Mount Hope,Weekend,15,8,8,8,8,147,174.5
169,Bronx,Mount Hope,Weekend,16,8,8,8,8,156,180.0
169,Bronx,Mount Hope,Weekend,17,8,8,8,8,144,158.5
169,Bronx,Mount Hope,Weekend,18,8,8,8,8,147,167.0
169,Bronx,Mount Hope,Weekend,19,8,8,8,8,152,190.5
169,Bronx,Mount Hope,Weekend,20,8,8,8,7,177,189.0
169,Bronx,Mount Hope,Weekend,21,8,8,6,4,161,191.5
169,Bronx,Mount Hope,Weekend,22,8,8,4,3,148,189.5
169,Bronx,Mount Hope,Weekend,23,8,8,2,1,121,190.5
170,Manhattan,Murray Hill,Weekday,0,22,22,1,0,63,105.5
170,Manhattan,Murray Hill,Weekday,1,22,22,0,0,29,73.5
170,Manhattan,Murray Hill,Weekday,2,22,22,1,0,19,44.5
170,Manhattan,Murray Hill,Weekday,3,22,22,1,0,19,36.0
170,Manhattan,Murray Hill,Weekday,4,22,22,1,0,27,52.0
170,Manhattan,Murray Hill,Weekday,5,22,22,2,1,53,74.0
170,Manhattan,Murray Hill,Weekday,6,22,22,0,0,129,165.0
170,Manhattan,Murray Hill,Weekday,7,22,22,0,0,164,229.0
170,Manhattan,Murray Hill,Weekday,8,22,22,0,0,228,341.5
170,Manhattan,Murray Hill,Weekday,9,22,22,0,0,242,292.0
170,Manhattan,Murray Hill,Weekday,10,22,22,0,3,210,250.5
170,Manhattan,Murray Hill,Weekday,11,22,22,1,2,228,263.0
170,Manhattan,Murray Hill,Weekday,12,22,22,1,2,214,261.0
170,Manhattan,Murray Hill,Weekday,13,22,22,1,3,215,278.0
170,Manhattan,Murray Hill,Weekday,14,22,22,0,2,208,278.0
170,Manhattan,Murray Hill,Weekday,15,22,22,3,3,229,290.0
170,Manhattan,Murray Hill,Weekday,16,22,22,6,5,264,324.0
170,Manhattan,Murray Hill,Weekday,17,22,22,9,7,266,371.5
170,Manhattan,Murray Hill,Weekday,18,22,22,6,5,261,421.0
170,Manhattan,Murray Hill,Weekday,19,22,22,1,0,248,391.5
170,Manhattan,Murray Hill,Weekday,20,22,22,2,1,267,405.0
170,Manhattan,Murray Hill,Weekday,21,22,22,9,7,225,366.5
170,Manhattan,Murray Hill,Weekday,22,22,22,10,2,169,322.5
170,Manhattan,Murray Hill,Weekday,23,22,22,2,1,157,240.5
170,Manhattan,Murray Hill,Weekend,0,8,8,0,0,243,292.5
170,Manhattan,Murray Hill,Weekend,1,8,8,0,0,140,175.5
170,Manhattan,Murray Hill,Weekend,2,8,8,0,0,99,121.0
170,Manhattan,Murray Hill,Weekend,3,8,8,0,0,61,93.0
170,Manhattan,Murray Hill,Weekend,4,8,8,0,0,46,65.5
170,Manhattan,Murray Hill,Weekend,5,8,8,0,1,47,64.0
170,Manhattan,Murray Hill,Weekend,6,8,8,0,0,54,74.5
170,Manhattan,Murray Hill,Weekend,7,8,8,0,0,75,101.0
170,Manhattan,Murray Hill,Weekend,8,8,8,0,1,107,153.0
170,Manhattan,Murray Hill,Weekend,9,8,8,0,0,184,208.5
170,Manhattan,Murray Hill,Weekend,10,8,8,2,2,250,276.0
170,Manhattan,Murray Hill,Weekend,11,8,8,5,4,270,309.5
170,Manhattan,Murray Hill,Weekend,12,8,8,2,1,268,306.5
170,Manhattan,Murray Hill,Weekend,13,8,8,5,3,261,306.5
170,Manhattan,Murray Hill,Weekend,14,8,8,2,1,226,273.0
170,Manhattan,Murray Hill,Weekend,15,8,8,2,1,205,277.5
170,Manhattan,Murray Hill,Weekend,16,8,8,1,1,215,299.5
170,Manhattan,Murray Hill,Weekend,17,8,8,1,1,224,320.0
170,Manhattan,Murray Hill,Weekend,18,8,8,1,1,224,310.0
170,Manhattan,Murray Hill,Weekend,19,8,8,2,0,219,310.0
170,Manhattan,Murray Hill,Weekend,20,8,8,0,0,196,292.5
170,Manhattan,Murray Hill,Weekend,21,8,8,0,0,180,242.5
170,Manhattan,Murray Hill,Weekend,22,8,8,0,0,150,234.0
170,Manhattan,Murray Hill,Weekend,23,8,8,0,0,80,235.0
171,Queens,Murray Hill-Queens,Weekday,0,22,22,21,14,20,28.5
171,Queens,Murray Hill-Queens,Weekday,1,22,22,18,11,12,18.5
171,Queens,Murray Hill-Queens,Weekday,2,22,22,15,9,4,15.0
171,Queens,Murray Hill-Queens,Weekday,3,22,22,11,12,10,17.0
171,Queens,Murray Hill-Queens,Weekday,4,22,22,11,8,17,23.5
171,Queens,Murray Hill-Queens,Weekday,5,22,22,5,3,16,31.0
171,Queens,Murray Hill-Queens,Weekday,6,22,22,11,5,37,50.0
171,Queens,Murray Hill-Queens,Weekday,7,22,22,5,4,56,99.5
171,Queens,Murray Hill-Queens,Weekday,8,22,22,2,2,87,107.0
171,Queens,Murray Hill-Queens,Weekday,9,22,22,5,6,67,87.0
171,Queens,Murray Hill-Queens,Weekday,10,22,22,13,4,54,71.5
171,Queens,Murray Hill-Queens,Weekday,11,22,22,7,4,51,63.5
171,Queens,Murray Hill-Queens,Weekday,12,22,22,10,3,54,68.0
171,Queens,Murray Hill-Queens,Weekday,13,22,22,11,7,56,74.5
171,Queens,Murray Hill-Queens,Weekday,14,22,22,5,4,47,80.0
171,Queens,Murray Hill-Queens,Weekday,15,22,22,5,6,53,69.5
171,Queens,Murray Hill-Queens,Weekday,16,22,22,2,1,50,64.5
171,Queens,Murray Hill-Queens,Weekday,17,22,22,7,9,52,77.5
171,Queens,Murray Hill-Queens,Weekday,18,22,22,8,6,54,71.5
171,Queens,Murray Hill-Queens,Weekday,19,22,22,12,10,46,65.5
171,Queens,Murray Hill-Queens,Weekday,20,22,22,11,9,39,61.0
171,Queens,Murray Hill-Queens,Weekday,21,22,22,13,7,37,56.5
171,Queens,Murray Hill-Queens,Weekday,22,22,22,13,10,38,54.0
171,Queens,Murray Hill-Queens,Weekday,23,22,22,15,9,29,43.0
171,Queens,Murray Hill-Queens,Weekend,0,8,8,6,6,54,63.0
171,Queens,Murray Hill-Queens,Weekend,1,8,8,7,6,34,50.5
171,Queens,Murray Hill-Queens,Weekend,2,8,8,7,7,35,38.0
171,Queens,Murray Hill-Queens,Weekend,3,8,8,7,7,25,37.5
171,Queens,Murray Hill-Queens,Weekend,4,8,8,4,5,28,34.5
171,Queens,Murray Hill-Queens,Weekend,5,8,8,4,3,21,33.0
171,Queens,Murray Hill-Queens,Weekend,6,8,8,5,6,26,42.0
171,Queens,Murray Hill-Queens,Weekend,7,8,8,5,4,30,45.5
171,Queens,Murray Hill-Queens,Weekend,8,8,8,7,5,31,59.0
171,Queens,Murray Hill-Queens,Weekend,9,8,8,2,2,55,74.0
171,Queens,Murray Hill-Queens,Weekend,10,8,8,1,2,69,82.0
171,Queens,Murray Hill-Queens,Weekend,11,8,8,1,2,58,72.0
171,Queens,Murray Hill-Queens,Weekend,12,8,8,1,1,58,77.0
171,Queens,Murray Hill-Queens,Weekend,13,8,8,0,0,58,73.0
171,Queens,Murray Hill-Queens,Weekend,14,8,8,0,0,57,75.5
171,Queens,Murray Hill-Queens,Weekend,15,8,8,2,0,59,74.0
171,Queens,Murray Hill-Queens,Weekend,16,8,8,2,5,54,77.0
171,Queens,Murray Hill-Queens,Weekend,17,8,8,3,4,61,73.0
171,Queens,Murray Hill-Queens,Weekend,18,8,8,2,2,64,71.5
171,Queens,Murray Hill-Queens,Weekend,19,8,8,3,1,64,80.5
171,Queens,Murray Hill-Queens,Weekend,20,8,8,6,3,65,83.0
171,Queens,Murray Hill-Queens,Weekend,21,8,8,8,6,61,77.0
171,Queens,Murray Hill-Queens,Weekend,22,8,8,8,7,55,80.5
171,Queens,Murray Hill-Queens,Weekend,23,8,8,6,8,31,62.0
172,Staten Island,New Dorp/Midland Beach,Weekday,0,21,22,20,17,4,7.0
172,Staten Island,New Dorp/Midland Beach,Weekday,1,22,22,20,19,2,4.0
172,Staten Island,New Dorp/Midland Beach,Weekday,2,21,22,18,11,1,2.0
172,Staten Island,New Dorp/Midland Beach,Weekday,3,20,22,18,14,1,3.5
172,Staten Island,New Dorp/Midland Beach,Weekday,4,22,22,16,13,1,3.0
172,Staten Island,New Dorp/Midland Beach,Weekday,5,22,22,20,17,2,6.0
172,Staten Island,New Dorp/Midland Beach,Weekday,6,22,22,22,16,7,15.0
172,Staten Island,New Dorp/Midland Beach,Weekday,7,22,22,20,16,12,30.0
172,Staten Island,New Dorp/Midland Beach,Weekday,8,22,22,16,12,15,26.0
172,Staten Island,New Dorp/Midland Beach,Weekday,9,22,22,22,14,15,24.0
172,Staten Island,New Dorp/Midland Beach,Weekday,10,22,22,22,17,11,23.5
172,Staten Island,New Dorp/Midland Beach,Weekday,11,22,22,21,14,18,24.0
172,Staten Island,New Dorp/Midland Beach,Weekday,12,22,22,21,16,19,26.0
172,Staten Island,New Dorp/Midland Beach,Weekday,13,22,22,21,14,18,30.0
172,Staten Island,New Dorp/Midland Beach,Weekday,14,22,22,22,20,21,34.0
172,Staten Island,New Dorp/Midland Beach,Weekday,15,22,22,21,16,20,27.5
172,Staten Island,New Dorp/Midland Beach,Weekday,16,22,22,21,19,17,30.5
172,Staten Island,New Dorp/Midland Beach,Weekday,17,22,22,22,20,15,26.0
172,Staten Island,New Dorp/Midland Beach,Weekday,18,22,22,21,19,17,28.0
172,Staten Island,New Dorp/Midland Beach,Weekday,19,22,22,20,13,15,22.0
172,Staten Island,New Dorp/Midland Beach,Weekday,20,22,22,21,19,18,24.0
172,Staten Island,New Dorp/Midland Beach,Weekday,21,22,22,21,21,15,23.0
172,Staten Island,New Dorp/Midland Beach,Weekday,22,22,22,21,21,7,19.5
172,Staten Island,New Dorp/Midland Beach,Weekday,23,22,22,20,19,5,12.0
172,Staten Island,New Dorp/Midland Beach,Weekend,0,8,8,8,7,14,19.0
172,Staten Island,New Dorp/Midland Beach,Weekend,1,8,8,8,7,7,15.5
172,Staten Island,New Dorp/Midland Beach,Weekend,2,8,8,8,7,6,9.5
172,Staten Island,New Dorp/Midland Beach,Weekend,3,8,8,6,6,2,6.5
172,Staten Island,New Dorp/Midland Beach,Weekend,4,8,8,6,5,1,5.5
172,Staten Island,New Dorp/Midland Beach,Weekend,5,7,8,6,5,3,6.0
172,Staten Island,New Dorp/Midland Beach,Weekend,6,8,8,8,7,7,9.5
172,Staten Island,New Dorp/Midland Beach,Weekend,7,8,8,8,5,8,11.5
172,Staten Island,New Dorp/Midland Beach,Weekend,8,8,8,6,4,6,15.0
172,Staten Island,New Dorp/Midland Beach,Weekend,9,8,8,6,6,10,16.5
172,Staten Island,New Dorp/Midland Beach,Weekend,10,8,8,7,3,18,21.0
172,Staten Island,New Dorp/Midland Beach,Weekend,11,8,8,7,7,14,23.0
172,Staten Island,New Dorp/Midland Beach,Weekend,12,8,8,7,6,17,26.0
172,Staten Island,New Dorp/Midland Beach,Weekend,13,8,8,4,5,18,28.0
172,Staten Island,New Dorp/Midland Beach,Weekend,14,8,8,1,4,14,26.0
172,Staten Island,New Dorp/Midland Beach,Weekend,15,8,8,7,5,22,29.0
172,Staten Island,New Dorp/Midland Beach,Weekend,16,8,8,6,8,21,26.0
172,Staten Island,New Dorp/Midland Beach,Weekend,17,8,8,7,8,22,28.5
172,Staten Island,New Dorp/Midland Beach,Weekend,18,8,8,8,7,15,23.5
172,Staten Island,New Dorp/Midland Beach,Weekend,19,8,8,7,8,21,27.5
172,Staten Island,New Dorp/Midland Beach,Weekend,20,8,8,8,7,15,26.5
172,Staten Island,New Dorp/Midland Beach,Weekend,21,8,8,7,8,17,22.5
172,Staten Island,New Dorp/Midland Beach,Weekend,22,8,8,8,8,10,20.0
172,Staten Island,New Dorp/Midland Beach,Weekend,23,8,8,8,8,6,16.5
173,Queens,North Corona,Weekday,0,22,22,21,20,38,57.5
173,Queens,North Corona,Weekday,1,22,22,17,14,27,42.0
173,Queens,North Corona,Weekday,2,22,22,15,11,22,30.5
173,Queens,North Corona,Weekday,3,22,22,18,14,29,36.0
173,Queens,North Corona,Weekday,4,22,22,15,10,37,47.0
173,Queens,North Corona,Weekday,5,22,22,17,13,56,62.5
173,Queens,North Corona,Weekday,6,22,22,6,7,60,76.0
173,Queens,North Corona,Weekday,7,22,22,7,10,68,105.5
173,Queens,North Corona,Weekday,8,22,22,14,16,89,107.0
173,Queens,North Corona,Weekday,9,22,22,19,15,65,93.5
173,Queens,North Corona,Weekday,10,22,22,18,13,51,67.5
173,Queens,North Corona,Weekday,11,22,22,21,13,43,62.0
173,Queens,North Corona,Weekday,12,22,22,14,11,51,61.5
173,Queens,North Corona,Weekday,13,22,22,18,14,57,69.5
173,Queens,North Corona,Weekday,14,22,22,16,11,50,74.5
173,Queens,North Corona,Weekday,15,22,22,10,11,47,68.0
173,Queens,North Corona,Weekday,16,22,22,15,10,53,65.5
173,Queens,North Corona,Weekday,17,22,22,17,14,51,65.5
173,Queens,North Corona,Weekday,18,22,22,18,16,55,80.0
173,Queens,North Corona,Weekday,19,22,22,21,19,55,70.5
173,Queens,North Corona,Weekday,20,22,22,22,20,60,75.5
173,Queens,North Corona,Weekday,21,22,22,22,22,52,85.0
173,Queens,North Corona,Weekday,22,22,22,22,19,58,87.5
173,Queens,North Corona,Weekday,23,22,22,22,20,44,65.0
173,Queens,North Corona,Weekend,0,8,8,8,7,81,120.0
173,Queens,North Corona,Weekend,1,8,8,6,6,69,94.5
173,Queens,North Corona,Weekend,2,8,8,2,2,57,83.5
173,Queens,North Corona,Weekend,3,8,8,7,7,66,81.5
173,Queens,North Corona,Weekend,4,8,8,6,4,55,85.0
173,Queens,North Corona,Weekend,5,8,8,3,3,58,74.0
173,Queens,North Corona,Weekend,6,8,8,5,2,60,73.5
173,Queens,North Corona,Weekend,7,8,8,6,5,54,75.5
173,Queens,North Corona,Weekend,8,8,8,8,6,71,84.5
173,Queens,North Corona,Weekend,9,8,8,5,4,77,88.0
173,Queens,North Corona,Weekend,10,8,8,5,7,72,96.5
173,Queens,North Corona,Weekend,11,8,8,8,5,66,92.5
173,Queens,North Corona,Weekend,12,8,8,4,5,62,87.5
173,Queens,North Corona,Weekend,13,8,8,7,5,83,99.5
173,Queens,North Corona,Weekend,14,8,8,8,8,80,94.0
173,Queens,North Corona,Weekend,15,8,8,8,8,79,91.5
173,Queens,North Corona,Weekend,16,8,8,8,6,85,90.5
173,Queens,North Corona,Weekend,17,8,8,8,8,70,90.5
173,Queens,North Corona,Weekend,18,8,8,8,8,64,93.5
173,Queens,North Corona,Weekend,19,8,8,8,8,88,112.0
173,Queens,North Corona,Weekend,20,8,8,8,8,86,113.0
173,Queens,North Corona,Weekend,21,8,8,8,8,98,118.0
173,Queens,North Corona,Weekend,22,8,8,8,8,90,117.0
173,Queens,North Corona,Weekend,23,8,8,7,8,71,105.0
174,Bronx,Norwood,Weekday,0,22,22,7,6,55,72.5
174,Bronx,Norwood,Weekday,1,22,22,8,7,36,47.0
174,Bronx,Norwood,Weekday,2,22,22,9,8,20,30.0
174,Bronx,Norwood,Weekday,3,22,22,14,15,15,24.5
174,Bronx,Norwood,Weekday,4,22,22,9,9,29,42.0
174,Bronx,Norwood,Weekday,5,22,22,2,2,45,67.0
174,Bronx,Norwood,Weekday,6,22,22,3,1,103,134.5
174,Bronx,Norwood,Weekday,7,22,22,7,5,137,197.5
174,Bronx,Norwood,Weekday,8,22,22,6,6,191,215.5
174,Bronx,Norwood,Weekday,9,22,22,6,6,154,174.0
174,Bronx,Norwood,Weekday,10,22,22,10,11,133,163.0
174,Bronx,Norwood,Weekday,11,22,22,10,7,137,151.0
174,Bronx,Norwood,Weekday,12,22,22,8,9,107,161.0
174,Bronx,Norwood,Weekday,13,22,22,8,7,128,154.0
174,Bronx,Norwood,Weekday,14,22,22,9,5,140,183.0
174,Bronx,Norwood,Weekday,15,22,22,6,5,154,183.5
174,Bronx,Norwood,Weekday,16,22,22,21,19,163,215.0
174,Bronx,Norwood,Weekday,17,22,22,16,13,138,194.5
174,Bronx,Norwood,Weekday,18,22,22,8,7,122,156.5
174,Bronx,Norwood,Weekday,19,22,22,12,8,124,149.5
174,Bronx,Norwood,Weekday,20,22,22,12,5,104,132.0
174,Bronx,Norwood,Weekday,21,22,22,5,2,91,121.0
174,Bronx,Norwood,Weekday,22,22,22,5,3,99,125.0
174,Bronx,Norwood,Weekday,23,22,22,4,2,109,133.5
174,Bronx,Norwood,Weekend,0,8,8,2,0,104,134.5
174,Bronx,Norwood,Weekend,1,8,8,2,2,68,78.5
174,Bronx,Norwood,Weekend,2,8,8,3,5,39,64.0
174,Bronx,Norwood,Weekend,3,8,8,2,1,36,44.0
174,Bronx,Norwood,Weekend,4,8,8,2,3,40,48.0
174,Bronx,Norwood,Weekend,5,8,8,4,2,52,59.5
174,Bronx,Norwood,Weekend,6,8,8,4,2,72,77.5
174,Bronx,Norwood,Weekend,7,8,8,2,2,114,129.5
174,Bronx,Norwood,Weekend,8,8,8,1,2,95,119.5
174,Bronx,Norwood,Weekend,9,8,8,5,3,91,122.0
174,Bronx,Norwood,Weekend,10,8,8,3,3,108,136.0
174,Bronx,Norwood,Weekend,11,8,8,4,1,117,139.0
174,Bronx,Norwood,Weekend,12,8,8,1,1,103,129.5
174,Bronx,Norwood,Weekend,13,8,8,3,3,111,126.5
174,Bronx,Norwood,Weekend,14,8,8,7,7,126,154.5
174,Bronx,Norwood,Weekend,15,8,8,4,5,134,157.5
174,Bronx,Norwood,Weekend,16,8,8,5,5,120,142.5
174,Bronx,Norwood,Weekend,17,8,8,7,4,116,139.5
174,Bronx,Norwood,Weekend,18,8,8,5,3,123,146.0
174,Bronx,Norwood,Weekend,19,8,8,6,5,137,170.0
174,Bronx,Norwood,Weekend,20,8,8,7,5,123,160.5
174,Bronx,Norwood,Weekend,21,8,8,3,3,121,148.5
174,Bronx,Norwood,Weekend,22,8,8,3,1,115,149.5
174,Bronx,Norwood,Weekend,23,8,8,2,1,122,158.5
175,Queens,Oakland Gardens,Weekday,0,22,22,19,12,1,4.0
175,Queens,Oakland Gardens,Weekday,1,20,22,17,8,1,3.0
175,Queens,Oakland Gardens,Weekday,2,21,22,17,7,1,2.0
175,Queens,Oakland Gardens,Weekday,3,21,22,18,10,1,2.0
175,Queens,Oakland Gardens,Weekday,4,22,22,19,14,1,5.0
175,Queens,Oakland Gardens,Weekday,5,22,22,20,20,7,14.0
175,Queens,Oakland Gardens,Weekday,6,22,22,22,17,13,20.5
175,Queens,Oakland Gardens,Weekday,7,22,22,18,11,26,43.5
175,Queens,Oakland Gardens,Weekday,8,22,22,10,9,34,50.5
175,Queens,Oakland Gardens,Weekday,9,22,22,16,12,27,36.0
175,Queens,Oakland Gardens,Weekday,10,22,22,17,10,22,30.0
175,Queens,Oakland Gardens,Weekday,11,22,22,20,13,20,28.5
175,Queens,Oakland Gardens,Weekday,12,22,22,20,21,21,30.0
175,Queens,Oakland Gardens,Weekday,13,22,22,19,16,17,33.5
175,Queens,Oakland Gardens,Weekday,14,22,22,20,19,17,47.0
175,Queens,Oakland Gardens,Weekday,15,22,22,21,19,21,38.0
175,Queens,Oakland Gardens,Weekday,16,22,22,17,15,23,34.5
175,Queens,Oakland Gardens,Weekday,17,22,22,15,11,24,36.5
175,Queens,Oakland Gardens,Weekday,18,22,22,17,11,18,27.0
175,Queens,Oakland Gardens,Weekday,19,22,22,18,15,8,21.5
175,Queens,Oakland Gardens,Weekday,20,22,22,21,20,11,23.0
175,Queens,Oakland Gardens,Weekday,21,22,22,21,21,9,20.5
175,Queens,Oakland Gardens,Weekday,22,22,22,20,16,9,16.0
175,Queens,Oakland Gardens,Weekday,23,22,22,20,16,5,9.5
175,Queens,Oakland Gardens,Weekend,0,8,8,5,6,5,11.5
175,Queens,Oakland Gardens,Weekend,1,8,8,7,4,4,6.5
175,Queens,Oakland Gardens,Weekend,2,8,8,8,4,2,7.5
175,Queens,Oakland Gardens,Weekend,3,8,8,7,5,2,5.5
175,Queens,Oakland Gardens,Weekend,4,7,8,6,6,4,9.0
175,Queens,Oakland Gardens,Weekend,5,8,8,8,6,8,9.0
175,Queens,Oakland Gardens,Weekend,6,8,8,6,5,8,10.0
175,Queens,Oakland Gardens,Weekend,7,8,8,8,4,13,20.5
175,Queens,Oakland Gardens,Weekend,8,8,8,7,7,12,19.0
175,Queens,Oakland Gardens,Weekend,9,8,8,6,6,26,28.0
175,Queens,Oakland Gardens,Weekend,10,8,8,7,4,20,24.5
175,Queens,Oakland Gardens,Weekend,11,8,8,5,4,25,37.0
175,Queens,Oakland Gardens,Weekend,12,8,8,8,5,24,30.5
175,Queens,Oakland Gardens,Weekend,13,8,8,7,4,20,29.0
175,Queens,Oakland Gardens,Weekend,14,8,8,5,6,20,28.5
175,Queens,Oakland Gardens,Weekend,15,8,8,7,6,14,23.5
175,Queens,Oakland Gardens,Weekend,16,8,8,5,6,11,24.0
175,Queens,Oakland Gardens,Weekend,17,8,8,8,6,15,26.0
175,Queens,Oakland Gardens,Weekend,18,8,8,5,5,14,21.0
175,Queens,Oakland Gardens,Weekend,19,8,8,6,6,15,24.0
175,Queens,Oakland Gardens,Weekend,20,8,8,8,7,14,24.0
175,Queens,Oakland Gardens,Weekend,21,8,8,7,7,18,22.0
175,Queens,Oakland Gardens,Weekend,22,8,8,7,7,14,19.5
175,Queens,Oakland Gardens,Weekend,23,8,8,8,7,7,12.0
176,Staten Island,Oakwood,Weekday,0,19,22,19,14,1,3.0
176,Staten Island,Oakwood,Weekday,1,22,22,20,16,1,2.0
176,Staten Island,Oakwood,Weekday,2,13,22,11,8,1,2.0
176,Staten Island,Oakwood,Weekday,3,14,22,12,10,1,2.0
176,Staten Island,Oakwood,Weekday,4,22,22,22,16,1,4.0
176,Staten Island,Oakwood,Weekday,5,22,22,21,18,3,6.0
176,Staten Island,Oakwood,Weekday,6,22,22,20,18,5,10.5
176,Staten Island,Oakwood,Weekday,7,22,22,18,15,15,22.0
176,Staten Island,Oakwood,Weekday,8,22,22,14,17,9,17.0
176,Staten Island,Oakwood,Weekday,9,22,22,19,16,11,16.0
176,Staten Island,Oakwood,Weekday,10,22,22,19,14,6,10.5
176,Staten Island,Oakwood,Weekday,11,22,22,19,16,3,14.0
176,Staten Island,Oakwood,Weekday,12,22,22,19,16,9,11.0
176,Staten Island,Oakwood,Weekday,13,22,22,22,15,8,14.5
176,Staten Island,Oakwood,Weekday,14,22,22,21,17,9,17.5
176,Staten Island,Oakwood,Weekday,15,22,22,17,12,10,15.0
176,Staten Island,Oakwood,Weekday,16,22,22,20,17,9,14.0
176,Staten Island,Oakwood,Weekday,17,22,22,20,18,6,13.5
176,Staten Island,Oakwood,Weekday,18,22,22,18,16,7,14.5
176,Staten Island,Oakwood,Weekday,19,22,22,20,17,6,11.0
176,Staten Island,Oakwood,Weekday,20,22,22,20,15,4,9.0
176,Staten Island,Oakwood,Weekday,21,22,22,18,16,4,7.0
176,Staten Island,Oakwood,Weekday,22,22,22,20,15,1,5.0
176,Staten Island,Oakwood,Weekday,23,22,22,21,16,2,6.0
176,Staten Island,Oakwood,Weekend,0,8,8,7,7,3,4.5
176,Staten Island,Oakwood,Weekend,1,8,8,7,6,1,3.0
176,Staten Island,Oakwood,Weekend,2,8,8,6,4,1,2.0
176,Staten Island,Oakwood,Weekend,3,6,8,5,4,1,2.5
176,Staten Island,Oakwood,Weekend,4,8,8,8,4,1,2.0
176,Staten Island,Oakwood,Weekend,5,8,8,8,6,3,5.5
176,Staten Island,Oakwood,Weekend,6,8,8,7,4,2,7.0
176,Staten Island,Oakwood,Weekend,7,8,8,7,5,4,8.5
176,Staten Island,Oakwood,Weekend,8,8,8,6,7,6,11.0
176,Staten Island,Oakwood,Weekend,9,8,8,8,7,12,15.5
176,Staten Island,Oakwood,Weekend,10,8,8,7,7,7,10.0
176,Staten Island,Oakwood,Weekend,11,8,8,7,6,7,13.0
176,Staten Island,Oakwood,Weekend,12,8,8,8,5,9,15.5
176,Staten Island,Oakwood,Weekend,13,8,8,6,5,8,12.0
176,Staten Island,Oakwood,Weekend,14,8,8,4,4,4,10.0
176,Staten Island,Oakwood,Weekend,15,8,8,5,5,9,15.5
176,Staten Island,Oakwood,Weekend,16,8,8,7,5,3,9.0
176,Staten Island,Oakwood,Weekend,17,8,8,8,7,6,14.5
176,Staten Island,Oakwood,Weekend,18,8,8,7,5,6,14.0
176,Staten Island,Oakwood,Weekend,19,8,8,7,6,5,9.0
176,Staten Island,Oakwood,Weekend,20,8,8,8,8,8,11.0
176,Staten Island,Oakwood,Weekend,21,8,8,8,8,6,12.5
176,Staten Island,Oakwood,Weekend,22,8,8,8,7,3,7.5
176,Staten Island,Oakwood,Weekend,23,8,8,8,7,4,6.0
177,Brooklyn,Ocean Hill,Weekday,0,22,22,16,6,73,100.5
177,Brooklyn,Ocean Hill,Weekday,1,22,22,16,9,44,59.5
177,Brooklyn,Ocean Hill,Weekday,2,22,22,16,8,28,35.5
177,Brooklyn,Ocean Hill,Weekday,3,22,22,19,17,24,37.5
177,Brooklyn,Ocean Hill,Weekday,4,22,22,21,21,29,44.5
177,Brooklyn,Ocean Hill,Weekday,5,22,22,22,22,45,62.0
177,Brooklyn,Ocean Hill,Weekday,6,22,22,22,21,85,112.5
177,Brooklyn,Ocean Hill,Weekday,7,22,22,22,22,120,167.5
177,Brooklyn,Ocean Hill,Weekday,8,22,22,22,22,154,187.5
177,Brooklyn,Ocean Hill,Weekday,9,22,22,22,22,124,150.0
177,Brooklyn,Ocean Hill,Weekday,10,22,22,22,17,93,112.5
177,Brooklyn,Ocean Hill,Weekday,11,22,22,22,20,83,108.0
177,Brooklyn,Ocean Hill,Weekday,12,22,22,22,20,87,107.0
177,Brooklyn,Ocean Hill,Weekday,13,22,22,21,18,84,124.0
177,Brooklyn,Ocean Hill,Weekday,14,22,22,22,20,98,137.0
177,Brooklyn,Ocean Hill,Weekday,15,22,22,19,17,105,140.0
177,Brooklyn,Ocean Hill,Weekday,16,22,22,18,17,96,138.0
177,Brooklyn,Ocean Hill,Weekday,17,22,22,20,13,113,159.5
177,Brooklyn,Ocean Hill,Weekday,18,22,22,18,12,101,147.0
177,Brooklyn,Ocean Hill,Weekday,19,22,22,21,13,114,136.0
177,Brooklyn,Ocean Hill,Weekday,20,22,22,22,13,114,140.0
177,Brooklyn,Ocean Hill,Weekday,21,22,22,16,5,106,139.5
177,Brooklyn,Ocean Hill,Weekday,22,22,22,10,12,105,138.5
177,Brooklyn,Ocean Hill,Weekday,23,22,22,13,8,99,117.0
177,Brooklyn,Ocean Hill,Weekend,0,8,8,3,1,147,190.5
177,Brooklyn,Ocean Hill,Weekend,1,8,8,3,2,119,136.5
177,Brooklyn,Ocean Hill,Weekend,2,8,8,3,3,78,100.5
177,Brooklyn,Ocean Hill,Weekend,3,8,8,1,3,65,80.5
177,Brooklyn,Ocean Hill,Weekend,4,8,8,3,5,56,65.5
177,Brooklyn,Ocean Hill,Weekend,5,8,8,6,6,57,65.0
177,Brooklyn,Ocean Hill,Weekend,6,8,8,8,8,60,73.5
177,Brooklyn,Ocean Hill,Weekend,7,8,8,8,8,82,92.0
177,Brooklyn,Ocean Hill,Weekend,8,8,8,8,8,103,121.0
177,Brooklyn,Ocean Hill,Weekend,9,8,8,8,8,131,140.0
177,Brooklyn,Ocean Hill,Weekend,10,8,8,8,8,126,149.5
177,Brooklyn,Ocean Hill,Weekend,11,8,8,8,8,144,156.0
177,Brooklyn,Ocean Hill,Weekend,12,8,8,8,8,138,153.5
177,Brooklyn,Ocean Hill,Weekend,13,8,8,8,8,143,149.0
177,Brooklyn,Ocean Hill,Weekend,14,8,8,7,8,143,158.5
177,Brooklyn,Ocean Hill,Weekend,15,8,8,8,6,121,158.5
177,Brooklyn,Ocean Hill,Weekend,16,8,8,5,2,142,164.5
177,Brooklyn,Ocean Hill,Weekend,17,8,8,4,3,138,163.5
177,Brooklyn,Ocean Hill,Weekend,18,8,8,5,1,111,154.5
177,Brooklyn,Ocean Hill,Weekend,19,8,8,5,6,131,176.5
177,Brooklyn,Ocean Hill,Weekend,20,8,8,7,6,133,187.0
177,Brooklyn,Ocean Hill,Weekend,21,8,8,8,4,128,193.0
177,Brooklyn,Ocean Hill,Weekend,22,8,8,7,5,140,182.5
177,Brooklyn,Ocean Hill,Weekend,23,8,8,5,4,115,172.0
178,Brooklyn,Ocean Parkway South,Weekday,0,22,22,11,7,5,12.0
178,Brooklyn,Ocean Parkway South,Weekday,1,22,22,13,9,2,7.0
178,Brooklyn,Ocean Parkway South,Weekday,2,22,22,16,10,1,5.0
178,Brooklyn,Ocean Parkway South,Weekday,3,22,22,11,4,1,2.0
178,Brooklyn,Ocean Parkway South,Weekday,4,22,22,11,8,1,5.0
178,Brooklyn,Ocean Parkway South,Weekday,5,22,22,1,1,5,9.0
178,Brooklyn,Ocean Parkway South,Weekday,6,22,22,0,0,10,25.5
178,Brooklyn,Ocean Parkway South,Weekday,7,22,22,2,1,11,52.0
178,Brooklyn,Ocean Parkway South,Weekday,8,22,22,6,4,21,74.0
178,Brooklyn,Ocean Parkway South,Weekday,9,22,22,14,9,9,60.0
178,Brooklyn,Ocean Parkway South,Weekday,10,22,22,14,12,11,44.0
178,Brooklyn,Ocean Parkway South,Weekday,11,22,22,12,8,8,35.0
178,Brooklyn,Ocean Parkway South,Weekday,12,22,22,16,10,10,40.5
178,Brooklyn,Ocean Parkway South,Weekday,13,22,22,12,6,10,37.0
178,Brooklyn,Ocean Parkway South,Weekday,14,22,22,10,8,12,33.0
178,Brooklyn,Ocean Parkway South,Weekday,15,22,22,9,6,10,32.0
178,Brooklyn,Ocean Parkway South,Weekday,16,22,22,11,5,16,37.5
178,Brooklyn,Ocean Parkway South,Weekday,17,22,22,9,4,12,38.5
178,Brooklyn,Ocean Parkway South,Weekday,18,22,22,11,4,8,49.0
178,Brooklyn,Ocean Parkway South,Weekday,19,22,22,13,9,12,33.5
178,Brooklyn,Ocean Parkway South,Weekday,20,22,22,16,10,12,29.0
178,Brooklyn,Ocean Parkway South,Weekday,21,22,22,12,3,11,22.0
178,Brooklyn,Ocean Parkway South,Weekday,22,22,22,7,4,13,20.0
178,Brooklyn,Ocean Parkway South,Weekday,23,22,22,8,11,6,16.0
178,Brooklyn,Ocean Parkway South,Weekend,0,8,8,3,3,13,17.0
178,Brooklyn,Ocean Parkway South,Weekend,1,8,8,4,2,3,10.5
178,Brooklyn,Ocean Parkway South,Weekend,2,8,8,2,2,3,6.5
178,Brooklyn,Ocean Parkway South,Weekend,3,7,8,2,1,1,6.0
178,Brooklyn,Ocean Parkway South,Weekend,4,8,8,2,3,2,4.0
178,Brooklyn,Ocean Parkway South,Weekend,5,8,8,2,2,3,6.0
178,Brooklyn,Ocean Parkway South,Weekend,6,8,8,0,1,5,12.5
178,Brooklyn,Ocean Parkway South,Weekend,7,8,8,1,3,9,16.5
178,Brooklyn,Ocean Parkway South,Weekend,8,8,8,3,3,13,30.0
178,Brooklyn,Ocean Parkway South,Weekend,9,8,8,6,2,14,19.5
178,Brooklyn,Ocean Parkway South,Weekend,10,8,8,3,2,12,24.5
178,Brooklyn,Ocean Parkway South,Weekend,11,8,8,3,1,18,31.0
178,Brooklyn,Ocean Parkway South,Weekend,12,8,8,3,1,14,36.5
178,Brooklyn,Ocean Parkway South,Weekend,13,8,8,1,0,13,28.0
178,Brooklyn,Ocean Parkway South,Weekend,14,8,8,0,0,15,27.5
178,Brooklyn,Ocean Parkway South,Weekend,15,8,8,3,3,11,27.0
178,Brooklyn,Ocean Parkway South,Weekend,16,8,8,4,0,10,25.0
178,Brooklyn,Ocean Parkway South,Weekend,17,8,8,1,2,19,26.0
178,Brooklyn,Ocean Parkway South,Weekend,18,8,8,3,4,18,25.0
178,Brooklyn,Ocean Parkway South,Weekend,19,8,8,4,4,13,29.5
178,Brooklyn,Ocean Parkway South,Weekend,20,8,8,2,1,24,34.0
178,Brooklyn,Ocean Parkway South,Weekend,21,8,8,4,2,20,28.5
178,Brooklyn,Ocean Parkway South,Weekend,22,8,8,1,2,14,29.5
178,Brooklyn,Ocean Parkway South,Weekend,23,8,8,1,2,12,16.5
179,Queens,Old Astoria,Weekday,0,22,22,10,4,42,50.5
179,Queens,Old Astoria,Weekday,1,22,22,14,8,21,31.0
179,Queens,Old Astoria,Weekday,2,22,22,12,11,17,21.0
179,Queens,Old Astoria,Weekday,3,22,22,5,7,15,24.5
179,Queens,Old Astoria,Weekday,4,22,22,0,0,28,39.0
179,Queens,Old Astoria,Weekday,5,22,22,0,0,53,73.0
179,Queens,Old Astoria,Weekday,6,22,22,1,0,77,117.0
179,Queens,Old Astoria,Weekday,7,22,22,1,3,108,155.5
179,Queens,Old Astoria,Weekday,8,22,22,11,8,146,172.5
179,Queens,Old Astoria,Weekday,9,22,22,10,6,102,136.0
179,Queens,Old Astoria,Weekday,10,22,22,11,8,86,107.0
179,Queens,Old Astoria,Weekday,11,22,22,12,11,67,101.5
179,Queens,Old Astoria,Weekday,12,22,22,15,10,77,103.0
179,Queens,Old Astoria,Weekday,13,22,22,5,4,84,101.5
179,Queens,Old Astoria,Weekday,14,22,22,9,4,78,114.5
179,Queens,Old Astoria,Weekday,15,22,22,3,5,92,105.5
179,Queens,Old Astoria,Weekday,16,22,22,3,3,82,106.5
179,Queens,Old Astoria,Weekday,17,22,22,3,2,101,123.5
179,Queens,Old Astoria,Weekday,18,22,22,6,3,91,122.0
179,Queens,Old Astoria,Weekday,19,22,22,5,2,82,103.5
179,Queens,Old Astoria,Weekday,20,22,22,4,2,70,92.0
179,Queens,Old Astoria,Weekday,21,22,22,2,0,65,93.5
179,Queens,Old Astoria,Weekday,22,22,22,2,1,63,96.0
179,Queens,Old Astoria,Weekday,23,22,22,2,1,48,72.5
179,Queens,Old Astoria,Weekend,0,8,8,1,0,82,98.0
179,Queens,Old Astoria,Weekend,1,8,8,2,0,53,74.0
179,Queens,Old Astoria,Weekend,2,8,8,0,0,39,61.5
179,Queens,Old Astoria,Weekend,3,8,8,1,1,41,59.0
179,Queens,Old Astoria,Weekend,4,8,8,3,1,38,49.5
179,Queens,Old Astoria,Weekend,5,8,8,0,1,35,44.5
179,Queens,Old Astoria,Weekend,6,8,8,0,1,71,79.5
179,Queens,Old Astoria,Weekend,7,8,8,0,0,81,95.5
179,Queens,Old Astoria,Weekend,8,8,8,3,2,81,122.0
179,Queens,Old Astoria,Weekend,9,8,8,4,2,129,139.5
179,Queens,Old Astoria,Weekend,10,8,8,5,2,126,141.5
179,Queens,Old Astoria,Weekend,11,8,8,5,5,132,161.5
179,Queens,Old Astoria,Weekend,12,8,8,4,2,133,154.0
179,Queens,Old Astoria,Weekend,13,8,8,2,1,125,154.5
179,Queens,Old Astoria,Weekend,14,8,8,1,0,127,154.5
179,Queens,Old Astoria,Weekend,15,8,8,2,2,116,146.0
179,Queens,Old Astoria,Weekend,16,8,8,2,1,113,144.5
179,Queens,Old Astoria,Weekend,17,8,8,0,0,109,144.5
179,Queens,Old Astoria,Weekend,18,8,8,6,1,93,164.0
179,Queens,Old Astoria,Weekend,19,8,8,4,1,118,147.5
179,Queens,Old Astoria,Weekend,20,8,8,2,0,84,125.0
179,Queens,Old Astoria,Weekend,21,8,8,1,0,101,134.5
179,Queens,Old Astoria,Weekend,22,8,8,0,0,96,126.5
179,Queens,Old Astoria,Weekend,23,8,8,0,0,54,116.5
180,Queens,Ozone Park,Weekday,0,22,22,18,14,18,27.0
180,Queens,Ozone Park,Weekday,1,22,22,20,14,12,21.5
180,Queens,Ozone Park,Weekday,2,22,22,19,15,5,12.0
180,Queens,Ozone Park,Weekday,3,22,22,20,11,7,13.5
180,Queens,Ozone Park,Weekday,4,22,22,11,6,12,21.0
180,Queens,Ozone Park,Weekday,5,22,22,5,5,23,30.5
180,Queens,Ozone Park,Weekday,6,22,22,7,6,34,48.0
180,Queens,Ozone Park,Weekday,7,22,22,11,6,38,81.0
180,Queens,Ozone Park,Weekday,8,22,22,11,10,57,79.0
180,Queens,Ozone Park,Weekday,9,22,22,18,9,40,55.5
180,Queens,Ozone Park,Weekday,10,22,22,16,13,32,44.5
180,Queens,Ozone Park,Weekday,11,22,22,20,14,27,43.5
180,Queens,Ozone Park,Weekday,12,22,22,16,11,37,47.0
180,Queens,Ozone Park,Weekday,13,22,22,12,6,39,58.5
180,Queens,Ozone Park,Weekday,14,22,22,15,8,38,73.5
180,Queens,Ozone Park,Weekday,15,22,22,8,8,42,60.5
180,Queens,Ozone Park,Weekday,16,22,22,8,10,41,61.5
180,Queens,Ozone Park,Weekday,17,22,22,2,1,58,78.0
180,Queens,Ozone Park,Weekday,18,22,22,7,4,58,72.5
180,Queens,Ozone Park,Weekday,19,22,22,12,10,43,66.0
180,Queens,Ozone Park,Weekday,20,22,22,13,6,50,68.0
180,Queens,Ozone Park,Weekday,21,22,22,7,3,35,56.5
180,Queens,Ozone Park,Weekday,22,22,22,9,4,38,62.0
180,Queens,Ozone Park,Weekday,23,22,22,20,11,26,45.5
180,Queens,Ozone Park,Weekend,0,8,8,6,6,50,58.5
180,Queens,Ozone Park,Weekend,1,8,8,6,6,36,48.0
180,Queens,Ozone Park,Weekend,2,8,8,7,7,32,38.0
180,Queens,Ozone Park,Weekend,3,8,8,6,5,14,27.5
180,Queens,Ozone Park,Weekend,4,8,8,4,2,15,26.5
180,Queens,Ozone Park,Weekend,5,8,8,5,3,20,25.0
180,Queens,Ozone Park,Weekend,6,8,8,3,4,21,30.0
180,Queens,Ozone Park,Weekend,7,8,8,6,4,21,38.5
180,Queens,Ozone Park,Weekend,8,8,8,5,4,38,54.0
180,Queens,Ozone Park,Weekend,9,8,8,2,1,46,58.5
180,Queens,Ozone Park,Weekend,10,8,8,6,3,40,56.0
180,Queens,Ozone Park,Weekend,11,8,8,6,3,56,63.5
180,Queens,Ozone Park,Weekend,12,8,8,2,1,45,62.5
180,Queens,Ozone Park,Weekend,13,8,8,0,1,57,79.5
180,Queens,Ozone Park,Weekend,14,8,8,3,2,59,78.5
180,Queens,Ozone Park,Weekend,15,8,8,1,1,52,80.0
180,Queens,Ozone Park,Weekend,16,8,8,0,3,47,65.5
180,Queens,Ozone Park,Weekend,17,8,8,1,1,54,68.5
180,Queens,Ozone Park,Weekend,18,8,8,3,1,53,70.5
180,Queens,Ozone Park,Weekend,19,8,8,4,1,41,68.0
180,Queens,Ozone Park,Weekend,20,8,8,5,4,55,77.0
180,Queens,Ozone Park,Weekend,21,8,8,7,4,52,69.5
180,Queens,Ozone Park,Weekend,22,8,8,6,7,43,62.5
180,Queens,Ozone Park,Weekend,23,8,8,7,5,37,51.5
181,Brooklyn,Park Slope,Weekday,0,22,22,1,0,84,130.5
181,Brooklyn,Park Slope,Weekday,1,22,22,2,1,45,69.5
181,Brooklyn,Park Slope,Weekday,2,22,22,4,1,29,46.5
181,Brooklyn,Park Slope,Weekday,3,22,22,1,0,24,34.0
181,Brooklyn,Park Slope,Weekday,4,22,22,0,0,40,58.0
181,Brooklyn,Park Slope,Weekday,5,22,22,0,0,76,98.0
181,Brooklyn,Park Slope,Weekday,6,22,22,0,0,117,164.0
181,Brooklyn,Park Slope,Weekday,7,22,22,0,0,146,262.5
181,Brooklyn,Park Slope,Weekday,8,22,22,0,0,256,330.5
181,Brooklyn,Park Slope,Weekday,9,22,22,0,0,219,273.0
181,Brooklyn,Park Slope,Weekday,10,22,22,0,0,213,250.0
181,Brooklyn,Park Slope,Weekday,11,22,22,1,0,200,246.0
181,Brooklyn,Park Slope,Weekday,12,22,22,0,0,206,239.5
181,Brooklyn,Park Slope,Weekday,13,22,22,1,0,189,234.0
181,Brooklyn,Park Slope,Weekday,14,22,22,1,1,211,270.0
181,Brooklyn,Park Slope,Weekday,15,22,22,1,1,249,293.5
181,Brooklyn,Park Slope,Weekday,16,22,22,0,0,239,314.0
181,Brooklyn,Park Slope,Weekday,17,22,22,0,0,289,360.5
181,Brooklyn,Park Slope,Weekday,18,22,22,0,0,296,400.5
181,Brooklyn,Park Slope,Weekday,19,22,22,0,0,274,345.5
181,Brooklyn,Park Slope,Weekday,20,22,22,0,0,255,369.5
181,Brooklyn,Park Slope,Weekday,21,22,22,0,0,231,397.5
181,Brooklyn,Park Slope,Weekday,22,22,22,2,2,200,343.5
181,Brooklyn,Park Slope,Weekday,23,22,22,2,2,148,262.0
181,Brooklyn,Park Slope,Weekend,0,8,8,1,1,339,413.5
181,Brooklyn,Park Slope,Weekend,1,8,8,0,0,191,260.0
181,Brooklyn,Park Slope,Weekend,2,8,8,0,0,154,167.0
181,Brooklyn,Park Slope,Weekend,3,8,8,0,0,84,105.5
181,Brooklyn,Park Slope,Weekend,4,8,8,0,0,57,76.0
181,Brooklyn,Park Slope,Weekend,5,8,8,0,0,60,77.0
181,Brooklyn,Park Slope,Weekend,6,8,8,0,0,80,98.5
181,Brooklyn,Park Slope,Weekend,7,8,8,0,0,94,138.5
181,Brooklyn,Park Slope,Weekend,8,8,8,0,0,137,212.5
181,Brooklyn,Park Slope,Weekend,9,8,8,0,0,202,283.5
181,Brooklyn,Park Slope,Weekend,10,8,8,0,1,277,368.0
181,Brooklyn,Park Slope,Weekend,11,8,8,1,1,305,375.5
181,Brooklyn,Park Slope,Weekend,12,8,8,1,1,345,441.0
181,Brooklyn,Park Slope,Weekend,13,8,8,1,1,354,444.0
181,Brooklyn,Park Slope,Weekend,14,8,8,0,0,342,439.0
181,Brooklyn,Park Slope,Weekend,15,8,8,0,0,377,434.0
181,Brooklyn,Park Slope,Weekend,16,8,8,0,0,394,415.5
181,Brooklyn,Park Slope,Weekend,17,8,8,0,1,322,457.0
181,Brooklyn,Park Slope,Weekend,18,8,8,0,0,384,490.5
181,Brooklyn,Park Slope,Weekend,19,8,8,0,0,340,448.0
181,Brooklyn,Park Slope,Weekend,20,8,8,1,0,300,449.5
181,Brooklyn,Park Slope,Weekend,21,8,8,2,0,270,436.0
181,Brooklyn,Park Slope,Weekend,22,8,8,3,0,233,406.0
181,Brooklyn,Park Slope,Weekend,23,8,8,2,2,171,400.0
182,Bronx,Parkchester,Weekday,0,22,22,15,7,22,31.0
182,Bronx,Parkchester,Weekday,1,22,22,14,9,13,21.0
182,Bronx,Parkchester,Weekday,2,22,22,18,18,8,15.0
182,Bronx,Parkchester,Weekday,3,22,22,17,11,9,14.0
182,Bronx,Parkchester,Weekday,4,22,22,16,13,23,29.0
182,Bronx,Parkchester,Weekday,5,22,22,6,8,49,60.0
182,Bronx,Parkchester,Weekday,6,22,22,15,16,85,111.0
182,Bronx,Parkchester,Weekday,7,22,22,21,18,115,172.0
182,Bronx,Parkchester,Weekday,8,22,22,16,11,145,170.0
182,Bronx,Parkchester,Weekday,9,22,22,15,13,101,126.0
182,Bronx,Parkchester,Weekday,10,22,22,12,11,65,90.0
182,Bronx,Parkchester,Weekday,11,22,22,16,10,50,74.0
182,Bronx,Parkchester,Weekday,12,22,22,16,10,66,77.5
182,Bronx,Parkchester,Weekday,13,22,22,14,12,74,86.0
182,Bronx,Parkchester,Weekday,14,22,22,9,9,74,93.0
182,Bronx,Parkchester,Weekday,15,22,22,5,6,57,80.0
182,Bronx,Parkchester,Weekday,16,22,22,8,5,67,85.5
182,Bronx,Parkchester,Weekday,17,22,22,8,7,63,94.5
182,Bronx,Parkchester,Weekday,18,22,22,10,4,68,102.0
182,Bronx,Parkchester,Weekday,19,22,22,19,6,63,87.0
182,Bronx,Parkchester,Weekday,20,22,22,18,6,48,84.5
182,Bronx,Parkchester,Weekday,21,22,22,7,0,55,77.5
182,Bronx,Parkchester,Weekday,22,22,22,9,4,51,73.0
182,Bronx,Parkchester,Weekday,23,22,22,14,9,37,55.0
182,Bronx,Parkchester,Weekend,0,8,8,5,2,45,53.5
182,Bronx,Parkchester,Weekend,1,8,8,2,3,26,39.5
182,Bronx,Parkchester,Weekend,2,8,8,6,5,19,29.0
182,Bronx,Parkchester,Weekend,3,8,8,4,4,17,21.0
182,Bronx,Parkchester,Weekend,4,8,8,3,4,20,28.5
182,Bronx,Parkchester,Weekend,5,8,8,6,5,26,31.5
182,Bronx,Parkchester,Weekend,6,8,8,8,8,42,55.5
182,Bronx,Parkchester,Weekend,7,8,8,7,2,45,64.5
182,Bronx,Parkchester,Weekend,8,8,8,3,2,63,75.5
182,Bronx,Parkchester,Weekend,9,8,8,6,3,96,103.5
182,Bronx,Parkchester,Weekend,10,8,8,3,3,87,107.5
182,Bronx,Parkchester,Weekend,11,8,8,3,1,79,101.5
182,Bronx,Parkchester,Weekend,12,8,8,4,2,90,108.5
182,Bronx,Parkchester,Weekend,13,8,8,4,3,83,109.0
182,Bronx,Parkchester,Weekend,14,8,8,3,2,87,108.5
182,Bronx,Parkchester,Weekend,15,8,8,2,0,93,109.0
182,Bronx,Parkchester,Weekend,16,8,8,2,1,71,105.5
182,Bronx,Parkchester,Weekend,17,8,8,2,1,79,96.0
182,Bronx,Parkchester,Weekend,18,8,8,5,3,71,98.0
182,Bronx,Parkchester,Weekend,19,8,8,5,3,56,100.0
182,Bronx,Parkchester,Weekend,20,8,8,5,1,81,98.5
182,Bronx,Parkchester,Weekend,21,8,8,5,4,63,103.5
182,Bronx,Parkchester,Weekend,22,8,8,4,3,58,87.0
182,Bronx,Parkchester,Weekend,23,8,8,6,3,40,68.5
183,Bronx,Pelham Bay,Weekday,0,22,22,18,7,10,18.0
183,Bronx,Pelham Bay,Weekday,1,22,22,17,12,8,13.0
183,Bronx,Pelham Bay,Weekday,2,22,22,15,15,4,8.5
183,Bronx,Pelham Bay,Weekday,3,22,22,20,18,4,7.0
183,Bronx,Pelham Bay,Weekday,4,22,22,15,12,6,11.0
183,Bronx,Pelham Bay,Weekday,5,22,22,8,10,14,24.5
183,Bronx,Pelham Bay,Weekday,6,22,22,17,16,31,48.0
183,Bronx,Pelham Bay,Weekday,7,22,22,17,13,48,70.5
183,Bronx,Pelham Bay,Weekday,8,22,22,11,9,61,76.0
183,Bronx,Pelham Bay,Weekday,9,22,22,11,12,45,57.0
183,Bronx,Pelham Bay,Weekday,10,22,22,15,6,30,45.0
183,Bronx,Pelham Bay,Weekday,11,22,22,14,14,25,44.0
183,Bronx,Pelham Bay,Weekday,12,22,22,16,9,29,46.5
183,Bronx,Pelham Bay,Weekday,13,22,22,15,14,33,45.5
183,Bronx,Pelham Bay,Weekday,14,22,22,8,9,35,53.0
183,Bronx,Pelham Bay,Weekday,15,22,22,10,6,38,51.0
183,Bronx,Pelham Bay,Weekday,16,22,22,8,7,38,53.0
183,Bronx,Pelham Bay,Weekday,17,22,22,10,8,36,53.0
183,Bronx,Pelham Bay,Weekday,18,22,22,10,9,39,59.5
183,Bronx,Pelham Bay,Weekday,19,22,22,14,12,33,46.5
183,Bronx,Pelham Bay,Weekday,20,22,22,17,9,33,44.0
183,Bronx,Pelham Bay,Weekday,21,22,22,19,8,27,38.5
183,Bronx,Pelham Bay,Weekday,22,22,22,18,14,23,33.5
183,Bronx,Pelham Bay,Weekday,23,22,22,18,16,19,30.5
183,Bronx,Pelham Bay,Weekend,0,8,8,7,4,25,33.0
183,Bronx,Pelham Bay,Weekend,1,8,8,5,5,16,29.5
183,Bronx,Pelham Bay,Weekend,2,8,8,7,7,10,22.0
183,Bronx,Pelham Bay,Weekend,3,8,8,3,4,12,16.0
183,Bronx,Pelham Bay,Weekend,4,8,8,4,2,6,16.0
183,Bronx,Pelham Bay,Weekend,5,8,8,2,3,13,16.5
183,Bronx,Pelham Bay,Weekend,6,8,8,8,5,19,24.0
183,Bronx,Pelham Bay,Weekend,7,8,8,3,4,23,27.0
183,Bronx,Pelham Bay,Weekend,8,8,8,6,3,26,34.5
183,Bronx,Pelham Bay,Weekend,9,8,8,5,5,39,44.5
183,Bronx,Pelham Bay,Weekend,10,8,8,4,2,46,54.5
183,Bronx,Pelham Bay,Weekend,11,8,8,2,2,40,51.5
183,Bronx,Pelham Bay,Weekend,12,8,8,2,4,31,53.5
183,Bronx,Pelham Bay,Weekend,13,8,8,0,2,30,55.0
183,Bronx,Pelham Bay,Weekend,14,8,8,1,0,47,57.5
183,Bronx,Pelham Bay,Weekend,15,8,8,3,1,41,54.5
183,Bronx,Pelham Bay,Weekend,16,8,8,5,5,32,53.5
183,Bronx,Pelham Bay,Weekend,17,8,8,5,1,40,53.5
183,Bronx,Pelham Bay,Weekend,18,8,8,6,4,32,52.0
183,Bronx,Pelham Bay,Weekend,19,8,8,7,6,29,53.0
183,Bronx,Pelham Bay,Weekend,20,8,8,8,5,41,49.0
183,Bronx,Pelham Bay,Weekend,21,8,8,7,6,28,44.0
183,Bronx,Pelham Bay,Weekend,22,8,8,8,6,32,46.5
183,Bronx,Pelham Bay,Weekend,23,8,8,8,8,22,38.5
184,Bronx,Pelham Bay Park,Weekday,0,22,22,12,5,1,3.0
184,Bronx,Pelham Bay Park,Weekday,1,19,22,16,4,1,3.0
184,Bronx,Pelham Bay Park,Weekday,2,20,22,9,3,1,2.0
184,Bronx,Pelham Bay Park,Weekday,3,13,22,12,6,1,2.0
184,Bronx,Pelham Bay Park,Weekday,4,19,22,10,7,1,2.0
184,Bronx,Pelham Bay Park,Weekday,5,22,22,7,3,1,2.0
184,Bronx,Pelham Bay Park,Weekday,6,21,22,11,6,1,4.0
184,Bronx,Pelham Bay Park,Weekday,7,22,22,16,12,4,8.0
184,Bronx,Pelham Bay Park,Weekday,8,22,22,13,7,2,7.5
184,Bronx,Pelham Bay Park,Weekday,9,22,22,13,9,2,5.0
184,Bronx,Pelham Bay Park,Weekday,10,22,22,16,6,3,6.0
184,Bronx,Pelham Bay Park,Weekday,11,22,22,14,8,1,5.5
184,Bronx,Pelham Bay Park,Weekday,12,22,22,12,9,2,7.0
184,Bronx,Pelham Bay Park,Weekday,13,22,22,17,12,2,7.0
184,Bronx,Pelham Bay Park,Weekday,14,22,22,20,14,4,7.5
184,Bronx,Pelham Bay Park,Weekday,15,22,22,18,19,4,8.0
184,Bronx,Pelham Bay Park,Weekday,16,22,22,17,18,5,9.5
184,Bronx,Pelham Bay Park,Weekday,17,22,22,16,12,2,9.0
184,Bronx,Pelham Bay Park,Weekday,18,22,22,16,16,4,10.0
184,Bronx,Pelham Bay Park,Weekday,19,22,22,19,15,3,9.5
184,Bronx,Pelham Bay Park,Weekday,20,22,22,14,8,2,7.0
184,Bronx,Pelham Bay Park,Weekday,21,22,22,19,15,1,6.0
184,Bronx,Pelham Bay Park,Weekday,22,22,22,15,11,2,7.0
184,Bronx,Pelham Bay Park,Weekday,23,22,22,15,10,1,6.0
184,Bronx,Pelham Bay Park,Weekend,0,8,8,7,4,3,6.5
184,Bronx,Pelham Bay Park,Weekend,1,8,8,5,5,3,5.5
184,Bronx,Pelham Bay Park,Weekend,2,8,8,6,3,2,4.5
184,Bronx,Pelham Bay Park,Weekend,3,8,8,4,1,1,2.0
184,Bronx,Pelham Bay Park,Weekend,4,8,8,1,2,1,3.5
184,Bronx,Pelham Bay Park,Weekend,5,8,8,3,2,2,3.5
184,Bronx,Pelham Bay Park,Weekend,6,8,8,6,1,1,3.0
184,Bronx,Pelham Bay Park,Weekend,7,8,8,5,3,2,5.0
184,Bronx,Pelham Bay Park,Weekend,8,8,8,4,0,2,6.0
184,Bronx,Pelham Bay Park,Weekend,9,8,8,6,4,5,7.0
184,Bronx,Pelham Bay Park,Weekend,10,8,8,8,6,3,8.0
184,Bronx,Pelham Bay Park,Weekend,11,8,8,5,5,5,10.0
184,Bronx,Pelham Bay Park,Weekend,12,8,8,6,5,5,10.0
184,Bronx,Pelham Bay Park,Weekend,13,8,8,5,5,6,13.0
184,Bronx,Pelham Bay Park,Weekend,14,8,8,7,4,2,16.5
184,Bronx,Pelham Bay Park,Weekend,15,8,8,7,8,8,13.5
184,Bronx,Pelham Bay Park,Weekend,16,8,8,6,5,6,14.0
184,Bronx,Pelham Bay Park,Weekend,17,8,8,7,5,4,14.5
184,Bronx,Pelham Bay Park,Weekend,18,8,8,7,6,3,14.5
184,Bronx,Pelham Bay Park,Weekend,19,8,8,8,6,4,9.0
184,Bronx,Pelham Bay Park,Weekend,20,8,8,8,7,4,8.0
184,Bronx,Pelham Bay Park,Weekend,21,8,8,8,6,2,5.5
184,Bronx,Pelham Bay Park,Weekend,22,8,8,7,6,2,5.0
184,Bronx,Pelham Bay Park,Weekend,23,8,8,6,6,2,4.5
185,Bronx,Pelham Parkway,Weekday,0,22,22,16,8,35,47.0
185,Bronx,Pelham Parkway,Weekday,1,22,22,17,14,18,28.5
185,Bronx,Pelham Parkway,Weekday,2,22,22,20,14,11,19.0
185,Bronx,Pelham Parkway,Weekday,3,22,22,19,18,8,17.0
185,Bronx,Pelham Parkway,Weekday,4,22,22,18,15,15,22.0
185,Bronx,Pelham Parkway,Weekday,5,22,22,13,10,45,55.5
185,Bronx,Pelham Parkway,Weekday,6,22,22,19,15,79,106.5
185,Bronx,Pelham Parkway,Weekday,7,22,22,21,19,96,152.5
185,Bronx,Pelham Parkway,Weekday,8,22,22,10,8,147,169.5
185,Bronx,Pelham Parkway,Weekday,9,22,22,5,6,110,128.5
185,Bronx,Pelham Parkway,Weekday,10,22,22,12,6,92,119.5
185,Bronx,Pelham Parkway,Weekday,11,22,22,14,13,88,115.5
185,Bronx,Pelham Parkway,Weekday,12,22,22,15,9,96,115.0
185,Bronx,Pelham Parkway,Weekday,13,22,22,11,9,79,116.0
185,Bronx,Pelham Parkway,Weekday,14,22,22,10,11,110,134.0
185,Bronx,Pelham Parkway,Weekday,15,22,22,10,4,115,133.0
185,Bronx,Pelham Parkway,Weekday,16,22,22,19,14,118,143.0
185,Bronx,Pelham Parkway,Weekday,17,22,22,20,15,125,149.5
185,Bronx,Pelham Parkway,Weekday,18,22,22,11,11,85,129.5
185,Bronx,Pelham Parkway,Weekday,19,22,22,17,12,81,115.0
185,Bronx,Pelham Parkway,Weekday,20,22,22,16,9,63,96.0
185,Bronx,Pelham Parkway,Weekday,21,22,22,14,8,63,88.5
185,Bronx,Pelham Parkway,Weekday,22,22,22,17,6,60,81.5
185,Bronx,Pelham Parkway,Weekday,23,22,22,19,9,58,75.5
185,Bronx,Pelham Parkway,Weekend,0,8,8,5,4,74,82.0
185,Bronx,Pelham Parkway,Weekend,1,8,8,7,4,37,49.0
185,Bronx,Pelham Parkway,Weekend,2,8,8,8,6,37,41.5
185,Bronx,Pelham Parkway,Weekend,3,8,8,5,3,19,24.0
185,Bronx,Pelham Parkway,Weekend,4,8,8,6,6,19,28.5
185,Bronx,Pelham Parkway,Weekend,5,8,8,4,5,30,40.5
185,Bronx,Pelham Parkway,Weekend,6,8,8,8,7,53,60.5
185,Bronx,Pelham Parkway,Weekend,7,8,8,6,7,75,83.0
185,Bronx,Pelham Parkway,Weekend,8,8,8,5,3,66,95.5
185,Bronx,Pelham Parkway,Weekend,9,8,8,5,3,96,101.5
185,Bronx,Pelham Parkway,Weekend,10,8,8,4,3,96,102.0
185,Bronx,Pelham Parkway,Weekend,11,8,8,3,4,89,102.5
185,Bronx,Pelham Parkway,Weekend,12,8,8,2,3,88,114.5
185,Bronx,Pelham Parkway,Weekend,13,8,8,3,4,89,107.0
185,Bronx,Pelham Parkway,Weekend,14,8,8,4,1,82,113.5
185,Bronx,Pelham Parkway,Weekend,15,8,8,4,2,97,116.5
185,Bronx,Pelham Parkway,Weekend,16,8,8,6,4,76,104.5
185,Bronx,Pelham Parkway,Weekend,17,8,8,5,2,71,86.0
185,Bronx,Pelham Parkway,Weekend,18,8,8,6,1,86,101.5
185,Bronx,Pelham Parkway,Weekend,19,8,8,5,6,82,120.5
185,Bronx,Pelham Parkway,Weekend,20,8,8,7,5,89,117.0
185,Bronx,Pelham Parkway,Weekend,21,8,8,8,4,78,95.5
185,Bronx,Pelham Parkway,Weekend,22,8,8,6,5,77,87.5
185,Bronx,Pelham Parkway,Weekend,23,8,8,8,4,68,85.0
186,Manhattan,Penn Station/Madison Sq West,Weekday,0,22,22,1,1,55,126.0
186,Manhattan,Penn Station/Madison Sq West,Weekday,1,22,22,0,0,59,73.0
186,Manhattan,Penn Station/Madison Sq West,Weekday,2,22,22,1,2,14,34.0
186,Manhattan,Penn Station/Madison Sq West,Weekday,3,22,22,1,1,13,24.0
186,Manhattan,Penn Station/Madison Sq West,Weekday,4,22,22,0,0,24,32.5
186,Manhattan,Penn Station/Madison Sq West,Weekday,5,22,22,0,0,33,57.0
186,Manhattan,Penn Station/Madison Sq West,Weekday,6,22,22,0,0,67,90.0
186,Manhattan,Penn Station/Madison Sq West,Weekday,7,22,22,0,0,87,132.0
186,Manhattan,Penn Station/Madison Sq West,Weekday,8,22,22,1,1,133,198.0
186,Manhattan,Penn Station/Madison Sq West,Weekday,9,22,22,0,1,133,192.0
186,Manhattan,Penn Station/Madison Sq West,Weekday,10,22,22,0,4,126,157.0
186,Manhattan,Penn Station/Madison Sq West,Weekday,11,22,22,0,6,128,157.5
186,Manhattan,Penn Station/Madison Sq West,Weekday,12,22,22,0,4,111,144.5
186,Manhattan,Penn Station/Madison Sq West,Weekday,13,22,22,0,3,113,148.0
186,Manhattan,Penn Station/Madison Sq West,Weekday,14,22,22,0,1,129,147.5
186,Manhattan,Penn Station/Madison Sq West,Weekday,15,22,22,1,2,119,157.0
186,Manhattan,Penn Station/Madison Sq West,Weekday,16,22,22,1,6,137,164.0
186,Manhattan,Penn Station/Madison Sq West,Weekday,17,22,22,4,5,135,208.5
186,Manhattan,Penn Station/Madison Sq West,Weekday,18,22,22,5,5,150,201.0
186,Manhattan,Penn Station/Madison Sq West,Weekday,19,22,22,1,2,148,216.0
186,Manhattan,Penn Station/Madison Sq West,Weekday,20,22,22,1,0,158,206.5
186,Manhattan,Penn Station/Madison Sq West,Weekday,21,22,22,12,8,157,204.5
186,Manhattan,Penn Station/Madison Sq West,Weekday,22,22,22,15,15,127,234.5
186,Manhattan,Penn Station/Madison Sq West,Weekday,23,22,22,11,10,94,207.5
186,Manhattan,Penn Station/Madison Sq West,Weekend,0,8,8,2,3,183,213.5
186,Manhattan,Penn Station/Madison Sq West,Weekend,1,8,8,4,2,164,222.0
186,Manhattan,Penn Station/Madison Sq West,Weekend,2,8,8,1,0,140,186.0
186,Manhattan,Penn Station/Madison Sq West,Weekend,3,8,8,1,1,101,125.0
186,Manhattan,Penn Station/Madison Sq West,Weekend,4,8,8,1,0,54,70.0
186,Manhattan,Penn Station/Madison Sq West,Weekend,5,8,8,0,1,35,65.5
186,Manhattan,Penn Station/Madison Sq West,Weekend,6,8,8,0,0,50,62.0
186,Manhattan,Penn Station/Madison Sq West,Weekend,7,8,8,0,1,52,71.0
186,Manhattan,Penn Station/Madison Sq West,Weekend,8,8,8,0,1,69,96.0
186,Manhattan,Penn Station/Madison Sq West,Weekend,9,8,8,0,1,103,125.0
186,Manhattan,Penn Station/Madison Sq West,Weekend,10,8,8,1,2,140,160.0
186,Manhattan,Penn Station/Madison Sq West,Weekend,11,8,8,2,2,159,194.5
186,Manhattan,Penn Station/Madison Sq West,Weekend,12,8,8,2,2,187,210.0
186,Manhattan,Penn Station/Madison Sq West,Weekend,13,8,8,2,2,177,202.0
186,Manhattan,Penn Station/Madison Sq West,Weekend,14,8,8,2,2,156,184.5
186,Manhattan,Penn Station/Madison Sq West,Weekend,15,8,8,1,2,151,169.5
186,Manhattan,Penn Station/Madison Sq West,Weekend,16,8,8,1,1,175,185.5
186,Manhattan,Penn Station/Madison Sq West,Weekend,17,8,8,1,2,158,207.0
186,Manhattan,Penn Station/Madison Sq West,Weekend,18,8,8,0,1,177,211.5
186,Manhattan,Penn Station/Madison Sq West,Weekend,19,8,8,1,0,159,227.0
186,Manhattan,Penn Station/Madison Sq West,Weekend,20,8,8,1,1,177,248.0
186,Manhattan,Penn Station/Madison Sq West,Weekend,21,8,8,0,2,166,223.5
186,Manhattan,Penn Station/Madison Sq West,Weekend,22,8,8,0,0,154,220.0
186,Manhattan,Penn Station/Madison Sq West,Weekend,23,8,8,0,0,113,169.5
187,Staten Island,Port Richmond,Weekday,0,22,22,22,19,3,9.0
187,Staten Island,Port Richmond,Weekday,1,22,22,22,20,3,5.5
187,Staten Island,Port Richmond,Weekday,2,22,22,18,11,1,3.0
187,Staten Island,Port Richmond,Weekday,3,22,22,21,18,1,4.0
187,Staten Island,Port Richmond,Weekday,4,22,22,19,13,2,6.0
187,Staten Island,Port Richmond,Weekday,5,22,22,21,19,6,10.0
187,Staten Island,Port Richmond,Weekday,6,22,22,21,18,13,20.0
187,Staten Island,Port Richmond,Weekday,7,22,22,21,20,16,35.0
187,Staten Island,Port Richmond,Weekday,8,22,22,13,12,34,44.0
187,Staten Island,Port Richmond,Weekday,9,22,22,18,13,28,32.0
187,Staten Island,Port Richmond,Weekday,10,22,22,18,16,19,27.0
187,Staten Island,Port Richmond,Weekday,11,22,22,20,16,17,28.0
187,Staten Island,Port Richmond,Weekday,12,22,22,18,10,19,26.0
187,Staten Island,Port Richmond,Weekday,13,22,22,18,13,18,27.5
187,Staten Island,Port Richmond,Weekday,14,22,22,19,16,24,35.5
187,Staten Island,Port Richmond,Weekday,15,22,22,19,11,26,34.0
187,Staten Island,Port Richmond,Weekday,16,22,22,17,16,18,34.5
187,Staten Island,Port Richmond,Weekday,17,22,22,17,13,27,36.0
187,Staten Island,Port Richmond,Weekday,18,22,22,19,18,12,29.0
187,Staten Island,Port Richmond,Weekday,19,22,22,18,17,14,25.0
187,Staten Island,Port Richmond,Weekday,20,22,22,22,15,13,23.0
187,Staten Island,Port Richmond,Weekday,21,22,22,22,17,11,21.5
187,Staten Island,Port Richmond,Weekday,22,22,22,18,12,12,20.0
187,Staten Island,Port Richmond,Weekday,23,22,22,19,18,5,15.0
187,Staten Island,Port Richmond,Weekend,0,8,8,6,7,10,17.5
187,Staten Island,Port Richmond,Weekend,1,8,8,8,7,5,12.5
187,Staten Island,Port Richmond,Weekend,2,8,8,7,7,6,9.0
187,Staten Island,Port Richmond,Weekend,3,8,8,8,5,4,8.5
187,Staten Island,Port Richmond,Weekend,4,8,8,6,4,2,6.0
187,Staten Island,Port Richmond,Weekend,5,8,8,8,4,4,10.0
187,Staten Island,Port Richmond,Weekend,6,8,8,8,5,10,13.5
187,Staten Island,Port Richmond,Weekend,7,8,8,7,7,11,16.0
187,Staten Island,Port Richmond,Weekend,8,8,8,8,2,13,19.5
187,Staten Island,Port Richmond,Weekend,9,8,8,8,5,22,26.5
187,Staten Island,Port Richmond,Weekend,10,8,8,7,5,16,22.5
187,Staten Island,Port Richmond,Weekend,11,8,8,7,6,16,28.5
187,Staten Island,Port Richmond,Weekend,12,8,8,7,4,13,30.0
187,Staten Island,Port Richmond,Weekend,13,8,8,5,4,21,28.0
187,Staten Island,Port Richmond,Weekend,14,8,8,5,3,18,28.0
187,Staten Island,Port Richmond,Weekend,15,8,8,8,5,27,33.0
187,Staten Island,Port Richmond,Weekend,16,8,8,7,4,18,30.0
187,Staten Island,Port Richmond,Weekend,17,8,8,6,5,19,27.0
187,Staten Island,Port Richmond,Weekend,18,8,8,8,7,18,28.5
187,Staten Island,Port Richmond,Weekend,19,8,8,7,5,13,22.5
187,Staten Island,Port Richmond,Weekend,20,8,8,8,5,18,23.0
187,Staten Island,Port Richmond,Weekend,21,8,8,8,6,9,24.5
187,Staten Island,Port Richmond,Weekend,22,8,8,7,6,17,22.5
187,Staten Island,Port Richmond,Weekend,23,8,8,7,8,11,19.5
188,Brooklyn,Prospect-Lefferts Gardens,Weekday,0,22,22,3,1,100,135.0
188,Brooklyn,Prospect-Lefferts Gardens,Weekday,1,22,22,6,0,40,74.5
188,Brooklyn,Prospect-Lefferts Gardens,Weekday,2,22,22,13,9,33,46.0
188,Brooklyn,Prospect-Lefferts Gardens,Weekday,3,22,22,14,11,29,44.0
188,Brooklyn,Prospect-Lefferts Gardens,Weekday,4,22,22,19,15,47,63.5
188,Brooklyn,Prospect-Lefferts Gardens,Weekday,5,22,22,22,21,83,98.5
188,Brooklyn,Prospect-Lefferts Gardens,Weekday,6,22,22,22,22,146,189.5
188,Brooklyn,Prospect-Lefferts Gardens,Weekday,7,22,22,21,17,188,262.0
188,Brooklyn,Prospect-Lefferts Gardens,Weekday,8,22,22,19,13,248,305.0
188,Brooklyn,Prospect-Lefferts Gardens,Weekday,9,22,22,17,7,217,267.5
188,Brooklyn,Prospect-Lefferts Gardens,Weekday,10,22,22,22,13,189,230.0
188,Brooklyn,Prospect-Lefferts Gardens,Weekday,11,22,22,22,11,172,205.5
188,Brooklyn,Prospect-Lefferts Gardens,Weekday,12,22,22,19,15,181,206.5
188,Brooklyn,Prospect-Lefferts Gardens,Weekday,13,22,22,21,16,179,215.0
188,Brooklyn,Prospect-Lefferts Gardens,Weekday,14,22,22,22,14,179,251.5
188,Brooklyn,Prospect-Lefferts Gardens,Weekday,15,22,22,19,15,202,261.5
188,Brooklyn,Prospect-Lefferts Gardens,Weekday,16,22,22,20,11,222,280.0
188,Brooklyn,Prospect-Lefferts Gardens,Weekday,17,22,22,22,16,232,289.0
188,Brooklyn,Prospect-Lefferts Gardens,Weekday,18,22,22,17,8,198,270.5
188,Brooklyn,Prospect-Lefferts Gardens,Weekday,19,22,22,19,7,194,246.5
188,Brooklyn,Prospect-Lefferts Gardens,Weekday,20,22,22,14,2,185,239.5
188,Brooklyn,Prospect-Lefferts Gardens,Weekday,21,22,22,3,0,158,217.0
188,Brooklyn,Prospect-Lefferts Gardens,Weekday,22,22,22,3,3,158,236.0
188,Brooklyn,Prospect-Lefferts Gardens,Weekday,23,22,22,3,1,145,202.0
188,Brooklyn,Prospect-Lefferts Gardens,Weekend,0,8,8,0,1,241,285.0
188,Brooklyn,Prospect-Lefferts Gardens,Weekend,1,8,8,0,0,173,207.0
188,Brooklyn,Prospect-Lefferts Gardens,Weekend,2,8,8,0,0,110,143.5
188,Brooklyn,Prospect-Lefferts Gardens,Weekend,3,8,8,0,1,80,96.5
188,Brooklyn,Prospect-Lefferts Gardens,Weekend,4,8,8,0,0,54,72.0
188,Brooklyn,Prospect-Lefferts Gardens,Weekend,5,8,8,7,7,67,89.0
188,Brooklyn,Prospect-Lefferts Gardens,Weekend,6,8,8,8,7,104,125.0
188,Brooklyn,Prospect-Lefferts Gardens,Weekend,7,8,8,7,6,141,163.5
188,Brooklyn,Prospect-Lefferts Gardens,Weekend,8,8,8,8,5,187,207.0
188,Brooklyn,Prospect-Lefferts Gardens,Weekend,9,8,8,8,8,198,250.0
188,Brooklyn,Prospect-Lefferts Gardens,Weekend,10,8,8,8,7,244,280.5
188,Brooklyn,Prospect-Lefferts Gardens,Weekend,11,8,8,8,6,253,277.0
188,Brooklyn,Prospect-Lefferts Gardens,Weekend,12,8,8,8,6,237,279.0
188,Brooklyn,Prospect-Lefferts Gardens,Weekend,13,8,8,8,8,250,287.0
188,Brooklyn,Prospect-Lefferts Gardens,Weekend,14,8,8,8,8,265,314.0
188,Brooklyn,Prospect-Lefferts Gardens,Weekend,15,8,8,6,4,279,309.5
188,Brooklyn,Prospect-Lefferts Gardens,Weekend,16,8,8,5,3,254,304.5
188,Brooklyn,Prospect-Lefferts Gardens,Weekend,17,8,8,7,5,241,305.5
188,Brooklyn,Prospect-Lefferts Gardens,Weekend,18,8,8,8,4,258,320.0
188,Brooklyn,Prospect-Lefferts Gardens,Weekend,19,8,8,6,4,233,332.0
188,Brooklyn,Prospect-Lefferts Gardens,Weekend,20,8,8,5,4,234,326.5
188,Brooklyn,Prospect-Lefferts Gardens,Weekend,21,8,8,3,3,231,280.0
188,Brooklyn,Prospect-Lefferts Gardens,Weekend,22,8,8,2,2,216,298.0
188,Brooklyn,Prospect-Lefferts Gardens,Weekend,23,8,8,0,0,176,290.0
189,Brooklyn,Prospect Heights,Weekday,0,22,22,1,2,31,55.5
189,Brooklyn,Prospect Heights,Weekday,1,22,22,3,7,17,28.5
189,Brooklyn,Prospect Heights,Weekday,2,22,22,6,10,8,14.5
189,Brooklyn,Prospect Heights,Weekday,3,22,22,9,12,6,14.5
189,Brooklyn,Prospect Heights,Weekday,4,22,22,11,4,15,23.5
189,Brooklyn,Prospect Heights,Weekday,5,22,22,14,8,30,39.5
189,Brooklyn,Prospect Heights,Weekday,6,22,22,11,8,46,62.0
189,Brooklyn,Prospect Heights,Weekday,7,22,22,12,9,56,88.5
189,Brooklyn,Prospect Heights,Weekday,8,22,22,15,11,91,109.5
189,Brooklyn,Prospect Heights,Weekday,9,22,22,9,6,80,95.5
189,Brooklyn,Prospect Heights,Weekday,10,22,22,5,6,70,86.5
189,Brooklyn,Prospect Heights,Weekday,11,22,22,5,5,57,77.0
189,Brooklyn,Prospect Heights,Weekday,12,22,22,3,6,57,72.5
189,Brooklyn,Prospect Heights,Weekday,13,22,22,8,4,63,80.0
189,Brooklyn,Prospect Heights,Weekday,14,22,22,7,7,64,81.0
189,Brooklyn,Prospect Heights,Weekday,15,22,22,10,6,73,88.5
189,Brooklyn,Prospect Heights,Weekday,16,22,22,4,2,74,99.0
189,Brooklyn,Prospect Heights,Weekday,17,22,22,5,4,91,125.0
189,Brooklyn,Prospect Heights,Weekday,18,22,22,1,1,97,140.5
189,Brooklyn,Prospect Heights,Weekday,19,22,22,2,0,87,130.0
189,Brooklyn,Prospect Heights,Weekday,20,22,22,1,1,97,135.5
189,Brooklyn,Prospect Heights,Weekday,21,22,22,0,0,88,152.5
189,Brooklyn,Prospect Heights,Weekday,22,22,22,2,1,84,156.5
189,Brooklyn,Prospect Heights,Weekday,23,22,22,1,1,63,105.5
189,Brooklyn,Prospect Heights,Weekend,0,8,8,1,1,143,217.5
189,Brooklyn,Prospect Heights,Weekend,1,8,8,0,0,113,136.0
189,Brooklyn,Prospect Heights,Weekend,2,8,8,0,0,63,76.5
189,Brooklyn,Prospect Heights,Weekend,3,8,8,1,0,32,41.5
189,Brooklyn,Prospect Heights,Weekend,4,8,8,1,0,23,32.5
189,Brooklyn,Prospect Heights,Weekend,5,8,8,1,1,18,28.0
189,Brooklyn,Prospect Heights,Weekend,6,8,8,1,1,19,35.5
189,Brooklyn,Prospect Heights,Weekend,7,8,8,3,2,36,52.0
189,Brooklyn,Prospect Heights,Weekend,8,8,8,1,2,52,72.5
189,Brooklyn,Prospect Heights,Weekend,9,8,8,3,1,88,122.5
189,Brooklyn,Prospect Heights,Weekend,10,8,8,2,1,114,145.5
189,Brooklyn,Prospect Heights,Weekend,11,8,8,1,1,121,158.0
189,Brooklyn,Prospect Heights,Weekend,12,8,8,4,3,121,194.5
189,Brooklyn,Prospect Heights,Weekend,13,8,8,2,2,136,183.5
189,Brooklyn,Prospect Heights,Weekend,14,8,8,4,3,161,199.0
189,Brooklyn,Prospect Heights,Weekend,15,8,8,2,1,171,194.0
189,Brooklyn,Prospect Heights,Weekend,16,8,8,1,2,169,195.0
189,Brooklyn,Prospect Heights,Weekend,17,8,8,5,4,137,201.5
189,Brooklyn,Prospect Heights,Weekend,18,8,8,3,2,134,200.0
189,Brooklyn,Prospect Heights,Weekend,19,8,8,1,1,139,209.0
189,Brooklyn,Prospect Heights,Weekend,20,8,8,1,1,121,195.5
189,Brooklyn,Prospect Heights,Weekend,21,8,8,1,1,118,202.0
189,Brooklyn,Prospect Heights,Weekend,22,8,8,2,1,105,199.0
189,Brooklyn,Prospect Heights,Weekend,23,8,8,1,1,70,175.0
190,Brooklyn,Prospect Park,Weekday,0,22,22,3,1,1,5.0
190,Brooklyn,Prospect Park,Weekday,1,20,22,8,3,1,2.0
190,Brooklyn,Prospect Park,Weekday,2,19,22,8,2,1,2.0
190,Brooklyn,Prospect Park,Weekday,3,19,22,6,3,1,2.0
190,Brooklyn,Prospect Park,Weekday,4,18,22,9,4,1,2.0
190,Brooklyn,Prospect Park,Weekday,5,17,22,8,6,1,3.0
190,Brooklyn,Prospect Park,Weekday,6,20,22,11,9,1,3.0
190,Brooklyn,Prospect Park,Weekday,7,22,22,11,6,4,7.0
190,Brooklyn,Prospect Park,Weekday,8,22,22,12,15,6,9.5
190,Brooklyn,Prospect Park,Weekday,9,22,22,9,6,4,9.0
190,Brooklyn,Prospect Park,Weekday,10,22,22,10,8,3,10.5
190,Brooklyn,Prospect Park,Weekday,11,22,22,9,8,5,14.5
190,Brooklyn,Prospect Park,Weekday,12,22,22,11,10,9,16.5
190,Brooklyn,Prospect Park,Weekday,13,22,22,11,6,9,18.0
190,Brooklyn,Prospect Park,Weekday,14,22,22,11,8,9,21.0
190,Brooklyn,Prospect Park,Weekday,15,22,22,13,11,7,21.5
190,Brooklyn,Prospect Park,Weekday,16,22,22,15,9,13,27.5
190,Brooklyn,Prospect Park,Weekday,17,22,22,11,7,10,27.5
190,Brooklyn,Prospect Park,Weekday,18,22,22,8,6,21,27.0
190,Brooklyn,Prospect Park,Weekday,19,22,22,11,5,10,25.5
190,Brooklyn,Prospect Park,Weekday,20,22,22,11,5,6,20.0
190,Brooklyn,Prospect Park,Weekday,21,22,22,5,4,8,17.5
190,Brooklyn,Prospect Park,Weekday,22,22,22,4,3,6,14.5
190,Brooklyn,Prospect Park,Weekday,23,22,22,3,5,3,9.0
190,Brooklyn,Prospect Park,Weekend,0,8,8,2,1,8,15.5
190,Brooklyn,Prospect Park,Weekend,1,8,8,3,2,3,6.5
190,Brooklyn,Prospect Park,Weekend,2,8,8,1,1,3,5.5
190,Brooklyn,Prospect Park,Weekend,3,7,8,0,1,2,3.0
190,Brooklyn,Prospect Park,Weekend,4,8,8,4,4,1,3.0
190,Brooklyn,Prospect Park,Weekend,5,7,8,2,1,1,5.0
190,Brooklyn,Prospect Park,Weekend,6,7,8,3,1,1,3.0
190,Brooklyn,Prospect Park,Weekend,7,8,8,5,3,3,7.0
190,Brooklyn,Prospect Park,Weekend,8,8,8,1,1,6,8.0
190,Brooklyn,Prospect Park,Weekend,9,8,8,5,3,8,18.5
190,Brooklyn,Prospect Park,Weekend,10,8,8,3,1,18,27.0
190,Brooklyn,Prospect Park,Weekend,11,8,8,5,2,25,38.5
190,Brooklyn,Prospect Park,Weekend,12,8,8,6,3,46,57.0
190,Brooklyn,Prospect Park,Weekend,13,8,8,5,6,36,53.5
190,Brooklyn,Prospect Park,Weekend,14,8,8,6,4,35,69.5
190,Brooklyn,Prospect Park,Weekend,15,8,8,5,5,26,63.0
190,Brooklyn,Prospect Park,Weekend,16,8,8,5,3,27,82.5
190,Brooklyn,Prospect Park,Weekend,17,8,8,6,5,26,96.0
190,Brooklyn,Prospect Park,Weekend,18,8,8,5,4,22,40.0
190,Brooklyn,Prospect Park,Weekend,19,8,8,7,4,21,29.5
190,Brooklyn,Prospect Park,Weekend,20,8,8,4,2,14,20.5
190,Brooklyn,Prospect Park,Weekend,21,8,8,3,3,6,14.5
190,Brooklyn,Prospect Park,Weekend,22,8,8,4,2,17,27.5
190,Brooklyn,Prospect Park,Weekend,23,8,8,1,3,16,25.5
191,Queens,Queens Village,Weekday,0,22,22,22,13,18,36.0
191,Queens,Queens Village,Weekday,1,22,22,21,17,12,21.0
191,Queens,Queens Village,Weekday,2,22,22,21,18,9,16.0
191,Queens,Queens Village,Weekday,3,22,22,21,20,15,24.5
191,Queens,Queens Village,Weekday,4,22,22,21,21,23,30.5
191,Queens,Queens Village,Weekday,5,22,22,21,22,45,57.0
191,Queens,Queens Village,Weekday,6,22,22,22,22,80,107.0
191,Queens,Queens Village,Weekday,7,22,22,21,20,118,174.0
191,Queens,Queens Village,Weekday,8,22,22,7,8,139,185.0
191,Queens,Queens Village,Weekday,9,22,22,19,12,117,147.0
191,Queens,Queens Village,Weekday,10,22,22,22,15,90,108.0
191,Queens,Queens Village,Weekday,11,22,22,22,19,75,95.5
191,Queens,Queens Village,Weekday,12,22,22,22,14,74,95.0
191,Queens,Queens Village,Weekday,13,22,22,19,18,78,103.0
191,Queens,Queens Village,Weekday,14,22,22,19,18,93,128.0
191,Queens,Queens Village,Weekday,15,22,22,17,10,76,105.5
191,Queens,Queens Village,Weekday,16,22,22,17,11,89,118.0
191,Queens,Queens Village,Weekday,17,22,22,9,9,82,114.0
191,Queens,Queens Village,Weekday,18,22,22,14,10,80,103.5
191,Queens,Queens Village,Weekday,19,22,22,19,9,71,91.5
191,Queens,Queens Village,Weekday,20,22,22,21,8,58,75.0
191,Queens,Queens Village,Weekday,21,22,22,18,9,46,69.5
191,Queens,Queens Village,Weekday,22,22,22,21,17,54,72.0
191,Queens,Queens Village,Weekday,23,22,22,22,14,37,58.5
191,Queens,Queens Village,Weekend,0,8,8,8,7,54,77.5
191,Queens,Queens Village,Weekend,1,8,8,8,7,39,48.0
191,Queens,Queens Village,Weekend,2,8,8,5,5,25,32.5
191,Queens,Queens Village,Weekend,3,8,8,6,6,21,30.5
191,Queens,Queens Village,Weekend,4,8,8,5,5,31,40.5
191,Queens,Queens Village,Weekend,5,8,8,8,7,32,43.0
191,Queens,Queens Village,Weekend,6,8,8,8,7,50,67.5
191,Queens,Queens Village,Weekend,7,8,8,6,5,66,86.5
191,Queens,Queens Village,Weekend,8,8,8,8,8,88,99.5
191,Queens,Queens Village,Weekend,9,8,8,7,5,90,104.5
191,Queens,Queens Village,Weekend,10,8,8,4,2,99,114.0
191,Queens,Queens Village,Weekend,11,8,8,5,3,89,113.0
191,Queens,Queens Village,Weekend,12,8,8,2,1,86,110.0
191,Queens,Queens Village,Weekend,13,8,8,3,2,88,117.5
191,Queens,Queens Village,Weekend,14,8,8,2,1,90,122.5
191,Queens,Queens Village,Weekend,15,8,8,4,2,88,116.0
191,Queens,Queens Village,Weekend,16,8,8,6,2,70,110.0
191,Queens,Queens Village,Weekend,17,8,8,5,1,70,110.5
191,Queens,Queens Village,Weekend,18,8,8,4,5,75,92.5
191,Queens,Queens Village,Weekend,19,8,8,5,2,85,111.5
191,Queens,Queens Village,Weekend,20,8,8,7,6,71,92.0
191,Queens,Queens Village,Weekend,21,8,8,6,7,70,87.0
191,Queens,Queens Village,Weekend,22,8,8,6,6,58,94.0
191,Queens,Queens Village,Weekend,23,8,8,7,7,48,89.5
192,Queens,Queensboro Hill,Weekday,0,22,22,21,15,10,15.5
192,Queens,Queensboro Hill,Weekday,1,22,22,15,12,4,10.5
192,Queens,Queensboro Hill,Weekday,2,22,22,17,11,3,8.5
192,Queens,Queensboro Hill,Weekday,3,22,22,18,16,7,11.0
192,Queens,Queensboro Hill,Weekday,4,22,22,12,10,13,18.0
192,Queens,Queensboro Hill,Weekday,5,22,22,12,14,21,27.0
192,Queens,Queensboro Hill,Weekday,6,22,22,9,6,29,41.5
192,Queens,Queensboro Hill,Weekday,7,22,22,2,4,38,73.0
192,Queens,Queensboro Hill,Weekday,8,22,22,5,3,46,69.5
192,Queens,Queensboro Hill,Weekday,9,22,22,7,9,48,58.0
192,Queens,Queensboro Hill,Weekday,10,22,22,11,6,41,51.5
192,Queens,Queensboro Hill,Weekday,11,22,22,9,5,40,45.5
192,Queens,Queensboro Hill,Weekday,12,22,22,8,4,31,44.0
192,Queens,Queensboro Hill,Weekday,13,22,22,9,7,29,47.0
192,Queens,Queensboro Hill,Weekday,14,22,22,8,8,38,59.0
192,Queens,Queensboro Hill,Weekday,15,22,22,6,2,34,48.5
192,Queens,Queensboro Hill,Weekday,16,22,22,10,2,36,45.5
192,Queens,Queensboro Hill,Weekday,17,22,22,5,4,30,44.0
192,Queens,Queensboro Hill,Weekday,18,22,22,10,7,26,44.0
192,Queens,Queensboro Hill,Weekday,19,22,22,13,6,37,44.5
192,Queens,Queensboro Hill,Weekday,20,22,22,18,9,24,40.0
192,Queens,Queensboro Hill,Weekday,21,22,22,13,9,26,34.0
192,Queens,Queensboro Hill,Weekday,22,22,22,9,10,23,33.5
192,Queens,Queensboro Hill,Weekday,23,22,22,14,11,17,30.0
192,Queens,Queensboro Hill,Weekend,0,8,8,6,7,20,28.0
192,Queens,Queensboro Hill,Weekend,1,8,8,5,6,10,16.5
192,Queens,Queensboro Hill,Weekend,2,8,8,5,6,6,11.5
192,Queens,Queensboro Hill,Weekend,3,8,8,4,4,7,12.5
192,Queens,Queensboro Hill,Weekend,4,8,8,4,4,11,18.5
192,Queens,Queensboro Hill,Weekend,5,8,8,3,3,16,20.0
192,Queens,Queensboro Hill,Weekend,6,8,8,1,2,25,35.0
192,Queens,Queensboro Hill,Weekend,7,8,8,3,3,38,50.5
192,Queens,Queensboro Hill,Weekend,8,8,8,6,3,25,37.0
192,Queens,Queensboro Hill,Weekend,9,8,8,2,1,37,46.5
192,Queens,Queensboro Hill,Weekend,10,8,8,0,3,35,47.0
192,Queens,Queensboro Hill,Weekend,11,8,8,2,3,41,51.0
192,Queens,Queensboro Hill,Weekend,12,8,8,1,3,33,41.0
192,Queens,Queensboro Hill,Weekend,13,8,8,2,2,31,40.5
192,Queens,Queensboro Hill,Weekend,14,8,8,1,0,40,51.0
192,Queens,Queensboro Hill,Weekend,15,8,8,1,1,40,44.0
192,Queens,Queensboro Hill,Weekend,16,8,8,2,1,33,40.5
192,Queens,Queensboro Hill,Weekend,17,8,8,3,3,24,42.0
192,Queens,Queensboro Hill,Weekend,18,8,8,4,4,32,42.0
192,Queens,Queensboro Hill,Weekend,19,8,8,4,2,41,54.5
192,Queens,Queensboro Hill,Weekend,20,8,8,5,2,29,35.0
192,Queens,Queensboro Hill,Weekend,21,8,8,8,5,25,40.0
192,Queens,Queensboro Hill,Weekend,22,8,8,7,5,32,36.5
192,Queens,Queensboro Hill,Weekend,23,8,8,7,7,22,37.0
193,Queens,Queensbridge/Ravenswood,Weekday,0,22,22,10,6,13,21.0
193,Queens,Queensbridge/Ravenswood,Weekday,1,22,22,9,10,6,10.5
193,Queens,Queensbridge/Ravenswood,Weekday,2,22,22,13,17,4,9.5
193,Queens,Queensbridge/Ravenswood,Weekday,3,22,22,17,11,4,11.0
193,Queens,Queensbridge/Ravenswood,Weekday,4,22,22,11,11,9,17.0
193,Queens,Queensbridge/Ravenswood,Weekday,5,22,22,4,7,20,28.0
193,Queens,Queensbridge/Ravenswood,Weekday,6,22,22,9,4,33,49.5
193,Queens,Queensbridge/Ravenswood,Weekday,7,22,22,3,1,51,74.0
193,Queens,Queensbridge/Ravenswood,Weekday,8,22,22,12,13,64,79.5
193,Queens,Queensbridge/Ravenswood,Weekday,9,22,22,8,7,55,73.5
193,Queens,Queensbridge/Ravenswood,Weekday,10,22,22,13,14,36,58.5
193,Queens,Queensbridge/Ravenswood,Weekday,11,22,22,14,7,42,54.5
193,Queens,Queensbridge/Ravenswood,Weekday,12,22,22,14,15,41,52.5
193,Queens,Queensbridge/Ravenswood,Weekday,13,22,22,13,11,40,50.0
193,Queens,Queensbridge/Ravenswood,Weekday,14,22,22,9,4,43,57.0
193,Queens,Queensbridge/Ravenswood,Weekday,15,22,22,7,6,41,56.0
193,Queens,Queensbridge/Ravenswood,Weekday,16,22,22,6,6,46,66.0
193,Queens,Queensbridge/Ravenswood,Weekday,17,22,22,5,6,38,66.5
193,Queens,Queensbridge/Ravenswood,Weekday,18,22,22,12,8,49,63.5
193,Queens,Queensbridge/Ravenswood,Weekday,19,22,22,18,8,36,53.0
193,Queens,Queensbridge/Ravenswood,Weekday,20,22,22,18,12,31,51.5
193,Queens,Queensbridge/Ravenswood,Weekday,21,22,22,5,4,26,41.0
193,Queens,Queensbridge/Ravenswood,Weekday,22,22,22,3,2,21,38.5
193,Queens,Queensbridge/Ravenswood,Weekday,23,22,22,8,1,20,41.0
193,Queens,Queensbridge/Ravenswood,Weekend,0,8,8,1,2,30,38.0
193,Queens,Queensbridge/Ravenswood,Weekend,1,8,8,2,1,20,29.0
193,Queens,Queensbridge/Ravenswood,Weekend,2,8,8,1,1,16,22.5
193,Queens,Queensbridge/Ravenswood,Weekend,3,8,8,1,2,13,19.0
193,Queens,Queensbridge/Ravenswood,Weekend,4,8,8,3,3,15,17.5
193,Queens,Queensbridge/Ravenswood,Weekend,5,8,8,3,3,12,17.0
193,Queens,Queensbridge/Ravenswood,Weekend,6,8,8,3,2,28,36.0
193,Queens,Queensbridge/Ravenswood,Weekend,7,8,8,1,4,32,41.0
193,Queens,Queensbridge/Ravenswood,Weekend,8,8,8,6,5,45,51.5
193,Queens,Queensbridge/Ravenswood,Weekend,9,8,8,6,5,54,66.0
193,Queens,Queensbridge/Ravenswood,Weekend,10,8,8,8,7,66,71.0
193,Queens,Queensbridge/Ravenswood,Weekend,11,8,8,8,8,57,78.5
193,Queens,Queensbridge/Ravenswood,Weekend,12,8,8,7,7,77,81.5
193,Queens,Queensbridge/Ravenswood,Weekend,13,8,8,7,5,72,78.5
193,Queens,Queensbridge/Ravenswood,Weekend,14,8,8,5,5,76,85.0
193,Queens,Queensbridge/Ravenswood,Weekend,15,8,8,6,4,58,76.0
193,Queens,Queensbridge/Ravenswood,Weekend,16,8,8,5,5,37,70.5
193,Queens,Queensbridge/Ravenswood,Weekend,17,8,8,6,3,43,70.5
193,Queens,Queensbridge/Ravenswood,Weekend,18,8,8,4,2,54,68.5
193,Queens,Queensbridge/Ravenswood,Weekend,19,8,8,6,3,35,53.5
193,Queens,Queensbridge/Ravenswood,Weekend,20,8,8,3,2,37,52.0
193,Queens,Queensbridge/Ravenswood,Weekend,21,8,8,2,0,31,49.0
193,Queens,Queensbridge/Ravenswood,Weekend,22,8,8,2,2,19,39.5
193,Queens,Queensbridge/Ravenswood,Weekend,23,8,8,1,1,20,43.0
194,Manhattan,Randalls Island,Weekday,0,20,22,20,14,1,1.5
194,Manhattan,Randalls Island,Weekday,1,8,22,8,5,1,1.0
194,Manhattan,Randalls Island,Weekday,2,2,22,2,2,1,1.0
194,Manhattan,Randalls Island,Weekday,3,2,22,2,0,1,1.0
194,Manhattan,Randalls Island,Weekday,4,2,22,2,1,1,1.0
194,Manhattan,Randalls Island,Weekday,5,5,22,5,4,1,1.0
194,Manhattan,Randalls Island,Weekday,6,6,22,3,1,1,1.0
194,Manhattan,Randalls Island,Weekday,7,19,22,11,8,1,2.0
194,Manhattan,Randalls Island,Weekday,8,20,22,16,10,1,2.5
194,Manhattan,Randalls Island,Weekday,9,20,22,17,8,1,3.0
194,Manhattan,Randalls Island,Weekday,10,17,22,16,8,1,2.0
194,Manhattan,Randalls Island,Weekday,11,22,22,21,16,1,4.0
194,Manhattan,Randalls Island,Weekday,12,21,22,19,12,1,3.0
194,Manhattan,Randalls Island,Weekday,13,22,22,20,16,1,4.0
194,Manhattan,Randalls Island,Weekday,14,21,22,18,11,2,4.0
194,Manhattan,Randalls Island,Weekday,15,21,22,17,12,2,4.0
194,Manhattan,Randalls Island,Weekday,16,22,22,15,14,5,9.5
194,Manhattan,Randalls Island,Weekday,17,22,22,20,19,4,19.5
194,Manhattan,Randalls Island,Weekday,18,22,22,20,17,2,20.5
194,Manhattan,Randalls Island,Weekday,19,22,22,22,21,10,19.0
194,Manhattan,Randalls Island,Weekday,20,21,22,21,17,1,9.0
194,Manhattan,Randalls Island,Weekday,21,22,22,22,22,3,7.0
194,Manhattan,Randalls Island,Weekday,22,22,22,22,18,2,4.5
194,Manhattan,Randalls Island,Weekday,23,22,22,19,19,1,4.0
194,Manhattan,Randalls Island,Weekend,0,4,8,4,1,1,2.0
194,Manhattan,Randalls Island,Weekend,1,6,8,5,2,1,1.0
194,Manhattan,Randalls Island,Weekend,2,1,8,1,0,1,1.0
194,Manhattan,Randalls Island,Weekend,4,4,8,3,3,1,1.0
194,Manhattan,Randalls Island,Weekend,5,2,8,2,1,1,1.5
194,Manhattan,Randalls Island,Weekend,6,3,8,2,1,1,1.0
194,Manhattan,Randalls Island,Weekend,7,6,8,5,1,1,2.0
194,Manhattan,Randalls Island,Weekend,8,8,8,7,4,1,3.5
194,Manhattan,Randalls Island,Weekend,9,8,8,5,6,2,7.5
194,Manhattan,Randalls Island,Weekend,10,8,8,5,2,2,15.5
194,Manhattan,Randalls Island,Weekend,11,8,8,8,6,6,21.5
194,Manhattan,Randalls Island,Weekend,12,8,8,5,6,9,24.5
194,Manhattan,Randalls Island,Weekend,13,8,8,7,5,3,23.5
194,Manhattan,Randalls Island,Weekend,14,8,8,8,7,5,21.0
194,Manhattan,Randalls Island,Weekend,15,8,8,8,7,7,15.0
194,Manhattan,Randalls Island,Weekend,16,8,8,7,8,7,14.0
194,Manhattan,Randalls Island,Weekend,17,8,8,7,7,4,20.0
194,Manhattan,Randalls Island,Weekend,18,8,8,7,6,2,6.5
194,Manhattan,Randalls Island,Weekend,19,8,8,8,8,5,9.5
194,Manhattan,Randalls Island,Weekend,20,8,8,8,7,4,7.0
194,Manhattan,Randalls Island,Weekend,21,8,8,8,6,1,7.0
194,Manhattan,Randalls Island,Weekend,22,8,8,7,5,1,3.5
194,Manhattan,Randalls Island,Weekend,23,8,8,5,2,1,2.5
195,Brooklyn,Red Hook,Weekday,0,22,22,21,10,12,21.0
195,Brooklyn,Red Hook,Weekday,1,22,22,21,9,6,13.0
195,Brooklyn,Red Hook,Weekday,2,22,22,18,18,3,7.0
195,Brooklyn,Red Hook,Weekday,3,22,22,19,14,4,9.0
195,Brooklyn,Red Hook,Weekday,4,22,22,12,12,10,14.5
195,Brooklyn,Red Hook,Weekday,5,22,22,16,13,9,18.0
195,Brooklyn,Red Hook,Weekday,6,22,22,16,13,19,28.0
195,Brooklyn,Red Hook,Weekday,7,22,22,11,7,26,51.0
195,Brooklyn,Red Hook,Weekday,8,22,22,13,11,40,62.5
195,Brooklyn,Red Hook,Weekday,9,22,22,17,12,41,52.5
195,Brooklyn,Red Hook,Weekday,10,22,22,19,12,30,42.5
195,Brooklyn,Red Hook,Weekday,11,22,22,17,12,29,42.5
195,Brooklyn,Red Hook,Weekday,12,22,22,17,14,32,44.0
195,Brooklyn,Red Hook,Weekday,13,22,22,16,11,35,48.0
195,Brooklyn,Red Hook,Weekday,14,22,22,15,9,38,54.0
195,Brooklyn,Red Hook,Weekday,15,22,22,14,17,55,64.0
195,Brooklyn,Red Hook,Weekday,16,22,22,15,10,45,67.5
195,Brooklyn,Red Hook,Weekday,17,22,22,17,17,47,85.5
195,Brooklyn,Red Hook,Weekday,18,22,22,10,12,57,86.0
195,Brooklyn,Red Hook,Weekday,19,22,22,12,13,49,77.0
195,Brooklyn,Red Hook,Weekday,20,22,22,19,14,41,73.0
195,Brooklyn,Red Hook,Weekday,21,22,22,16,13,38,80.0
195,Brooklyn,Red Hook,Weekday,22,22,22,21,16,30,77.5
195,Brooklyn,Red Hook,Weekday,23,22,22,21,15,19,38.5
195,Brooklyn,Red Hook,Weekend,0,8,8,8,7,56,79.0
195,Brooklyn,Red Hook,Weekend,1,8,8,8,5,25,51.0
195,Brooklyn,Red Hook,Weekend,2,8,8,8,6,9,21.5
195,Brooklyn,Red Hook,Weekend,3,8,8,5,5,6,14.5
195,Brooklyn,Red Hook,Weekend,4,8,8,4,0,11,16.5
195,Brooklyn,Red Hook,Weekend,5,8,8,4,4,10,14.5
195,Brooklyn,Red Hook,Weekend,6,8,8,3,5,9,16.5
195,Brooklyn,Red Hook,Weekend,7,8,8,8,4,20,55.5
195,Brooklyn,Red Hook,Weekend,8,8,8,6,6,21,82.5
195,Brooklyn,Red Hook,Weekend,9,8,8,8,7,36,132.5
195,Brooklyn,Red Hook,Weekend,10,8,8,4,4,38,60.0
195,Brooklyn,Red Hook,Weekend,11,8,8,2,1,40,56.5
195,Brooklyn,Red Hook,Weekend,12,8,8,0,0,53,63.5
195,Brooklyn,Red Hook,Weekend,13,8,8,0,0,65,77.0
195,Brooklyn,Red Hook,Weekend,14,8,8,2,1,91,100.0
195,Brooklyn,Red Hook,Weekend,15,8,8,3,2,81,118.0
195,Brooklyn,Red Hook,Weekend,16,8,8,4,4,77,137.5
195,Brooklyn,Red Hook,Weekend,17,8,8,7,7,74,142.0
195,Brooklyn,Red Hook,Weekend,18,8,8,6,4,60,146.5
195,Brooklyn,Red Hook,Weekend,19,8,8,6,7,55,137.5
195,Brooklyn,Red Hook,Weekend,20,8,8,6,7,62,123.5
195,Brooklyn,Red Hook,Weekend,21,8,8,8,7,47,111.5
195,Brooklyn,Red Hook,Weekend,22,8,8,8,7,38,92.0
195,Brooklyn,Red Hook,Weekend,23,8,8,8,7,28,66.5
196,Queens,Rego Park,Weekday,0,22,22,18,9,17,26.0
196,Queens,Rego Park,Weekday,1,22,22,19,12,7,14.0
196,Queens,Rego Park,Weekday,2,22,22,17,7,4,8.0
196,Queens,Rego Park,Weekday,3,22,22,14,9,4,12.0
196,Queens,Rego Park,Weekday,4,22,22,12,16,13,20.5
196,Queens,Rego Park,Weekday,5,22,22,11,15,22,32.0
196,Queens,Rego Park,Weekday,6,22,22,13,8,44,66.0
196,Queens,Rego Park,Weekday,7,22,22,18,9,59,103.5
196,Queens,Rego Park,Weekday,8,22,22,9,6,97,119.5
196,Queens,Rego Park,Weekday,9,22,22,8,7,80,104.0
196,Queens,Rego Park,Weekday,10,22,22,15,10,77,93.5
196,Queens,Rego Park,Weekday,11,22,22,14,13,69,86.5
196,Queens,Rego Park,Weekday,12,22,22,19,10,77,100.0
196,Queens,Rego Park,Weekday,13,22,22,16,12,86,108.0
196,Queens,Rego Park,Weekday,14,22,22,19,13,88,108.0
196,Queens,Rego Park,Weekday,15,22,22,14,11,89,104.5
196,Queens,Rego Park,Weekday,16,22,22,16,8,95,112.0
196,Queens,Rego Park,Weekday,17,22,22,20,10,96,119.0
196,Queens,Rego Park,Weekday,18,22,22,19,11,94,119.0
196,Queens,Rego Park,Weekday,19,22,22,22,12,71,101.0
196,Queens,Rego Park,Weekday,20,22,22,21,5,80,97.5
196,Queens,Rego Park,Weekday,21,22,22,12,12,55,72.5
196,Queens,Rego Park,Weekday,22,22,22,12,8,41,58.0
196,Queens,Rego Park,Weekday,23,22,22,17,10,33,49.0
196,Queens,Rego Park,Weekend,0,8,8,4,2,33,53.5
196,Queens,Rego Park,Weekend,1,8,8,3,2,20,30.0
196,Queens,Rego Park,Weekend,2,8,8,3,2,19,23.0
196,Queens,Rego Park,Weekend,3,8,8,4,2,10,16.0
196,Queens,Rego Park,Weekend,4,8,8,4,4,21,23.5
196,Queens,Rego Park,Weekend,5,8,8,5,7,17,26.0
196,Queens,Rego Park,Weekend,6,8,8,4,3,35,40.5
196,Queens,Rego Park,Weekend,7,8,8,7,5,35,53.5
196,Queens,Rego Park,Weekend,8,8,8,6,3,43,60.0
196,Queens,Rego Park,Weekend,9,8,8,8,4,63,79.0
196,Queens,Rego Park,Weekend,10,8,8,5,5,85,93.5
196,Queens,Rego Park,Weekend,11,8,8,6,6,89,98.0
196,Queens,Rego Park,Weekend,12,8,8,7,5,90,109.0
196,Queens,Rego Park,Weekend,13,8,8,4,3,97,114.5
196,Queens,Rego Park,Weekend,14,8,8,5,2,104,114.0
196,Queens,Rego Park,Weekend,15,8,8,6,2,104,118.5
196,Queens,Rego Park,Weekend,16,8,8,4,5,87,121.0
196,Queens,Rego Park,Weekend,17,8,8,6,5,74,119.5
196,Queens,Rego Park,Weekend,18,8,8,8,6,79,127.0
196,Queens,Rego Park,Weekend,19,8,8,8,7,65,115.5
196,Queens,Rego Park,Weekend,20,8,8,8,7,59,100.0
196,Queens,Rego Park,Weekend,21,8,8,7,4,52,75.0
196,Queens,Rego Park,Weekend,22,8,8,6,5,35,66.0
196,Queens,Rego Park,Weekend,23,8,8,7,5,34,61.0
197,Queens,Richmond Hill,Weekday,0,22,22,21,16,41,55.0
197,Queens,Richmond Hill,Weekday,1,22,22,22,17,23,32.5
197,Queens,Richmond Hill,Weekday,2,22,22,20,12,24,33.5
197,Queens,Richmond Hill,Weekday,3,22,22,18,16,24,39.0
197,Queens,Richmond Hill,Weekday,4,22,22,10,7,44,55.0
197,Queens,Richmond Hill,Weekday,5,22,22,1,1,81,103.5
197,Queens,Richmond Hill,Weekday,6,22,22,6,0,107,154.5
197,Queens,Richmond Hill,Weekday,7,22,22,16,11,149,221.0
197,Queens,Richmond Hill,Weekday,8,22,22,8,4,201,242.5
197,Queens,Richmond Hill,Weekday,9,22,22,7,5,171,200.5
197,Queens,Richmond Hill,Weekday,10,22,22,16,9,137,162.5
197,Queens,Richmond Hill,Weekday,11,22,22,16,7,115,145.5
197,Queens,Richmond Hill,Weekday,12,22,22,11,7,112,140.5
197,Queens,Richmond Hill,Weekday,13,22,22,13,4,107,144.5
197,Queens,Richmond Hill,Weekday,14,22,22,14,6,123,180.0
197,Queens,Richmond Hill,Weekday,15,22,22,10,7,124,155.5
197,Queens,Richmond Hill,Weekday,16,22,22,11,3,139,156.0
197,Queens,Richmond Hill,Weekday,17,22,22,7,5,131,156.5
197,Queens,Richmond Hill,Weekday,18,22,22,17,4,123,150.0
197,Queens,Richmond Hill,Weekday,19,22,22,19,12,91,134.0
197,Queens,Richmond Hill,Weekday,20,22,22,15,3,80,116.0
197,Queens,Richmond Hill,Weekday,21,22,22,10,5,73,108.5
197,Queens,Richmond Hill,Weekday,22,22,22,9,8,71,93.5
197,Queens,Richmond Hill,Weekday,23,22,22,16,13,61,81.5
197,Queens,Richmond Hill,Weekend,0,8,8,5,4,94,134.5
197,Queens,Richmond Hill,Weekend,1,8,8,7,4,79,106.0
197,Queens,Richmond Hill,Weekend,2,8,8,6,5,70,98.5
197,Queens,Richmond Hill,Weekend,3,8,8,8,8,84,135.0
197,Queens,Richmond Hill,Weekend,4,8,8,8,6,93,119.0
197,Queens,Richmond Hill,Weekend,5,8,8,7,4,73,93.5
197,Queens,Richmond Hill,Weekend,6,8,8,3,1,88,99.0
197,Queens,Richmond Hill,Weekend,7,8,8,6,2,94,124.5
197,Queens,Richmond Hill,Weekend,8,8,8,8,6,104,129.5
197,Queens,Richmond Hill,Weekend,9,8,8,6,3,131,151.0
197,Queens,Richmond Hill,Weekend,10,8,8,5,5,135,162.5
197,Queens,Richmond Hill,Weekend,11,8,8,4,4,130,157.0
197,Queens,Richmond Hill,Weekend,12,8,8,4,2,146,157.0
197,Queens,Richmond Hill,Weekend,13,8,8,2,3,141,178.5
197,Queens,Richmond Hill,Weekend,14,8,8,1,1,138,168.0
197,Queens,Richmond Hill,Weekend,15,8,8,2,2,132,157.0
197,Queens,Richmond Hill,Weekend,16,8,8,4,3,100,141.5
197,Queens,Richmond Hill,Weekend,17,8,8,4,2,116,136.5
197,Queens,Richmond Hill,Weekend,18,8,8,5,0,114,153.5
197,Queens,Richmond Hill,Weekend,19,8,8,4,2,121,160.0
197,Queens,Richmond Hill,Weekend,20,8,8,5,2,117,162.0
197,Queens,Richmond Hill,Weekend,21,8,8,6,4,110,151.5
197,Queens,Richmond Hill,Weekend,22,8,8,5,3,98,143.5
197,Queens,Richmond Hill,Weekend,23,8,8,5,5,78,138.5
198,Queens,Ridgewood,Weekday,0,22,22,1,3,90,130.0
198,Queens,Ridgewood,Weekday,1,22,22,11,9,60,95.0
198,Queens,Ridgewood,Weekday,2,22,22,9,6,36,62.5
198,Queens,Ridgewood,Weekday,3,22,22,8,8,28,44.5
198,Queens,Ridgewood,Weekday,4,22,22,15,15,41,59.5
198,Queens,Ridgewood,Weekday,5,22,22,14,19,77,94.5
198,Queens,Ridgewood,Weekday,6,22,22,19,20,124,139.0
198,Queens,Ridgewood,Weekday,7,22,22,20,16,130,182.5
198,Queens,Ridgewood,Weekday,8,22,22,18,15,175,197.0
198,Queens,Ridgewood,Weekday,9,22,22,21,19,146,171.5
198,Queens,Ridgewood,Weekday,10,22,22,17,14,123,148.0
198,Queens,Ridgewood,Weekday,11,22,22,20,14,115,141.5
198,Queens,Ridgewood,Weekday,12,22,22,17,14,104,135.0
198,Queens,Ridgewood,Weekday,13,22,22,19,13,118,150.5
198,Queens,Ridgewood,Weekday,14,22,22,17,11,125,162.5
198,Queens,Ridgewood,Weekday,15,22,22,5,4,127,164.0
198,Queens,Ridgewood,Weekday,16,22,22,7,4,130,164.0
198,Queens,Ridgewood,Weekday,17,22,22,6,8,153,189.0
198,Queens,Ridgewood,Weekday,18,22,22,9,7,167,213.5
198,Queens,Ridgewood,Weekday,19,22,22,12,8,149,203.5
198,Queens,Ridgewood,Weekday,20,22,22,6,3,153,186.0
198,Queens,Ridgewood,Weekday,21,22,22,1,1,148,206.0
198,Queens,Ridgewood,Weekday,22,22,22,0,0,151,218.5
198,Queens,Ridgewood,Weekday,23,22,22,1,0,118,197.5
198,Queens,Ridgewood,Weekend,0,8,8,0,0,330,379.0
198,Queens,Ridgewood,Weekend,1,8,8,0,0,252,358.5
198,Queens,Ridgewood,Weekend,2,8,8,6,6,259,298.5
198,Queens,Ridgewood,Weekend,3,8,8,8,8,205,283.0
198,Queens,Ridgewood,Weekend,4,8,8,7,7,168,237.5
198,Queens,Ridgewood,Weekend,5,8,8,8,6,134,160.0
198,Queens,Ridgewood,Weekend,6,8,8,8,7,84,163.5
198,Queens,Ridgewood,Weekend,7,8,8,8,8,97,153.5
198,Queens,Ridgewood,Weekend,8,8,8,8,8,133,176.0
198,Queens,Ridgewood,Weekend,9,8,8,8,7,178,194.0
198,Queens,Ridgewood,Weekend,10,8,8,8,8,183,224.0
198,Queens,Ridgewood,Weekend,11,8,8,7,4,189,228.0
198,Queens,Ridgewood,Weekend,12,8,8,7,6,209,232.0
198,Queens,Ridgewood,Weekend,13,8,8,7,6,226,238.5
198,Queens,Ridgewood,Weekend,14,8,8,5,5,232,279.0
198,Queens,Ridgewood,Weekend,15,8,8,4,1,231,239.5
198,Queens,Ridgewood,Weekend,16,8,8,1,0,226,253.5
198,Queens,Ridgewood,Weekend,17,8,8,2,2,225,261.5
198,Queens,Ridgewood,Weekend,18,8,8,1,1,213,301.0
198,Queens,Ridgewood,Weekend,19,8,8,2,2,243,321.0
198,Queens,Ridgewood,Weekend,20,8,8,2,1,277,315.0
198,Queens,Ridgewood,Weekend,21,8,8,5,2,255,345.0
198,Queens,Ridgewood,Weekend,22,8,8,3,2,261,358.5
198,Queens,Ridgewood,Weekend,23,8,8,1,0,193,321.5
199,Bronx,Rikers Island,Weekday,16,1,22,1,1,1,1.0
199,Bronx,Rikers Island,Weekday,20,1,22,1,1,1,1.0
199,Bronx,Rikers Island,Weekday,21,1,22,1,1,1,1.0
199,Bronx,Rikers Island,Weekday,22,1,22,1,1,1,1.0
199,Bronx,Rikers Island,Weekend,7,1,8,1,1,1,1.0
199,Bronx,Rikers Island,Weekend,11,1,8,1,0,1,1.0
199,Bronx,Rikers Island,Weekend,18,1,8,1,1,1,1.0
200,Bronx,Riverdale/North Riverdale/Fieldston,Weekday,0,22,22,22,19,13,19.0
200,Bronx,Riverdale/North Riverdale/Fieldston,Weekday,1,22,22,22,22,4,11.5
200,Bronx,Riverdale/North Riverdale/Fieldston,Weekday,2,22,22,21,19,2,5.5
200,Bronx,Riverdale/North Riverdale/Fieldston,Weekday,3,22,22,21,16,3,6.0
200,Bronx,Riverdale/North Riverdale/Fieldston,Weekday,4,22,22,20,19,9,14.5
200,Bronx,Riverdale/North Riverdale/Fieldston,Weekday,5,22,22,10,9,17,23.0
200,Bronx,Riverdale/North Riverdale/Fieldston,Weekday,6,22,22,13,8,36,69.5
200,Bronx,Riverdale/North Riverdale/Fieldston,Weekday,7,22,22,19,14,65,128.5
200,Bronx,Riverdale/North Riverdale/Fieldston,Weekday,8,22,22,7,6,62,132.0
200,Bronx,Riverdale/North Riverdale/Fieldston,Weekday,9,22,22,16,6,71,94.5
200,Bronx,Riverdale/North Riverdale/Fieldston,Weekday,10,22,22,21,18,53,72.0
200,Bronx,Riverdale/North Riverdale/Fieldston,Weekday,11,22,22,20,14,54,74.0
200,Bronx,Riverdale/North Riverdale/Fieldston,Weekday,12,22,22,21,18,61,76.0
200,Bronx,Riverdale/North Riverdale/Fieldston,Weekday,13,22,22,19,16,60,80.0
200,Bronx,Riverdale/North Riverdale/Fieldston,Weekday,14,22,22,18,16,57,102.5
200,Bronx,Riverdale/North Riverdale/Fieldston,Weekday,15,22,22,20,17,70,117.0
200,Bronx,Riverdale/North Riverdale/Fieldston,Weekday,16,22,22,22,21,59,105.0
200,Bronx,Riverdale/North Riverdale/Fieldston,Weekday,17,22,22,22,20,74,122.5
200,Bronx,Riverdale/North Riverdale/Fieldston,Weekday,18,22,22,21,18,65,101.5
200,Bronx,Riverdale/North Riverdale/Fieldston,Weekday,19,22,22,22,19,46,73.0
200,Bronx,Riverdale/North Riverdale/Fieldston,Weekday,20,22,22,22,20,42,65.5
200,Bronx,Riverdale/North Riverdale/Fieldston,Weekday,21,22,22,20,14,33,44.5
200,Bronx,Riverdale/North Riverdale/Fieldston,Weekday,22,22,22,19,16,24,50.0
200,Bronx,Riverdale/North Riverdale/Fieldston,Weekday,23,22,22,22,18,24,38.0
200,Bronx,Riverdale/North Riverdale/Fieldston,Weekend,0,8,8,5,4,32,39.0
200,Bronx,Riverdale/North Riverdale/Fieldston,Weekend,1,8,8,6,6,10,23.5
200,Bronx,Riverdale/North Riverdale/Fieldston,Weekend,2,8,8,8,5,7,14.5
200,Bronx,Riverdale/North Riverdale/Fieldston,Weekend,3,8,8,6,8,5,9.0
200,Bronx,Riverdale/North Riverdale/Fieldston,Weekend,4,8,8,6,6,9,13.5
200,Bronx,Riverdale/North Riverdale/Fieldston,Weekend,5,8,8,7,7,8,14.5
200,Bronx,Riverdale/North Riverdale/Fieldston,Weekend,6,8,8,7,5,25,31.0
200,Bronx,Riverdale/North Riverdale/Fieldston,Weekend,7,8,8,5,3,23,35.5
200,Bronx,Riverdale/North Riverdale/Fieldston,Weekend,8,8,8,7,6,37,44.0
200,Bronx,Riverdale/North Riverdale/Fieldston,Weekend,9,8,8,8,6,52,69.0
200,Bronx,Riverdale/North Riverdale/Fieldston,Weekend,10,8,8,6,7,54,71.0
200,Bronx,Riverdale/North Riverdale/Fieldston,Weekend,11,8,8,7,5,67,81.0
200,Bronx,Riverdale/North Riverdale/Fieldston,Weekend,12,8,8,6,5,58,92.0
200,Bronx,Riverdale/North Riverdale/Fieldston,Weekend,13,8,8,5,1,63,83.0
200,Bronx,Riverdale/North Riverdale/Fieldston,Weekend,14,8,8,7,5,57,78.5
200,Bronx,Riverdale/North Riverdale/Fieldston,Weekend,15,8,8,8,8,63,79.5
200,Bronx,Riverdale/North Riverdale/Fieldston,Weekend,16,8,8,8,7,52,81.5
200,Bronx,Riverdale/North Riverdale/Fieldston,Weekend,17,8,8,8,7,58,78.0
200,Bronx,Riverdale/North Riverdale/Fieldston,Weekend,18,8,8,7,8,59,69.0
200,Bronx,Riverdale/North Riverdale/Fieldston,Weekend,19,8,8,8,7,59,75.5
200,Bronx,Riverdale/North Riverdale/Fieldston,Weekend,20,8,8,8,8,58,64.0
200,Bronx,Riverdale/North Riverdale/Fieldston,Weekend,21,8,8,8,8,40,57.0
200,Bronx,Riverdale/North Riverdale/Fieldston,Weekend,22,8,8,8,6,37,57.0
200,Bronx,Riverdale/North Riverdale/Fieldston,Weekend,23,8,8,7,5,23,48.0
201,Queens,Rockaway Park,Weekday,0,22,22,21,18,3,7.0
201,Queens,Rockaway Park,Weekday,1,22,22,20,15,1,3.0
201,Queens,Rockaway Park,Weekday,2,22,22,22,14,1,3.5
201,Queens,Rockaway Park,Weekday,3,21,22,21,18,1,4.0
201,Queens,Rockaway Park,Weekday,4,22,22,19,20,2,5.0
201,Queens,Rockaway Park,Weekday,5,22,22,18,21,6,9.0
201,Queens,Rockaway Park,Weekday,6,22,22,19,21,8,13.0
201,Queens,Rockaway Park,Weekday,7,22,22,17,19,7,16.0
201,Queens,Rockaway Park,Weekday,8,22,22,22,22,16,26.5
201,Queens,Rockaway Park,Weekday,9,22,22,21,21,13,19.5
201,Queens,Rockaway Park,Weekday,10,22,22,22,21,13,17.5
201,Queens,Rockaway Park,Weekday,11,22,22,21,16,11,18.0
201,Queens,Rockaway Park,Weekday,12,22,22,21,20,13,21.0
201,Queens,Rockaway Park,Weekday,13,22,22,22,21,8,20.0
201,Queens,Rockaway Park,Weekday,14,22,22,22,19,13,21.5
201,Queens,Rockaway Park,Weekday,15,22,22,21,19,14,24.5
201,Queens,Rockaway Park,Weekday,16,22,22,22,21,16,28.5
201,Queens,Rockaway Park,Weekday,17,22,22,20,20,14,25.0
201,Queens,Rockaway Park,Weekday,18,22,22,20,19,13,21.0
201,Queens,Rockaway Park,Weekday,19,22,22,20,17,9,18.0
201,Queens,Rockaway Park,Weekday,20,22,22,21,18,8,17.5
201,Queens,Rockaway Park,Weekday,21,22,22,20,19,7,15.0
201,Queens,Rockaway Park,Weekday,22,22,22,21,20,6,12.5
201,Queens,Rockaway Park,Weekday,23,22,22,21,16,3,10.5
201,Queens,Rockaway Park,Weekend,0,8,8,8,7,23,29.0
201,Queens,Rockaway Park,Weekend,1,8,8,7,8,18,24.0
201,Queens,Rockaway Park,Weekend,2,8,8,7,6,11,18.0
201,Queens,Rockaway Park,Weekend,3,8,8,7,7,10,13.0
201,Queens,Rockaway Park,Weekend,4,8,8,3,7,6,9.5
201,Queens,Rockaway Park,Weekend,5,8,8,6,7,4,6.5
201,Queens,Rockaway Park,Weekend,6,8,8,6,6,3,7.5
201,Queens,Rockaway Park,Weekend,7,8,8,7,8,6,13.0
201,Queens,Rockaway Park,Weekend,8,8,8,8,8,11,13.0
201,Queens,Rockaway Park,Weekend,9,8,8,8,7,7,19.5
201,Queens,Rockaway Park,Weekend,10,8,8,8,8,14,18.5
201,Queens,Rockaway Park,Weekend,11,8,8,8,8,14,21.0
201,Queens,Rockaway Park,Weekend,12,8,8,8,8,10,21.5
201,Queens,Rockaway Park,Weekend,13,8,8,7,7,13,20.0
201,Queens,Rockaway Park,Weekend,14,8,8,8,8,12,22.5
201,Queens,Rockaway Park,Weekend,15,8,8,7,7,12,20.0
201,Queens,Rockaway Park,Weekend,16,8,8,8,6,18,22.5
201,Queens,Rockaway Park,Weekend,17,8,8,8,7,14,24.5
201,Queens,Rockaway Park,Weekend,18,8,8,8,8,10,30.5
201,Queens,Rockaway Park,Weekend,19,8,8,6,6,14,24.0
201,Queens,Rockaway Park,Weekend,20,8,8,8,8,11,26.5
201,Queens,Rockaway Park,Weekend,21,8,8,8,8,12,21.0
201,Queens,Rockaway Park,Weekend,22,8,8,8,8,10,24.0
201,Queens,Rockaway Park,Weekend,23,8,8,8,8,8,24.5
202,Manhattan,Roosevelt Island,Weekday,0,22,22,20,17,2,6.0
202,Manhattan,Roosevelt Island,Weekday,1,22,22,19,12,1,3.0
202,Manhattan,Roosevelt Island,Weekday,2,21,22,20,18,1,3.0
202,Manhattan,Roosevelt Island,Weekday,3,22,22,21,17,1,4.0
202,Manhattan,Roosevelt Island,Weekday,4,22,22,19,15,4,7.5
202,Manhattan,Roosevelt Island,Weekday,5,22,22,21,15,3,10.0
202,Manhattan,Roosevelt Island,Weekday,6,22,22,20,16,9,16.0
202,Manhattan,Roosevelt Island,Weekday,7,22,22,19,15,15,24.0
202,Manhattan,Roosevelt Island,Weekday,8,22,22,21,14,10,18.5
202,Manhattan,Roosevelt Island,Weekday,9,22,22,19,11,8,20.0
202,Manhattan,Roosevelt Island,Weekday,10,22,22,20,20,11,18.0
202,Manhattan,Roosevelt Island,Weekday,11,22,22,17,17,9,15.5
202,Manhattan,Roosevelt Island,Weekday,12,22,22,19,21,11,16.0
202,Manhattan,Roosevelt Island,Weekday,13,22,22,20,18,12,17.5
202,Manhattan,Roosevelt Island,Weekday,14,22,22,19,16,7,19.5
202,Manhattan,Roosevelt Island,Weekday,15,22,22,21,17,12,17.5
202,Manhattan,Roosevelt Island,Weekday,16,22,22,17,17,14,20.5
202,Manhattan,Roosevelt Island,Weekday,17,22,22,17,13,8,18.0
202,Manhattan,Roosevelt Island,Weekday,18,22,22,22,21,12,21.5
202,Manhattan,Roosevelt Island,Weekday,19,22,22,22,19,12,21.5
202,Manhattan,Roosevelt Island,Weekday,20,22,22,22,20,13,21.5
202,Manhattan,Roosevelt Island,Weekday,21,22,22,21,19,10,17.5
202,Manhattan,Roosevelt Island,Weekday,22,22,22,21,15,10,20.5
202,Manhattan,Roosevelt Island,Weekday,23,22,22,20,18,6,14.5
202,Manhattan,Roosevelt Island,Weekend,0,8,8,7,6,14,17.0
202,Manhattan,Roosevelt Island,Weekend,1,8,8,6,8,5,11.5
202,Manhattan,Roosevelt Island,Weekend,2,8,8,7,8,4,6.5
202,Manhattan,Roosevelt Island,Weekend,3,8,8,8,5,2,6.0
202,Manhattan,Roosevelt Island,Weekend,4,8,8,8,5,2,9.0
202,Manhattan,Roosevelt Island,Weekend,5,8,8,7,3,4,9.0
202,Manhattan,Roosevelt Island,Weekend,6,8,8,7,4,10,12.0
202,Manhattan,Roosevelt Island,Weekend,7,8,8,6,7,11,16.0
202,Manhattan,Roosevelt Island,Weekend,8,8,8,6,5,11,19.5
202,Manhattan,Roosevelt Island,Weekend,9,8,8,8,8,14,20.5
202,Manhattan,Roosevelt Island,Weekend,10,8,8,8,8,20,26.0
202,Manhattan,Roosevelt Island,Weekend,11,8,8,8,8,26,28.5
202,Manhattan,Roosevelt Island,Weekend,12,8,8,8,8,26,31.0
202,Manhattan,Roosevelt Island,Weekend,13,8,8,8,8,21,32.0
202,Manhattan,Roosevelt Island,Weekend,14,8,8,8,8,21,31.5
202,Manhattan,Roosevelt Island,Weekend,15,8,8,6,7,26,33.0
202,Manhattan,Roosevelt Island,Weekend,16,8,8,8,7,14,30.0
202,Manhattan,Roosevelt Island,Weekend,17,8,8,8,7,22,32.0
202,Manhattan,Roosevelt Island,Weekend,18,8,8,8,8,14,27.5
202,Manhattan,Roosevelt Island,Weekend,19,8,8,8,7,21,31.5
202,Manhattan,Roosevelt Island,Weekend,20,8,8,8,5,14,20.0
202,Manhattan,Roosevelt Island,Weekend,21,8,8,8,6,16,28.0
202,Manhattan,Roosevelt Island,Weekend,22,8,8,8,7,10,24.5
202,Manhattan,Roosevelt Island,Weekend,23,8,8,8,6,10,15.0
203,Queens,Rosedale,Weekday,0,22,22,22,18,13,29.0
203,Queens,Rosedale,Weekday,1,22,22,22,18,12,17.5
203,Queens,Rosedale,Weekday,2,22,22,22,20,5,13.0
203,Queens,Rosedale,Weekday,3,22,22,22,19,8,17.5
203,Queens,Rosedale,Weekday,4,22,22,22,21,18,29.0
203,Queens,Rosedale,Weekday,5,22,22,22,22,37,47.5
203,Queens,Rosedale,Weekday,6,22,22,22,21,45,72.5
203,Queens,Rosedale,Weekday,7,22,22,22,21,71,108.0
203,Queens,Rosedale,Weekday,8,22,22,22,20,79,110.0
203,Queens,Rosedale,Weekday,9,22,22,22,18,59,87.5
203,Queens,Rosedale,Weekday,10,22,22,22,21,50,69.0
203,Queens,Rosedale,Weekday,11,22,22,22,21,44,59.0
203,Queens,Rosedale,Weekday,12,22,22,22,22,44,59.5
203,Queens,Rosedale,Weekday,13,22,22,22,22,51,67.5
203,Queens,Rosedale,Weekday,14,22,22,22,22,56,69.0
203,Queens,Rosedale,Weekday,15,22,22,22,21,53,66.5
203,Queens,Rosedale,Weekday,16,22,22,21,16,58,80.0
203,Queens,Rosedale,Weekday,17,22,22,20,17,61,81.5
203,Queens,Rosedale,Weekday,18,22,22,22,18,68,83.5
203,Queens,Rosedale,Weekday,19,22,22,22,20,52,67.0
203,Queens,Rosedale,Weekday,20,22,22,22,17,41,54.0
203,Queens,Rosedale,Weekday,21,22,22,21,19,33,58.5
203,Queens,Rosedale,Weekday,22,22,22,22,20,30,41.0
203,Queens,Rosedale,Weekday,23,22,22,22,20,24,40.0
203,Queens,Rosedale,Weekend,0,8,8,8,8,38,53.0
203,Queens,Rosedale,Weekend,1,8,8,7,8,29,34.0
203,Queens,Rosedale,Weekend,2,8,8,8,7,14,26.0
203,Queens,Rosedale,Weekend,3,8,8,8,7,24,29.0
203,Queens,Rosedale,Weekend,4,8,8,8,7,22,26.0
203,Queens,Rosedale,Weekend,5,8,8,8,6,31,36.0
203,Queens,Rosedale,Weekend,6,8,8,8,7,44,49.0
203,Queens,Rosedale,Weekend,7,8,8,8,7,48,54.5
203,Queens,Rosedale,Weekend,8,8,8,8,7,53,60.5
203,Queens,Rosedale,Weekend,9,8,8,8,8,51,72.5
203,Queens,Rosedale,Weekend,10,8,8,8,8,57,68.0
203,Queens,Rosedale,Weekend,11,8,8,8,7,58,71.0
203,Queens,Rosedale,Weekend,12,8,8,8,8,62,66.0
203,Queens,Rosedale,Weekend,13,8,8,8,7,53,71.5
203,Queens,Rosedale,Weekend,14,8,8,8,8,55,70.5
203,Queens,Rosedale,Weekend,15,8,8,8,7,44,72.0
203,Queens,Rosedale,Weekend,16,8,8,8,7,55,71.0
203,Queens,Rosedale,Weekend,17,8,8,8,8,50,66.5
203,Queens,Rosedale,Weekend,18,8,8,8,6,46,65.0
203,Queens,Rosedale,Weekend,19,8,8,8,7,49,64.0
203,Queens,Rosedale,Weekend,20,8,8,8,8,47,58.5
203,Queens,Rosedale,Weekend,21,8,8,8,8,41,63.5
203,Queens,Rosedale,Weekend,22,8,8,8,8,45,57.5
203,Queens,Rosedale,Weekend,23,8,8,8,8,32,48.5
204,Staten Island,Rossville/Woodrow,Weekday,0,19,22,18,10,1,2.0
204,Staten Island,Rossville/Woodrow,Weekday,1,15,22,15,5,1,1.0
204,Staten Island,Rossville/Woodrow,Weekday,2,13,22,13,8,1,1.0
204,Staten Island,Rossville/Woodrow,Weekday,3,18,22,11,7,1,2.0
204,Staten Island,Rossville/Woodrow,Weekday,4,20,22,18,11,1,2.0
204,Staten Island,Rossville/Woodrow,Weekday,5,22,22,21,18,1,4.0
204,Staten Island,Rossville/Woodrow,Weekday,6,22,22,16,15,2,6.0
204,Staten Island,Rossville/Woodrow,Weekday,7,22,22,13,8,4,12.0
204,Staten Island,Rossville/Woodrow,Weekday,8,22,22,11,9,9,16.5
204,Staten Island,Rossville/Woodrow,Weekday,9,22,22,19,19,9,14.0
204,Staten Island,Rossville/Woodrow,Weekday,10,22,22,19,14,3,9.0
204,Staten Island,Rossville/Woodrow,Weekday,11,22,22,16,13,4,9.0
204,Staten Island,Rossville/Woodrow,Weekday,12,22,22,14,15,5,10.0
204,Staten Island,Rossville/Woodrow,Weekday,13,22,22,12,13,7,11.0
204,Staten Island,Rossville/Woodrow,Weekday,14,22,22,17,18,6,12.0
204,Staten Island,Rossville/Woodrow,Weekday,15,22,22,16,14,6,12.0
204,Staten Island,Rossville/Woodrow,Weekday,16,22,22,18,18,6,13.0
204,Staten Island,Rossville/Woodrow,Weekday,17,22,22,19,13,6,12.0
204,Staten Island,Rossville/Woodrow,Weekday,18,22,22,17,13,4,8.5
204,Staten Island,Rossville/Woodrow,Weekday,19,22,22,20,12,2,7.5
204,Staten Island,Rossville/Woodrow,Weekday,20,22,22,22,13,3,7.0
204,Staten Island,Rossville/Woodrow,Weekday,21,22,22,22,14,1,5.5
204,Staten Island,Rossville/Woodrow,Weekday,22,22,22,21,15,1,5.5
204,Staten Island,Rossville/Woodrow,Weekday,23,21,22,18,11,1,4.0
204,Staten Island,Rossville/Woodrow,Weekend,0,8,8,8,7,5,8.0
204,Staten Island,Rossville/Woodrow,Weekend,1,8,8,8,6,2,3.5
204,Staten Island,Rossville/Woodrow,Weekend,2,7,8,5,4,2,4.0
204,Staten Island,Rossville/Woodrow,Weekend,3,8,8,5,4,1,2.0
204,Staten Island,Rossville/Woodrow,Weekend,4,8,8,6,4,1,3.0
204,Staten Island,Rossville/Woodrow,Weekend,5,8,8,8,5,2,5.0
204,Staten Island,Rossville/Woodrow,Weekend,6,8,8,5,7,4,6.5
204,Staten Island,Rossville/Woodrow,Weekend,7,8,8,7,5,3,7.5
204,Staten Island,Rossville/Woodrow,Weekend,8,8,8,8,7,5,9.5
204,Staten Island,Rossville/Woodrow,Weekend,9,8,8,7,7,6,10.5
204,Staten Island,Rossville/Woodrow,Weekend,10,8,8,6,5,5,11.0
204,Staten Island,Rossville/Woodrow,Weekend,11,8,8,8,7,6,9.5
204,Staten Island,Rossville/Woodrow,Weekend,12,8,8,5,4,8,11.0
204,Staten Island,Rossville/Woodrow,Weekend,13,8,8,6,6,5,9.0
204,Staten Island,Rossville/Woodrow,Weekend,14,8,8,6,4,7,11.5
204,Staten Island,Rossville/Woodrow,Weekend,15,8,8,7,4,4,8.5
204,Staten Island,Rossville/Woodrow,Weekend,16,8,8,5,5,4,8.0
204,Staten Island,Rossville/Woodrow,Weekend,17,8,8,6,4,6,10.5
204,Staten Island,Rossville/Woodrow,Weekend,18,8,8,8,8,7,10.5
204,Staten Island,Rossville/Woodrow,Weekend,19,8,8,8,6,1,14.0
204,Staten Island,Rossville/Woodrow,Weekend,20,8,8,8,8,4,10.5
204,Staten Island,Rossville/Woodrow,Weekend,21,8,8,8,6,3,8.0
204,Staten Island,Rossville/Woodrow,Weekend,22,8,8,8,8,2,7.0
204,Staten Island,Rossville/Woodrow,Weekend,23,8,8,8,3,2,6.0
205,Queens,Saint Albans,Weekday,0,22,22,22,16,45,62.5
205,Queens,Saint Albans,Weekday,1,22,22,22,16,23,33.5
205,Queens,Saint Albans,Weekday,2,22,22,21,18,20,28.0
205,Queens,Saint Albans,Weekday,3,22,22,22,20,23,35.0
205,Queens,Saint Albans,Weekday,4,22,22,22,22,38,52.5
205,Queens,Saint Albans,Weekday,5,22,22,22,22,71,87.5
205,Queens,Saint Albans,Weekday,6,22,22,22,22,117,158.5
205,Queens,Saint Albans,Weekday,7,22,22,22,22,126,227.0
205,Queens,Saint Albans,Weekday,8,22,22,20,19,177,234.5
205,Queens,Saint Albans,Weekday,9,22,22,22,19,141,178.5
205,Queens,Saint Albans,Weekday,10,22,22,22,21,113,138.5
205,Queens,Saint Albans,Weekday,11,22,22,21,14,88,124.0
205,Queens,Saint Albans,Weekday,12,22,22,22,17,91,125.0
205,Queens,Saint Albans,Weekday,13,22,22,22,21,110,149.0
205,Queens,Saint Albans,Weekday,14,22,22,21,18,132,162.5
205,Queens,Saint Albans,Weekday,15,22,22,22,14,111,157.0
205,Queens,Saint Albans,Weekday,16,22,22,18,7,123,166.0
205,Queens,Saint Albans,Weekday,17,22,22,11,9,145,171.5
205,Queens,Saint Albans,Weekday,18,22,22,15,4,101,145.0
205,Queens,Saint Albans,Weekday,19,22,22,22,13,97,118.0
205,Queens,Saint Albans,Weekday,20,22,22,21,12,89,116.0
205,Queens,Saint Albans,Weekday,21,22,22,17,9,85,113.0
205,Queens,Saint Albans,Weekday,22,22,22,21,15,87,111.0
205,Queens,Saint Albans,Weekday,23,22,22,19,12,70,92.0
205,Queens,Saint Albans,Weekend,0,8,8,6,6,73,94.5
205,Queens,Saint Albans,Weekend,1,8,8,8,6,61,69.0
205,Queens,Saint Albans,Weekend,2,8,8,7,4,50,56.0
205,Queens,Saint Albans,Weekend,3,8,8,7,7,45,50.5
205,Queens,Saint Albans,Weekend,4,8,8,7,6,39,51.5
205,Queens,Saint Albans,Weekend,5,8,8,8,8,55,71.0
205,Queens,Saint Albans,Weekend,6,8,8,8,8,87,100.5
205,Queens,Saint Albans,Weekend,7,8,8,8,8,99,114.5
205,Queens,Saint Albans,Weekend,8,8,8,7,7,108,138.5
205,Queens,Saint Albans,Weekend,9,8,8,8,4,136,148.5
205,Queens,Saint Albans,Weekend,10,8,8,7,5,145,162.0
205,Queens,Saint Albans,Weekend,11,8,8,5,3,130,162.5
205,Queens,Saint Albans,Weekend,12,8,8,6,7,134,168.0
205,Queens,Saint Albans,Weekend,13,8,8,7,6,146,164.5
205,Queens,Saint Albans,Weekend,14,8,8,5,5,145,174.0
205,Queens,Saint Albans,Weekend,15,8,8,5,4,135,168.0
205,Queens,Saint Albans,Weekend,16,8,8,5,2,109,138.0
205,Queens,Saint Albans,Weekend,17,8,8,4,2,104,148.0
205,Queens,Saint Albans,Weekend,18,8,8,6,6,101,135.0
205,Queens,Saint Albans,Weekend,19,8,8,6,5,102,133.0
205,Queens,Saint Albans,Weekend,20,8,8,7,4,124,151.5
205,Queens,Saint Albans,Weekend,21,8,8,8,7,97,132.5
205,Queens,Saint Albans,Weekend,22,8,8,7,7,101,127.5
205,Queens,Saint Albans,Weekend,23,8,8,8,8,76,113.0
206,Staten Island,Saint George/New Brighton,Weekday,0,22,22,19,17,17,31.0
206,Staten Island,Saint George/New Brighton,Weekday,1,22,22,21,21,11,20.5
206,Staten Island,Saint George/New Brighton,Weekday,2,22,22,22,21,4,12.0
206,Staten Island,Saint George/New Brighton,Weekday,3,22,22,21,18,7,13.5
206,Staten Island,Saint George/New Brighton,Weekday,4,22,22,21,17,10,18.0
206,Staten Island,Saint George/New Brighton,Weekday,5,22,22,18,19,17,27.5
206,Staten Island,Saint George/New Brighton,Weekday,6,22,22,22,22,42,60.5
206,Staten Island,Saint George/New Brighton,Weekday,7,22,22,22,21,67,89.0
206,Staten Island,Saint George/New Brighton,Weekday,8,22,22,21,15,97,122.5
206,Staten Island,Saint George/New Brighton,Weekday,9,22,22,19,17,70,91.5
206,Staten Island,Saint George/New Brighton,Weekday,10,22,22,22,19,63,77.0
206,Staten Island,Saint George/New Brighton,Weekday,11,22,22,22,19,52,71.5
206,Staten Island,Saint George/New Brighton,Weekday,12,22,22,19,22,50,67.0
206,Staten Island,Saint George/New Brighton,Weekday,13,22,22,20,16,63,79.0
206,Staten Island,Saint George/New Brighton,Weekday,14,22,22,19,17,66,93.0
206,Staten Island,Saint George/New Brighton,Weekday,15,22,22,17,14,72,89.0
206,Staten Island,Saint George/New Brighton,Weekday,16,22,22,10,9,67,94.5
206,Staten Island,Saint George/New Brighton,Weekday,17,22,22,10,13,80,104.0
206,Staten Island,Saint George/New Brighton,Weekday,18,22,22,13,15,65,87.0
206,Staten Island,Saint George/New Brighton,Weekday,19,22,22,16,18,50,69.5
206,Staten Island,Saint George/New Brighton,Weekday,20,22,22,17,17,57,68.5
206,Staten Island,Saint George/New Brighton,Weekday,21,22,22,20,16,47,60.5
206,Staten Island,Saint George/New Brighton,Weekday,22,22,22,19,15,40,55.5
206,Staten Island,Saint George/New Brighton,Weekday,23,22,22,20,17,31,44.0
206,Staten Island,Saint George/New Brighton,Weekend,0,8,8,8,8,41,53.5
206,Staten Island,Saint George/New Brighton,Weekend,1,8,8,8,8,35,44.0
206,Staten Island,Saint George/New Brighton,Weekend,2,8,8,8,8,28,33.5
206,Staten Island,Saint George/New Brighton,Weekend,3,8,8,8,8,19,26.5
206,Staten Island,Saint George/New Brighton,Weekend,4,8,8,6,8,12,26.0
206,Staten Island,Saint George/New Brighton,Weekend,5,8,8,7,7,21,30.0
206,Staten Island,Saint George/New Brighton,Weekend,6,8,8,8,8,31,36.5
206,Staten Island,Saint George/New Brighton,Weekend,7,8,8,8,7,34,46.5
206,Staten Island,Saint George/New Brighton,Weekend,8,8,8,8,6,40,58.5
206,Staten Island,Saint George/New Brighton,Weekend,9,8,8,7,8,53,66.5
206,Staten Island,Saint George/New Brighton,Weekend,10,8,8,8,7,65,71.0
206,Staten Island,Saint George/New Brighton,Weekend,11,8,8,7,6,59,73.5
206,Staten Island,Saint George/New Brighton,Weekend,12,8,8,4,5,64,78.5
206,Staten Island,Saint George/New Brighton,Weekend,13,8,8,5,5,63,73.5
206,Staten Island,Saint George/New Brighton,Weekend,14,8,8,3,3,70,87.5
206,Staten Island,Saint George/New Brighton,Weekend,15,8,8,5,6,75,81.5
206,Staten Island,Saint George/New Brighton,Weekend,16,8,8,3,4,62,79.5
206,Staten Island,Saint George/New Brighton,Weekend,17,8,8,3,5,56,82.0
206,Staten Island,Saint George/New Brighton,Weekend,18,8,8,6,7,54,85.0
206,Staten Island,Saint George/New Brighton,Weekend,19,8,8,7,7,52,79.5
206,Staten Island,Saint George/New Brighton,Weekend,20,8,8,7,7,41,88.0
206,Staten Island,Saint George/New Brighton,Weekend,21,8,8,7,7,57,85.5
206,Staten Island,Saint George/New Brighton,Weekend,22,8,8,7,8,45,77.0
206,Staten Island,Saint George/New Brighton,Weekend,23,8,8,8,8,38,57.0
207,Queens,Saint Michaels Cemetery/Woodside,Weekday,0,20,22,8,3,2,4.0
207,Queens,Saint Michaels Cemetery/Woodside,Weekday,1,17,22,6,2,1,2.0
207,Queens,Saint Michaels Cemetery/Woodside,Weekday,2,21,22,7,1,1,1.0
207,Queens,Saint Michaels Cemetery/Woodside,Weekday,3,20,22,3,0,1,2.0
207,Queens,Saint Michaels Cemetery/Woodside,Weekday,4,22,22,0,0,8,15.0
207,Queens,Saint Michaels Cemetery/Woodside,Weekday,5,22,22,0,0,4,10.0
207,Queens,Saint Michaels Cemetery/Woodside,Weekday,6,18,22,3,0,1,2.0
207,Queens,Saint Michaels Cemetery/Woodside,Weekday,7,21,22,5,3,1,4.0
207,Queens,Saint Michaels Cemetery/Woodside,Weekday,8,22,22,11,6,2,4.0
207,Queens,Saint Michaels Cemetery/Woodside,Weekday,9,21,22,10,3,1,2.0
207,Queens,Saint Michaels Cemetery/Woodside,Weekday,10,22,22,13,4,7,15.0
207,Queens,Saint Michaels Cemetery/Woodside,Weekday,11,22,22,12,4,4,7.0
207,Queens,Saint Michaels Cemetery/Woodside,Weekday,12,19,22,10,2,1,4.0
207,Queens,Saint Michaels Cemetery/Woodside,Weekday,13,22,22,10,3,8,14.0
207,Queens,Saint Michaels Cemetery/Woodside,Weekday,14,22,22,9,7,3,8.0
207,Queens,Saint Michaels Cemetery/Woodside,Weekday,15,22,22,11,4,1,5.0
207,Queens,Saint Michaels Cemetery/Woodside,Weekday,16,22,22,10,5,2,5.0
207,Queens,Saint Michaels Cemetery/Woodside,Weekday,17,22,22,11,3,1,3.0
207,Queens,Saint Michaels Cemetery/Woodside,Weekday,18,22,22,10,4,1,4.0
207,Queens,Saint Michaels Cemetery/Woodside,Weekday,19,21,22,11,2,1,3.0
207,Queens,Saint Michaels Cemetery/Woodside,Weekday,20,21,22,6,1,1,3.0
207,Queens,Saint Michaels Cemetery/Woodside,Weekday,21,21,22,9,1,1,3.0
207,Queens,Saint Michaels Cemetery/Woodside,Weekday,22,22,22,2,2,2,3.5
207,Queens,Saint Michaels Cemetery/Woodside,Weekday,23,18,22,7,3,1,2.0
207,Queens,Saint Michaels Cemetery/Woodside,Weekend,0,8,8,1,2,1,2.5
207,Queens,Saint Michaels Cemetery/Woodside,Weekend,1,8,8,3,2,1,3.0
207,Queens,Saint Michaels Cemetery/Woodside,Weekend,2,7,8,6,1,1,2.0
207,Queens,Saint Michaels Cemetery/Woodside,Weekend,3,5,8,1,0,1,1.0
207,Queens,Saint Michaels Cemetery/Woodside,Weekend,4,8,8,0,0,9,18.0
207,Queens,Saint Michaels Cemetery/Woodside,Weekend,5,8,8,0,1,3,5.5
207,Queens,Saint Michaels Cemetery/Woodside,Weekend,6,7,8,1,0,1,2.0
207,Queens,Saint Michaels Cemetery/Woodside,Weekend,7,8,8,1,1,1,3.5
207,Queens,Saint Michaels Cemetery/Woodside,Weekend,8,7,8,4,0,1,2.0
207,Queens,Saint Michaels Cemetery/Woodside,Weekend,9,6,8,4,0,1,2.0
207,Queens,Saint Michaels Cemetery/Woodside,Weekend,10,8,8,5,1,12,14.0
207,Queens,Saint Michaels Cemetery/Woodside,Weekend,11,8,8,7,4,2,6.5
207,Queens,Saint Michaels Cemetery/Woodside,Weekend,12,8,8,3,4,2,4.0
207,Queens,Saint Michaels Cemetery/Woodside,Weekend,13,8,8,3,1,10,14.0
207,Queens,Saint Michaels Cemetery/Woodside,Weekend,14,8,8,4,3,2,8.0
207,Queens,Saint Michaels Cemetery/Woodside,Weekend,15,8,8,2,2,3,6.0
207,Queens,Saint Michaels Cemetery/Woodside,Weekend,16,7,8,4,1,1,3.0
207,Queens,Saint Michaels Cemetery/Woodside,Weekend,17,8,8,3,0,1,2.5
207,Queens,Saint Michaels Cemetery/Woodside,Weekend,18,7,8,3,1,1,3.0
207,Queens,Saint Michaels Cemetery/Woodside,Weekend,19,8,8,2,2,1,3.0
207,Queens,Saint Michaels Cemetery/Woodside,Weekend,20,7,8,3,1,1,2.0
207,Queens,Saint Michaels Cemetery/Woodside,Weekend,21,8,8,2,0,2,3.0
207,Queens,Saint Michaels Cemetery/Woodside,Weekend,22,8,8,3,2,1,3.5
207,Queens,Saint Michaels Cemetery/Woodside,Weekend,23,6,8,1,0,1,2.5
208,Bronx,Schuylerville/Edgewater Park,Weekday,0,22,22,22,15,27,49.0
208,Bronx,Schuylerville/Edgewater Park,Weekday,1,22,22,21,16,13,24.0
208,Bronx,Schuylerville/Edgewater Park,Weekday,2,22,22,20,16,9,18.5
208,Bronx,Schuylerville/Edgewater Park,Weekday,3,22,22,22,16,9,23.0
208,Bronx,Schuylerville/Edgewater Park,Weekday,4,22,22,19,19,15,30.5
208,Bronx,Schuylerville/Edgewater Park,Weekday,5,22,22,18,19,49,59.0
208,Bronx,Schuylerville/Edgewater Park,Weekday,6,22,22,22,21,92,120.0
208,Bronx,Schuylerville/Edgewater Park,Weekday,7,22,22,21,17,116,190.5
208,Bronx,Schuylerville/Edgewater Park,Weekday,8,22,22,9,9,143,176.5
208,Bronx,Schuylerville/Edgewater Park,Weekday,9,22,22,18,15,115,130.0
208,Bronx,Schuylerville/Edgewater Park,Weekday,10,22,22,20,18,92,110.5
208,Bronx,Schuylerville/Edgewater Park,Weekday,11,22,22,21,15,77,99.0
208,Bronx,Schuylerville/Edgewater Park,Weekday,12,22,22,21,17,78,96.5
208,Bronx,Schuylerville/Edgewater Park,Weekday,13,22,22,18,17,86,113.5
208,Bronx,Schuylerville/Edgewater Park,Weekday,14,22,22,10,11,93,124.5
208,Bronx,Schuylerville/Edgewater Park,Weekday,15,22,22,13,11,89,127.0
208,Bronx,Schuylerville/Edgewater Park,Weekday,16,22,22,12,13,95,122.0
208,Bronx,Schuylerville/Edgewater Park,Weekday,17,22,22,8,6,82,123.0
208,Bronx,Schuylerville/Edgewater Park,Weekday,18,22,22,12,13,83,115.0
208,Bronx,Schuylerville/Edgewater Park,Weekday,19,22,22,17,13,86,108.0
208,Bronx,Schuylerville/Edgewater Park,Weekday,20,22,22,22,14,79,115.0
208,Bronx,Schuylerville/Edgewater Park,Weekday,21,22,22,18,14,67,93.0
208,Bronx,Schuylerville/Edgewater Park,Weekday,22,22,22,20,18,47,93.0
208,Bronx,Schuylerville/Edgewater Park,Weekday,23,22,22,21,18,48,70.5
208,Bronx,Schuylerville/Edgewater Park,Weekend,0,8,8,8,7,112,139.0
208,Bronx,Schuylerville/Edgewater Park,Weekend,1,8,8,8,7,86,106.5
208,Bronx,Schuylerville/Edgewater Park,Weekend,2,8,8,8,8,74,84.5
208,Bronx,Schuylerville/Edgewater Park,Weekend,3,8,8,8,4,43,60.0
208,Bronx,Schuylerville/Edgewater Park,Weekend,4,8,8,6,3,34,46.5
208,Bronx,Schuylerville/Edgewater Park,Weekend,5,8,8,8,6,32,39.5
208,Bronx,Schuylerville/Edgewater Park,Weekend,6,8,8,8,8,65,74.5
208,Bronx,Schuylerville/Edgewater Park,Weekend,7,8,8,6,6,60,72.0
208,Bronx,Schuylerville/Edgewater Park,Weekend,8,8,8,6,7,67,83.0
208,Bronx,Schuylerville/Edgewater Park,Weekend,9,8,8,8,5,81,105.0
208,Bronx,Schuylerville/Edgewater Park,Weekend,10,8,8,6,6,89,104.5
208,Bronx,Schuylerville/Edgewater Park,Weekend,11,8,8,4,4,96,108.5
208,Bronx,Schuylerville/Edgewater Park,Weekend,12,8,8,5,3,99,122.0
208,Bronx,Schuylerville/Edgewater Park,Weekend,13,8,8,3,5,107,124.5
208,Bronx,Schuylerville/Edgewater Park,Weekend,14,8,8,3,4,94,126.0
208,Bronx,Schuylerville/Edgewater Park,Weekend,15,8,8,6,5,116,132.0
208,Bronx,Schuylerville/Edgewater Park,Weekend,16,8,8,6,6,91,132.5
208,Bronx,Schuylerville/Edgewater Park,Weekend,17,8,8,5,4,84,122.0
208,Bronx,Schuylerville/Edgewater Park,Weekend,18,8,8,6,5,111,135.0
208,Bronx,Schuylerville/Edgewater Park,Weekend,19,8,8,7,6,105,131.0
208,Bronx,Schuylerville/Edgewater Park,Weekend,20,8,8,7,7,120,150.0
208,Bronx,Schuylerville/Edgewater Park,Weekend,21,8,8,8,8,90,121.5
208,Bronx,Schuylerville/Edgewater Park,Weekend,22,8,8,8,8,85,135.0
208,Bronx,Schuylerville/Edgewater Park,Weekend,23,8,8,8,8,58,101.5
209,Manhattan,Seaport,Weekday,0,22,22,9,7,18,30.0
209,Manhattan,Seaport,Weekday,1,22,22,12,7,9,19.5
209,Manhattan,Seaport,Weekday,2,22,22,12,8,5,12.0
209,Manhattan,Seaport,Weekday,3,22,22,3,5,4,13.5
209,Manhattan,Seaport,Weekday,4,22,22,4,4,7,14.0
209,Manhattan,Seaport,Weekday,5,22,22,6,3,13,23.5
209,Manhattan,Seaport,Weekday,6,22,22,2,0,21,33.0
209,Manhattan,Seaport,Weekday,7,22,22,0,1,31,47.5
209,Manhattan,Seaport,Weekday,8,22,22,7,3,34,60.0
209,Manhattan,Seaport,Weekday,9,22,22,1,3,36,55.0
209,Manhattan,Seaport,Weekday,10,22,22,1,2,42,52.0
209,Manhattan,Seaport,Weekday,11,22,22,7,3,34,49.5
209,Manhattan,Seaport,Weekday,12,22,22,5,7,36,49.5
209,Manhattan,Seaport,Weekday,13,22,22,4,4,31,50.0
209,Manhattan,Seaport,Weekday,14,22,22,5,7,37,52.5
209,Manhattan,Seaport,Weekday,15,22,22,8,6,36,50.5
209,Manhattan,Seaport,Weekday,16,22,22,5,5,41,61.0
209,Manhattan,Seaport,Weekday,17,22,22,16,14,52,68.0
209,Manhattan,Seaport,Weekday,18,22,22,13,6,54,80.5
209,Manhattan,Seaport,Weekday,19,22,22,5,4,45,83.0
209,Manhattan,Seaport,Weekday,20,22,22,5,0,50,95.0
209,Manhattan,Seaport,Weekday,21,22,22,6,5,56,90.5
209,Manhattan,Seaport,Weekday,22,22,22,7,6,42,70.0
209,Manhattan,Seaport,Weekday,23,22,22,6,8,37,67.0
209,Manhattan,Seaport,Weekend,0,8,8,8,5,101,114.0
209,Manhattan,Seaport,Weekend,1,8,8,8,5,72,109.0
209,Manhattan,Seaport,Weekend,2,8,8,3,1,54,73.5
209,Manhattan,Seaport,Weekend,3,8,8,0,0,37,48.5
209,Manhattan,Seaport,Weekend,4,8,8,0,3,17,27.5
209,Manhattan,Seaport,Weekend,5,8,8,1,1,9,19.0
209,Manhattan,Seaport,Weekend,6,8,8,1,0,17,22.0
209,Manhattan,Seaport,Weekend,7,8,8,1,0,19,24.5
209,Manhattan,Seaport,Weekend,8,8,8,0,1,32,35.0
209,Manhattan,Seaport,Weekend,9,8,8,0,0,36,52.5
209,Manhattan,Seaport,Weekend,10,8,8,1,1,53,64.0
209,Manhattan,Seaport,Weekend,11,8,8,5,3,71,79.5
209,Manhattan,Seaport,Weekend,12,8,8,5,3,62,82.5
209,Manhattan,Seaport,Weekend,13,8,8,6,3,66,86.0
209,Manhattan,Seaport,Weekend,14,8,8,4,1,52,75.0
209,Manhattan,Seaport,Weekend,15,8,8,2,1,54,71.0
209,Manhattan,Seaport,Weekend,16,8,8,3,1,50,76.0
209,Manhattan,Seaport,Weekend,17,8,8,2,1,65,82.0
209,Manhattan,Seaport,Weekend,18,8,8,0,0,58,83.0
209,Manhattan,Seaport,Weekend,19,8,8,1,0,49,85.0
209,Manhattan,Seaport,Weekend,20,8,8,2,0,52,89.0
209,Manhattan,Seaport,Weekend,21,8,8,1,0,41,83.0
209,Manhattan,Seaport,Weekend,22,8,8,0,1,42,92.5
209,Manhattan,Seaport,Weekend,23,8,8,3,4,26,86.0
210,Brooklyn,Sheepshead Bay,Weekday,0,22,22,19,17,28,38.5
210,Brooklyn,Sheepshead Bay,Weekday,1,22,22,22,19,18,27.0
210,Brooklyn,Sheepshead Bay,Weekday,2,22,22,17,14,7,17.0
210,Brooklyn,Sheepshead Bay,Weekday,3,22,22,12,10,11,18.5
210,Brooklyn,Sheepshead Bay,Weekday,4,22,22,5,7,12,20.0
210,Brooklyn,Sheepshead Bay,Weekday,5,22,22,2,4,29,35.0
210,Brooklyn,Sheepshead Bay,Weekday,6,22,22,3,1,60,103.5
210,Brooklyn,Sheepshead Bay,Weekday,7,22,22,6,1,102,191.5
210,Brooklyn,Sheepshead Bay,Weekday,8,22,22,0,0,146,192.5
210,Brooklyn,Sheepshead Bay,Weekday,9,22,22,1,5,135,157.0
210,Brooklyn,Sheepshead Bay,Weekday,10,22,22,5,6,92,109.5
210,Brooklyn,Sheepshead Bay,Weekday,11,22,22,10,7,67,102.0
210,Brooklyn,Sheepshead Bay,Weekday,12,22,22,4,3,77,106.0
210,Brooklyn,Sheepshead Bay,Weekday,13,22,22,3,3,93,114.5
210,Brooklyn,Sheepshead Bay,Weekday,14,22,22,3,1,93,128.0
210,Brooklyn,Sheepshead Bay,Weekday,15,22,22,4,4,85,135.0
210,Brooklyn,Sheepshead Bay,Weekday,16,22,22,1,3,119,138.0
210,Brooklyn,Sheepshead Bay,Weekday,17,22,22,3,4,124,156.5
210,Brooklyn,Sheepshead Bay,Weekday,18,22,22,9,1,103,138.0
210,Brooklyn,Sheepshead Bay,Weekday,19,22,22,12,4,92,116.5
210,Brooklyn,Sheepshead Bay,Weekday,20,22,22,15,6,69,99.0
210,Brooklyn,Sheepshead Bay,Weekday,21,22,22,9,5,67,97.5
210,Brooklyn,Sheepshead Bay,Weekday,22,22,22,8,8,51,72.0
210,Brooklyn,Sheepshead Bay,Weekday,23,22,22,18,11,39,61.0
210,Brooklyn,Sheepshead Bay,Weekend,0,8,8,7,6,68,80.5
210,Brooklyn,Sheepshead Bay,Weekend,1,8,8,7,7,56,66.0
210,Brooklyn,Sheepshead Bay,Weekend,2,8,8,6,5,35,59.5
210,Brooklyn,Sheepshead Bay,Weekend,3,8,8,2,2,18,30.5
210,Brooklyn,Sheepshead Bay,Weekend,4,8,8,4,5,25,29.5
210,Brooklyn,Sheepshead Bay,Weekend,5,8,8,1,2,22,28.5
210,Brooklyn,Sheepshead Bay,Weekend,6,8,8,0,1,38,48.0
210,Brooklyn,Sheepshead Bay,Weekend,7,8,8,2,2,52,65.5
210,Brooklyn,Sheepshead Bay,Weekend,8,8,8,4,3,53,90.5
210,Brooklyn,Sheepshead Bay,Weekend,9,8,8,1,2,87,107.0
210,Brooklyn,Sheepshead Bay,Weekend,10,8,8,1,0,86,101.0
210,Brooklyn,Sheepshead Bay,Weekend,11,8,8,2,2,93,108.5
210,Brooklyn,Sheepshead Bay,Weekend,12,8,8,0,1,100,125.0
210,Brooklyn,Sheepshead Bay,Weekend,13,8,8,1,1,108,127.5
210,Brooklyn,Sheepshead Bay,Weekend,14,8,8,0,0,94,131.0
210,Brooklyn,Sheepshead Bay,Weekend,15,8,8,0,1,124,134.5
210,Brooklyn,Sheepshead Bay,Weekend,16,8,8,0,0,96,128.5
210,Brooklyn,Sheepshead Bay,Weekend,17,8,8,0,0,96,128.5
210,Brooklyn,Sheepshead Bay,Weekend,18,8,8,4,3,93,143.5
210,Brooklyn,Sheepshead Bay,Weekend,19,8,8,3,2,94,126.0
210,Brooklyn,Sheepshead Bay,Weekend,20,8,8,4,3,101,120.5
210,Brooklyn,Sheepshead Bay,Weekend,21,8,8,5,2,88,131.5
210,Brooklyn,Sheepshead Bay,Weekend,22,8,8,4,2,74,92.0
210,Brooklyn,Sheepshead Bay,Weekend,23,8,8,5,6,59,87.0
211,Manhattan,SoHo,Weekday,0,22,22,0,0,24,63.5
211,Manhattan,SoHo,Weekday,1,22,22,0,0,14,37.0
211,Manhattan,SoHo,Weekday,2,22,22,2,1,8,22.0
211,Manhattan,SoHo,Weekday,3,22,22,3,4,6,12.0
211,Manhattan,SoHo,Weekday,4,22,22,1,0,10,18.0
211,Manhattan,SoHo,Weekday,5,22,22,2,2,10,26.0
211,Manhattan,SoHo,Weekday,6,22,22,2,0,27,49.0
211,Manhattan,SoHo,Weekday,7,22,22,0,0,48,73.0
211,Manhattan,SoHo,Weekday,8,22,22,4,0,77,113.0
211,Manhattan,SoHo,Weekday,9,22,22,0,0,85,107.5
211,Manhattan,SoHo,Weekday,10,22,22,0,1,80,97.0
211,Manhattan,SoHo,Weekday,11,22,22,0,0,77,122.5
211,Manhattan,SoHo,Weekday,12,22,22,0,0,104,143.0
211,Manhattan,SoHo,Weekday,13,22,22,0,0,121,159.5
211,Manhattan,SoHo,Weekday,14,22,22,0,0,144,173.0
211,Manhattan,SoHo,Weekday,15,22,22,0,1,132,188.5
211,Manhattan,SoHo,Weekday,16,22,22,2,3,151,201.5
211,Manhattan,SoHo,Weekday,17,22,22,2,2,180,240.5
211,Manhattan,SoHo,Weekday,18,22,22,1,2,192,288.0
211,Manhattan,SoHo,Weekday,19,22,22,0,0,199,299.5
211,Manhattan,SoHo,Weekday,20,22,22,0,0,179,283.0
211,Manhattan,SoHo,Weekday,21,22,22,3,1,171,262.5
211,Manhattan,SoHo,Weekday,22,22,22,4,0,125,254.5
211,Manhattan,SoHo,Weekday,23,22,22,1,0,78,184.0
211,Manhattan,SoHo,Weekend,0,8,8,3,2,257,283.0
211,Manhattan,SoHo,Weekend,1,8,8,3,1,178,261.0
211,Manhattan,SoHo,Weekend,2,8,8,0,0,150,173.5
211,Manhattan,SoHo,Weekend,3,8,8,0,0,69,101.0
211,Manhattan,SoHo,Weekend,4,8,8,0,0,30,46.5
211,Manhattan,SoHo,Weekend,5,8,8,0,0,15,27.0
211,Manhattan,SoHo,Weekend,6,8,8,0,0,13,26.0
211,Manhattan,SoHo,Weekend,7,8,8,0,0,22,35.5
211,Manhattan,SoHo,Weekend,8,8,8,0,1,44,50.0
211,Manhattan,SoHo,Weekend,9,8,8,0,0,60,75.0
211,Manhattan,SoHo,Weekend,10,8,8,0,0,93,109.0
211,Manhattan,SoHo,Weekend,11,8,8,0,0,123,155.0
211,Manhattan,SoHo,Weekend,12,8,8,0,0,189,198.5
211,Manhattan,SoHo,Weekend,13,8,8,0,0,195,230.0
211,Manhattan,SoHo,Weekend,14,8,8,1,0,183,242.0
211,Manhattan,SoHo,Weekend,15,8,8,1,1,215,257.0
211,Manhattan,SoHo,Weekend,16,8,8,2,1,220,280.0
211,Manhattan,SoHo,Weekend,17,8,8,1,1,176,314.5
211,Manhattan,SoHo,Weekend,18,8,8,0,0,190,317.5
211,Manhattan,SoHo,Weekend,19,8,8,0,0,177,282.5
211,Manhattan,SoHo,Weekend,20,8,8,0,0,144,243.0
211,Manhattan,SoHo,Weekend,21,8,8,0,0,125,228.5
211,Manhattan,SoHo,Weekend,22,8,8,0,0,106,224.5
211,Manhattan,SoHo,Weekend,23,8,8,1,0,71,177.0
212,Bronx,Soundview/Bruckner,Weekday,0,22,22,9,6,40,61.0
212,Bronx,Soundview/Bruckner,Weekday,1,22,22,14,7,21,36.5
212,Bronx,Soundview/Bruckner,Weekday,2,22,22,17,15,15,22.5
212,Bronx,Soundview/Bruckner,Weekday,3,22,22,16,13,13,26.0
212,Bronx,Soundview/Bruckner,Weekday,4,22,22,20,17,22,31.5
212,Bronx,Soundview/Bruckner,Weekday,5,22,22,18,11,41,54.5
212,Bronx,Soundview/Bruckner,Weekday,6,22,22,22,22,77,106.5
212,Bronx,Soundview/Bruckner,Weekday,7,22,22,22,20,87,117.5
212,Bronx,Soundview/Bruckner,Weekday,8,22,22,22,20,114,145.0
212,Bronx,Soundview/Bruckner,Weekday,9,22,22,21,15,87,112.0
212,Bronx,Soundview/Bruckner,Weekday,10,22,22,21,15,63,86.0
212,Bronx,Soundview/Bruckner,Weekday,11,22,22,19,11,58,80.5
212,Bronx,Soundview/Bruckner,Weekday,12,22,22,19,11,65,81.5
212,Bronx,Soundview/Bruckner,Weekday,13,22,22,19,11,61,86.0
212,Bronx,Soundview/Bruckner,Weekday,14,22,22,8,6,70,94.0
212,Bronx,Soundview/Bruckner,Weekday,15,22,22,8,2,77,99.5
212,Bronx,Soundview/Bruckner,Weekday,16,22,22,10,7,73,96.5
212,Bronx,Soundview/Bruckner,Weekday,17,22,22,9,2,77,104.5
212,Bronx,Soundview/Bruckner,Weekday,18,22,22,13,6,67,92.5
212,Bronx,Soundview/Bruckner,Weekday,19,22,22,18,8,73,93.0
212,Bronx,Soundview/Bruckner,Weekday,20,22,22,16,4,69,91.0
212,Bronx,Soundview/Bruckner,Weekday,21,22,22,11,1,61,88.0
212,Bronx,Soundview/Bruckner,Weekday,22,22,22,8,3,62,84.0
212,Bronx,Soundview/Bruckner,Weekday,23,22,22,13,0,61,81.0
212,Bronx,Soundview/Bruckner,Weekend,0,8,8,0,1,85,90.5
212,Bronx,Soundview/Bruckner,Weekend,1,8,8,4,1,56,82.0
212,Bronx,Soundview/Bruckner,Weekend,2,8,8,0,0,36,53.0
212,Bronx,Soundview/Bruckner,Weekend,3,8,8,3,1,41,59.0
212,Bronx,Soundview/Bruckner,Weekend,4,8,8,1,1,34,46.5
212,Bronx,Soundview/Bruckner,Weekend,5,8,8,6,7,30,42.5
212,Bronx,Soundview/Bruckner,Weekend,6,8,8,8,8,53,66.5
212,Bronx,Soundview/Bruckner,Weekend,7,8,8,8,8,56,65.0
212,Bronx,Soundview/Bruckner,Weekend,8,8,8,8,4,59,79.5
212,Bronx,Soundview/Bruckner,Weekend,9,8,8,7,7,76,101.0
212,Bronx,Soundview/Bruckner,Weekend,10,8,8,8,5,83,92.5
212,Bronx,Soundview/Bruckner,Weekend,11,8,8,8,5,98,106.5
212,Bronx,Soundview/Bruckner,Weekend,12,8,8,6,4,71,99.0
212,Bronx,Soundview/Bruckner,Weekend,13,8,8,7,5,78,104.5
212,Bronx,Soundview/Bruckner,Weekend,14,8,8,3,2,91,115.0
212,Bronx,Soundview/Bruckner,Weekend,15,8,8,5,4,80,95.5
212,Bronx,Soundview/Bruckner,Weekend,16,8,8,2,0,81,105.5
212,Bronx,Soundview/Bruckner,Weekend,17,8,8,4,0,76,97.5
212,Bronx,Soundview/Bruckner,Weekend,18,8,8,4,2,62,95.0
212,Bronx,Soundview/Bruckner,Weekend,19,8,8,6,3,86,120.5
212,Bronx,Soundview/Bruckner,Weekend,20,8,8,4,2,80,107.5
212,Bronx,Soundview/Bruckner,Weekend,21,8,8,5,3,92,113.0
212,Bronx,Soundview/Bruckner,Weekend,22,8,8,3,2,85,103.5
212,Bronx,Soundview/Bruckner,Weekend,23,8,8,4,4,66,101.0
213,Bronx,Soundview/Castle Hill,Weekday,0,22,22,22,8,53,67.5
213,Bronx,Soundview/Castle Hill,Weekday,1,22,22,21,20,26,38.5
213,Bronx,Soundview/Castle Hill,Weekday,2,22,22,22,18,20,29.0
213,Bronx,Soundview/Castle Hill,Weekday,3,22,22,22,19,22,32.0
213,Bronx,Soundview/Castle Hill,Weekday,4,22,22,20,20,43,50.5
213,Bronx,Soundview/Castle Hill,Weekday,5,22,22,21,21,83,103.0
213,Bronx,Soundview/Castle Hill,Weekday,6,22,22,22,20,152,202.5
213,Bronx,Soundview/Castle Hill,Weekday,7,22,22,22,22,183,247.0
213,Bronx,Soundview/Castle Hill,Weekday,8,22,22,22,21,216,265.5
213,Bronx,Soundview/Castle Hill,Weekday,9,22,22,22,22,172,206.0
213,Bronx,Soundview/Castle Hill,Weekday,10,22,22,22,21,146,169.0
213,Bronx,Soundview/Castle Hill,Weekday,11,22,22,22,17,109,148.0
213,Bronx,Soundview/Castle Hill,Weekday,12,22,22,19,10,113,155.0
213,Bronx,Soundview/Castle Hill,Weekday,13,22,22,21,19,142,172.0
213,Bronx,Soundview/Castle Hill,Weekday,14,22,22,18,14,169,201.5
213,Bronx,Soundview/Castle Hill,Weekday,15,22,22,13,12,150,187.0
213,Bronx,Soundview/Castle Hill,Weekday,16,22,22,12,8,153,195.0
213,Bronx,Soundview/Castle Hill,Weekday,17,22,22,6,5,133,203.5
213,Bronx,Soundview/Castle Hill,Weekday,18,22,22,18,12,151,185.0
213,Bronx,Soundview/Castle Hill,Weekday,19,22,22,22,16,139,174.5
213,Bronx,Soundview/Castle Hill,Weekday,20,22,22,21,15,130,170.5
213,Bronx,Soundview/Castle Hill,Weekday,21,22,22,16,8,115,138.5
213,Bronx,Soundview/Castle Hill,Weekday,22,22,22,16,12,92,126.5
213,Bronx,Soundview/Castle Hill,Weekday,23,22,22,21,15,83,110.0
213,Bronx,Soundview/Castle Hill,Weekend,0,8,8,7,6,99,118.5
213,Bronx,Soundview/Castle Hill,Weekend,1,8,8,6,5,61,75.0
213,Bronx,Soundview/Castle Hill,Weekend,2,8,8,7,6,40,55.0
213,Bronx,Soundview/Castle Hill,Weekend,3,8,8,3,2,34,39.5
213,Bronx,Soundview/Castle Hill,Weekend,4,8,8,2,3,32,49.5
213,Bronx,Soundview/Castle Hill,Weekend,5,8,8,7,8,55,73.5
213,Bronx,Soundview/Castle Hill,Weekend,6,8,8,8,8,88,100.5
213,Bronx,Soundview/Castle Hill,Weekend,7,8,8,8,8,93,110.0
213,Bronx,Soundview/Castle Hill,Weekend,8,8,8,8,6,111,136.0
213,Bronx,Soundview/Castle Hill,Weekend,9,8,8,8,8,156,173.0
213,Bronx,Soundview/Castle Hill,Weekend,10,8,8,8,8,158,179.5
213,Bronx,Soundview/Castle Hill,Weekend,11,8,8,8,7,161,182.0
213,Bronx,Soundview/Castle Hill,Weekend,12,8,8,6,6,148,187.0
213,Bronx,Soundview/Castle Hill,Weekend,13,8,8,6,6,178,202.0
213,Bronx,Soundview/Castle Hill,Weekend,14,8,8,6,5,149,224.0
213,Bronx,Soundview/Castle Hill,Weekend,15,8,8,5,6,180,200.5
213,Bronx,Soundview/Castle Hill,Weekend,16,8,8,7,5,166,202.5
213,Bronx,Soundview/Castle Hill,Weekend,17,8,8,5,5,150,207.5
213,Bronx,Soundview/Castle Hill,Weekend,18,8,8,6,3,143,183.5
213,Bronx,Soundview/Castle Hill,Weekend,19,8,8,7,5,160,199.5
213,Bronx,Soundview/Castle Hill,Weekend,20,8,8,8,7,158,198.5
213,Bronx,Soundview/Castle Hill,Weekend,21,8,8,8,5,136,174.5
213,Bronx,Soundview/Castle Hill,Weekend,22,8,8,8,7,118,182.5
213,Bronx,Soundview/Castle Hill,Weekend,23,8,8,8,6,94,128.0
214,Staten Island,South Beach/Dongan Hills,Weekday,0,22,22,22,21,5,9.5
214,Staten Island,South Beach/Dongan Hills,Weekday,1,22,22,21,15,1,4.0
214,Staten Island,South Beach/Dongan Hills,Weekday,2,22,22,21,19,1,3.0
214,Staten Island,South Beach/Dongan Hills,Weekday,3,22,22,18,14,1,3.0
214,Staten Island,South Beach/Dongan Hills,Weekday,4,22,22,20,17,1,6.0
214,Staten Island,South Beach/Dongan Hills,Weekday,5,22,22,20,18,9,11.5
214,Staten Island,South Beach/Dongan Hills,Weekday,6,22,22,18,9,10,22.0
214,Staten Island,South Beach/Dongan Hills,Weekday,7,22,22,12,14,26,42.5
214,Staten Island,South Beach/Dongan Hills,Weekday,8,22,22,12,8,37,48.5
214,Staten Island,South Beach/Dongan Hills,Weekday,9,22,22,12,13,28,46.0
214,Staten Island,South Beach/Dongan Hills,Weekday,10,22,22,12,12,27,38.5
214,Staten Island,South Beach/Dongan Hills,Weekday,11,22,22,17,17,24,36.5
214,Staten Island,South Beach/Dongan Hills,Weekday,12,22,22,19,17,25,34.5
214,Staten Island,South Beach/Dongan Hills,Weekday,13,22,22,16,16,24,36.5
214,Staten Island,South Beach/Dongan Hills,Weekday,14,22,22,16,15,40,50.0
214,Staten Island,South Beach/Dongan Hills,Weekday,15,22,22,17,17,33,43.0
214,Staten Island,South Beach/Dongan Hills,Weekday,16,22,22,12,9,31,42.5
214,Staten Island,South Beach/Dongan Hills,Weekday,17,22,22,12,10,23,39.5
214,Staten Island,South Beach/Dongan Hills,Weekday,18,22,22,19,17,22,31.0
214,Staten Island,South Beach/Dongan Hills,Weekday,19,22,22,22,22,21,27.5
214,Staten Island,South Beach/Dongan Hills,Weekday,20,22,22,21,16,12,21.5
214,Staten Island,South Beach/Dongan Hills,Weekday,21,22,22,22,20,14,22.0
214,Staten Island,South Beach/Dongan Hills,Weekday,22,22,22,20,17,9,21.0
214,Staten Island,South Beach/Dongan Hills,Weekday,23,22,22,22,20,16,20.5
214,Staten Island,South Beach/Dongan Hills,Weekend,0,8,8,8,8,18,19.5
214,Staten Island,South Beach/Dongan Hills,Weekend,1,8,8,8,7,9,11.5
214,Staten Island,South Beach/Dongan Hills,Weekend,2,8,8,8,8,4,5.5
214,Staten Island,South Beach/Dongan Hills,Weekend,3,8,8,6,4,2,4.5
214,Staten Island,South Beach/Dongan Hills,Weekend,4,8,8,8,6,6,6.5
214,Staten Island,South Beach/Dongan Hills,Weekend,5,8,8,8,8,4,10.5
214,Staten Island,South Beach/Dongan Hills,Weekend,6,8,8,4,5,6,15.0
214,Staten Island,South Beach/Dongan Hills,Weekend,7,8,8,8,8,17,24.5
214,Staten Island,South Beach/Dongan Hills,Weekend,8,8,8,7,6,16,24.0
214,Staten Island,South Beach/Dongan Hills,Weekend,9,8,8,6,5,15,24.0
214,Staten Island,South Beach/Dongan Hills,Weekend,10,8,8,5,4,18,25.5
214,Staten Island,South Beach/Dongan Hills,Weekend,11,8,8,6,4,15,20.5
214,Staten Island,South Beach/Dongan Hills,Weekend,12,8,8,6,4,17,24.0
214,Staten Island,South Beach/Dongan Hills,Weekend,13,8,8,4,6,22,25.5
214,Staten Island,South Beach/Dongan Hills,Weekend,14,8,8,6,4,25,32.0
214,Staten Island,South Beach/Dongan Hills,Weekend,15,8,8,4,4,26,32.0
214,Staten Island,South Beach/Dongan Hills,Weekend,16,8,8,7,7,19,27.5
214,Staten Island,South Beach/Dongan Hills,Weekend,17,8,8,8,7,14,26.0
214,Staten Island,South Beach/Dongan Hills,Weekend,18,8,8,7,5,16,25.0
214,Staten Island,South Beach/Dongan Hills,Weekend,19,8,8,8,8,16,26.0
214,Staten Island,South Beach/Dongan Hills,Weekend,20,8,8,6,5,16,22.0
214,Staten Island,South Beach/Dongan Hills,Weekend,21,8,8,7,7,19,22.5
214,Staten Island,South Beach/Dongan Hills,Weekend,22,8,8,8,7,17,23.0
214,Staten Island,South Beach/Dongan Hills,Weekend,23,8,8,8,7,16,24.0
215,Queens,South Jamaica,Weekday,0,22,22,22,18,26,36.5
215,Queens,South Jamaica,Weekday,1,22,22,22,20,17,26.5
215,Queens,South Jamaica,Weekday,2,22,22,20,19,13,19.0
215,Queens,South Jamaica,Weekday,3,22,22,21,17,15,25.0
215,Queens,South Jamaica,Weekday,4,22,22,20,16,34,43.5
215,Queens,South Jamaica,Weekday,5,22,22,17,8,72,88.5
215,Queens,South Jamaica,Weekday,6,22,22,20,17,96,131.0
215,Queens,South Jamaica,Weekday,7,22,22,22,20,136,195.5
215,Queens,South Jamaica,Weekday,8,22,22,22,18,159,205.0
215,Queens,South Jamaica,Weekday,9,22,22,13,14,126,150.0
215,Queens,South Jamaica,Weekday,10,22,22,20,18,87,110.5
215,Queens,South Jamaica,Weekday,11,22,22,22,14,81,95.0
215,Queens,South Jamaica,Weekday,12,22,22,22,16,69,94.0
215,Queens,South Jamaica,Weekday,13,22,22,22,18,90,107.5
215,Queens,South Jamaica,Weekday,14,22,22,20,17,96,125.5
215,Queens,South Jamaica,Weekday,15,22,22,11,8,80,101.0
215,Queens,South Jamaica,Weekday,16,22,22,11,8,66,97.0
215,Queens,South Jamaica,Weekday,17,22,22,9,4,73,100.5
215,Queens,South Jamaica,Weekday,18,22,22,8,10,67,83.5
215,Queens,South Jamaica,Weekday,19,22,22,19,8,60,79.0
215,Queens,South Jamaica,Weekday,20,22,22,19,9,60,74.5
215,Queens,South Jamaica,Weekday,21,22,22,15,9,55,77.5
215,Queens,South Jamaica,Weekday,22,22,22,18,15,60,78.5
215,Queens,South Jamaica,Weekday,23,22,22,19,16,37,56.5
215,Queens,South Jamaica,Weekend,0,8,8,7,7,53,68.5
215,Queens,South Jamaica,Weekend,1,8,8,4,5,35,50.0
215,Queens,South Jamaica,Weekend,2,8,8,7,7,16,30.5
215,Queens,South Jamaica,Weekend,3,8,8,7,7,29,34.5
215,Queens,South Jamaica,Weekend,4,8,8,6,5,38,47.5
215,Queens,South Jamaica,Weekend,5,8,8,5,5,55,60.0
215,Queens,South Jamaica,Weekend,6,8,8,7,2,66,77.0
215,Queens,South Jamaica,Weekend,7,8,8,8,4,82,89.5
215,Queens,South Jamaica,Weekend,8,8,8,6,5,84,107.0
215,Queens,South Jamaica,Weekend,9,8,8,5,6,91,121.0
215,Queens,South Jamaica,Weekend,10,8,8,6,6,110,130.0
215,Queens,South Jamaica,Weekend,11,8,8,5,3,117,130.5
215,Queens,South Jamaica,Weekend,12,8,8,5,4,86,113.5
215,Queens,South Jamaica,Weekend,13,8,8,7,3,108,125.5
215,Queens,South Jamaica,Weekend,14,8,8,6,6,122,130.0
215,Queens,South Jamaica,Weekend,15,8,8,2,3,111,125.5
215,Queens,South Jamaica,Weekend,16,8,8,2,1,90,116.0
215,Queens,South Jamaica,Weekend,17,8,8,3,3,79,112.0
215,Queens,South Jamaica,Weekend,18,8,8,5,3,81,101.0
215,Queens,South Jamaica,Weekend,19,8,8,7,4,81,107.0
215,Queens,South Jamaica,Weekend,20,8,8,5,4,84,107.5
215,Queens,South Jamaica,Weekend,21,8,8,8,6,76,95.0
215,Queens,South Jamaica,Weekend,22,8,8,8,6,78,100.5
215,Queens,South Jamaica,Weekend,23,8,8,8,8,59,84.0
216,Queens,South Ozone Park,Weekday,0,22,22,22,15,73,92.5
216,Queens,South Ozone Park,Weekday,1,22,22,19,14,42,70.5
216,Queens,South Ozone Park,Weekday,2,22,22,22,18,33,64.0
216,Queens,South Ozone Park,Weekday,3,22,22,22,18,55,85.0
216,Queens,South Ozone Park,Weekday,4,22,22,2,3,79,114.5
216,Queens,South Ozone Park,Weekday,5,22,22,0,1,127,151.0
216,Queens,South Ozone Park,Weekday,6,22,22,1,4,166,241.5
216,Queens,South Ozone Park,Weekday,7,22,22,11,10,231,341.5
216,Queens,South Ozone Park,Weekday,8,22,22,6,6,249,315.0
216,Queens,South Ozone Park,Weekday,9,22,22,9,11,193,235.5
216,Queens,South Ozone Park,Weekday,10,22,22,9,8,160,178.0
216,Queens,South Ozone Park,Weekday,11,22,22,11,7,144,162.5
216,Queens,South Ozone Park,Weekday,12,22,22,8,3,142,170.0
216,Queens,South Ozone Park,Weekday,13,22,22,7,3,175,203.5
216,Queens,South Ozone Park,Weekday,14,22,22,1,1,169,227.5
216,Queens,South Ozone Park,Weekday,15,22,22,1,0,144,194.5
216,Queens,South Ozone Park,Weekday,16,22,22,0,1,165,214.0
216,Queens,South Ozone Park,Weekday,17,22,22,0,0,154,211.0
216,Queens,South Ozone Park,Weekday,18,22,22,0,1,153,196.0
216,Queens,South Ozone Park,Weekday,19,22,22,3,2,154,187.0
216,Queens,South Ozone Park,Weekday,20,22,22,6,6,140,175.0
216,Queens,South Ozone Park,Weekday,21,22,22,5,1,123,163.5
216,Queens,South Ozone Park,Weekday,22,22,22,5,2,114,149.0
216,Queens,South Ozone Park,Weekday,23,22,22,16,9,83,117.0
216,Queens,South Ozone Park,Weekend,0,8,8,1,0,172,203.5
216,Queens,South Ozone Park,Weekend,1,8,8,5,5,150,169.0
216,Queens,South Ozone Park,Weekend,2,8,8,6,5,122,169.0
216,Queens,South Ozone Park,Weekend,3,8,8,8,7,153,210.0
216,Queens,South Ozone Park,Weekend,4,8,8,8,6,174,198.0
216,Queens,South Ozone Park,Weekend,5,8,8,2,3,124,140.5
216,Queens,South Ozone Park,Weekend,6,8,8,0,0,119,145.5
216,Queens,South Ozone Park,Weekend,7,8,8,1,3,123,154.0
216,Queens,South Ozone Park,Weekend,8,8,8,4,4,140,171.0
216,Queens,South Ozone Park,Weekend,9,8,8,2,2,168,190.0
216,Queens,South Ozone Park,Weekend,10,8,8,1,2,160,193.5
216,Queens,South Ozone Park,Weekend,11,8,8,4,3,169,208.5
216,Queens,South Ozone Park,Weekend,12,8,8,0,1,179,226.5
216,Queens,South Ozone Park,Weekend,13,8,8,2,1,190,226.0
216,Queens,South Ozone Park,Weekend,14,8,8,1,0,203,228.0
216,Queens,South Ozone Park,Weekend,15,8,8,0,0,185,224.5
216,Queens,South Ozone Park,Weekend,16,8,8,0,0,151,227.5
216,Queens,South Ozone Park,Weekend,17,8,8,0,0,168,221.0
216,Queens,South Ozone Park,Weekend,18,8,8,2,1,180,226.0
216,Queens,South Ozone Park,Weekend,19,8,8,3,2,168,203.5
216,Queens,South Ozone Park,Weekend,20,8,8,3,0,189,246.0
216,Queens,South Ozone Park,Weekend,21,8,8,5,3,168,222.0
216,Queens,South Ozone Park,Weekend,22,8,8,4,2,169,227.0
216,Queens,South Ozone Park,Weekend,23,8,8,5,4,128,211.5
217,Brooklyn,South Williamsburg,Weekday,0,22,22,4,2,5,23.5
217,Brooklyn,South Williamsburg,Weekday,1,22,22,10,4,2,11.5
217,Brooklyn,South Williamsburg,Weekday,2,22,22,10,4,4,7.0
217,Brooklyn,South Williamsburg,Weekday,3,22,22,12,10,1,7.5
217,Brooklyn,South Williamsburg,Weekday,4,22,22,14,9,3,6.5
217,Brooklyn,South Williamsburg,Weekday,5,22,22,18,9,4,12.0
217,Brooklyn,South Williamsburg,Weekday,6,22,22,22,15,10,18.5
217,Brooklyn,South Williamsburg,Weekday,7,22,22,22,20,11,26.0
217,Brooklyn,South Williamsburg,Weekday,8,22,22,22,20,17,37.5
217,Brooklyn,South Williamsburg,Weekday,9,22,22,22,20,9,69.0
217,Brooklyn,South Williamsburg,Weekday,10,22,22,20,12,12,86.0
217,Brooklyn,South Williamsburg,Weekday,11,22,22,20,17,9,78.0
217,Brooklyn,South Williamsburg,Weekday,12,22,22,20,13,11,77.5
217,Brooklyn,South Williamsburg,Weekday,13,22,22,20,18,13,72.5
217,Brooklyn,South Williamsburg,Weekday,14,22,22,19,15,10,82.0
217,Brooklyn,South Williamsburg,Weekday,15,22,22,22,14,11,72.0
217,Brooklyn,South Williamsburg,Weekday,16,22,22,20,17,13,69.0
217,Brooklyn,South Williamsburg,Weekday,17,22,22,21,12,15,71.0
217,Brooklyn,South Williamsburg,Weekday,18,22,22,20,19,12,71.5
217,Brooklyn,South Williamsburg,Weekday,19,22,22,19,10,7,55.0
217,Brooklyn,South Williamsburg,Weekday,20,22,22,21,12,13,40.0
217,Brooklyn,South Williamsburg,Weekday,21,22,22,11,2,10,50.0
217,Brooklyn,South Williamsburg,Weekday,22,22,22,8,4,11,47.0
217,Brooklyn,South Williamsburg,Weekday,23,22,22,4,3,11,44.5
217,Brooklyn,South Williamsburg,Weekend,0,8,8,4,5,17,35.0
217,Brooklyn,South Williamsburg,Weekend,1,8,8,2,1,13,25.5
217,Brooklyn,South Williamsburg,Weekend,2,8,8,4,1,8,15.0
217,Brooklyn,South Williamsburg,Weekend,3,8,8,5,2,7,14.0
217,Brooklyn,South Williamsburg,Weekend,4,8,8,2,1,6,10.0
217,Brooklyn,South Williamsburg,Weekend,5,8,8,3,3,10,11.0
217,Brooklyn,South Williamsburg,Weekend,6,8,8,7,6,8,11.0
217,Brooklyn,South Williamsburg,Weekend,7,8,8,5,5,7,15.5
217,Brooklyn,South Williamsburg,Weekend,8,8,8,5,7,7,18.0
217,Brooklyn,South Williamsburg,Weekend,9,8,8,8,6,12,23.0
217,Brooklyn,South Williamsburg,Weekend,10,8,8,6,4,13,27.0
217,Brooklyn,South Williamsburg,Weekend,11,8,8,8,7,18,38.0
217,Brooklyn,South Williamsburg,Weekend,12,8,8,8,8,14,46.0
217,Brooklyn,South Williamsburg,Weekend,13,8,8,7,3,17,38.5
217,Brooklyn,South Williamsburg,Weekend,14,8,8,6,6,17,47.5
217,Brooklyn,South Williamsburg,Weekend,15,8,8,8,5,18,47.5
217,Brooklyn,South Williamsburg,Weekend,16,8,8,8,5,16,46.5
217,Brooklyn,South Williamsburg,Weekend,17,8,8,8,4,19,38.5
217,Brooklyn,South Williamsburg,Weekend,18,8,8,8,2,24,45.5
217,Brooklyn,South Williamsburg,Weekend,19,8,8,8,1,18,43.0
217,Brooklyn,South Williamsburg,Weekend,20,8,8,4,1,27,51.0
217,Brooklyn,South Williamsburg,Weekend,21,8,8,5,3,57,74.5
217,Brooklyn,South Williamsburg,Weekend,22,8,8,8,3,42,64.0
217,Brooklyn,South Williamsburg,Weekend,23,8,8,5,4,46,63.0
218,Queens,Springfield Gardens North,Weekday,0,22,22,21,18,19,29.5
218,Queens,Springfield Gardens North,Weekday,1,22,22,21,18,9,18.5
218,Queens,Springfield Gardens North,Weekday,2,22,22,20,19,8,15.0
218,Queens,Springfield Gardens North,Weekday,3,22,22,20,14,13,20.0
218,Queens,Springfield Gardens North,Weekday,4,22,22,20,16,28,38.0
218,Queens,Springfield Gardens North,Weekday,5,22,22,20,14,38,56.5
218,Queens,Springfield Gardens North,Weekday,6,22,22,20,14,49,79.0
218,Queens,Springfield Gardens North,Weekday,7,22,22,20,14,73,127.5
218,Queens,Springfield Gardens North,Weekday,8,22,22,17,9,84,123.0
218,Queens,Springfield Gardens North,Weekday,9,22,22,20,14,71,91.5
218,Queens,Springfield Gardens North,Weekday,10,22,22,21,21,59,75.5
218,Queens,Springfield Gardens North,Weekday,11,22,22,21,14,47,63.0
218,Queens,Springfield Gardens North,Weekday,12,22,22,21,19,53,67.5
218,Queens,Springfield Gardens North,Weekday,13,22,22,22,15,65,76.5
218,Queens,Springfield Gardens North,Weekday,14,22,22,22,17,62,96.0
218,Queens,Springfield Gardens North,Weekday,15,22,22,17,9,67,83.0
218,Queens,Springfield Gardens North,Weekday,16,22,22,16,11,67,85.5
218,Queens,Springfield Gardens North,Weekday,17,22,22,18,12,60,80.5
218,Queens,Springfield Gardens North,Weekday,18,22,22,17,15,46,69.0
218,Queens,Springfield Gardens North,Weekday,19,22,22,20,15,40,61.5
218,Queens,Springfield Gardens North,Weekday,20,22,22,22,16,40,56.0
218,Queens,Springfield Gardens North,Weekday,21,22,22,18,13,33,50.0
218,Queens,Springfield Gardens North,Weekday,22,22,22,17,14,36,50.5
218,Queens,Springfield Gardens North,Weekday,23,22,22,21,17,31,43.0
218,Queens,Springfield Gardens North,Weekend,0,8,8,7,4,37,45.5
218,Queens,Springfield Gardens North,Weekend,1,8,8,8,8,28,37.0
218,Queens,Springfield Gardens North,Weekend,2,8,8,6,6,19,25.0
218,Queens,Springfield Gardens North,Weekend,3,8,8,5,2,21,28.0
218,Queens,Springfield Gardens North,Weekend,4,8,8,5,3,24,29.0
218,Queens,Springfield Gardens North,Weekend,5,8,8,4,5,30,35.5
218,Queens,Springfield Gardens North,Weekend,6,8,8,7,4,43,50.5
218,Queens,Springfield Gardens North,Weekend,7,8,8,5,2,45,53.0
218,Queens,Springfield Gardens North,Weekend,8,8,8,8,7,54,64.5
218,Queens,Springfield Gardens North,Weekend,9,8,8,8,7,67,81.0
218,Queens,Springfield Gardens North,Weekend,10,8,8,8,3,74,87.0
218,Queens,Springfield Gardens North,Weekend,11,8,8,8,5,65,79.0
218,Queens,Springfield Gardens North,Weekend,12,8,8,5,3,64,70.0
218,Queens,Springfield Gardens North,Weekend,13,8,8,4,4,58,72.5
218,Queens,Springfield Gardens North,Weekend,14,8,8,5,4,71,81.5
218,Queens,Springfield Gardens North,Weekend,15,8,8,4,1,72,77.5
218,Queens,Springfield Gardens North,Weekend,16,8,8,6,3,60,82.0
218,Queens,Springfield Gardens North,Weekend,17,8,8,5,5,51,79.0
218,Queens,Springfield Gardens North,Weekend,18,8,8,7,4,50,73.5
218,Queens,Springfield Gardens North,Weekend,19,8,8,7,6,50,73.0
218,Queens,Springfield Gardens North,Weekend,20,8,8,8,8,62,73.5
218,Queens,Springfield Gardens North,Weekend,21,8,8,8,7,48,62.5
218,Queens,Springfield Gardens North,Weekend,22,8,8,8,8,53,68.0
218,Queens,Springfield Gardens North,Weekend,23,8,8,7,7,38,62.5
219,Queens,Springfield Gardens South,Weekday,0,22,22,21,17,18,25.5
219,Queens,Springfield Gardens South,Weekday,1,22,22,20,19,9,15.5
219,Queens,Springfield Gardens South,Weekday,2,22,22,22,18,5,10.5
219,Queens,Springfield Gardens South,Weekday,3,22,22,20,11,12,17.5
219,Queens,Springfield Gardens South,Weekday,4,22,22,19,16,23,30.0
219,Queens,Springfield Gardens South,Weekday,5,22,22,17,11,32,47.5
219,Queens,Springfield Gardens South,Weekday,6,22,22,21,9,53,76.5
219,Queens,Springfield Gardens South,Weekday,7,22,22,20,18,76,112.5
219,Queens,Springfield Gardens South,Weekday,8,22,22,19,12,79,100.5
219,Queens,Springfield Gardens South,Weekday,9,22,22,22,16,60,77.5
219,Queens,Springfield Gardens South,Weekday,10,22,22,22,19,45,61.5
219,Queens,Springfield Gardens South,Weekday,11,22,22,22,19,41,56.0
219,Queens,Springfield Gardens South,Weekday,12,22,22,22,15,25,59.0
219,Queens,Springfield Gardens South,Weekday,13,22,22,22,21,49,63.5
219,Queens,Springfield Gardens South,Weekday,14,22,22,22,21,60,80.0
219,Queens,Springfield Gardens South,Weekday,15,22,22,22,20,53,68.0
219,Queens,Springfield Gardens South,Weekday,16,22,22,20,13,58,70.0
219,Queens,Springfield Gardens South,Weekday,17,22,22,19,12,49,66.5
219,Queens,Springfield Gardens South,Weekday,18,22,22,20,17,38,56.0
219,Queens,Springfield Gardens South,Weekday,19,22,22,22,19,37,47.0
219,Queens,Springfield Gardens South,Weekday,20,22,22,22,15,28,41.0
219,Queens,Springfield Gardens South,Weekday,21,22,22,21,17,17,42.0
219,Queens,Springfield Gardens South,Weekday,22,22,22,20,14,37,43.0
219,Queens,Springfield Gardens South,Weekday,23,22,22,21,16,32,40.0
219,Queens,Springfield Gardens South,Weekend,0,8,8,7,6,40,44.0
219,Queens,Springfield Gardens South,Weekend,1,8,8,8,6,22,27.0
219,Queens,Springfield Gardens South,Weekend,2,8,8,6,6,15,21.5
219,Queens,Springfield Gardens South,Weekend,3,8,8,6,2,13,20.5
219,Queens,Springfield Gardens South,Weekend,4,8,8,6,3,20,27.5
219,Queens,Springfield Gardens South,Weekend,5,8,8,7,3,26,40.0
219,Queens,Springfield Gardens South,Weekend,6,8,8,6,2,45,50.0
219,Queens,Springfield Gardens South,Weekend,7,8,8,8,5,35,50.5
219,Queens,Springfield Gardens South,Weekend,8,8,8,8,4,53,61.0
219,Queens,Springfield Gardens South,Weekend,9,8,8,7,4,48,61.0
219,Queens,Springfield Gardens South,Weekend,10,8,8,8,8,52,62.0
219,Queens,Springfield Gardens South,Weekend,11,8,8,8,8,48,58.5
219,Queens,Springfield Gardens South,Weekend,12,8,8,7,7,44,68.0
219,Queens,Springfield Gardens South,Weekend,13,8,8,7,5,49,66.5
219,Queens,Springfield Gardens South,Weekend,14,8,8,5,6,47,66.0
219,Queens,Springfield Gardens South,Weekend,15,8,8,6,5,51,59.5
219,Queens,Springfield Gardens South,Weekend,16,8,8,7,7,36,52.0
219,Queens,Springfield Gardens South,Weekend,17,8,8,7,5,28,48.5
219,Queens,Springfield Gardens South,Weekend,18,8,8,7,5,31,48.0
219,Queens,Springfield Gardens South,Weekend,19,8,8,7,5,38,46.0
219,Queens,Springfield Gardens South,Weekend,20,8,8,8,8,36,48.0
219,Queens,Springfield Gardens South,Weekend,21,8,8,8,5,34,44.5
219,Queens,Springfield Gardens South,Weekend,22,8,8,8,6,41,49.5
219,Queens,Springfield Gardens South,Weekend,23,8,8,8,7,37,51.0
220,Bronx,Spuyten Duyvil/Kingsbridge,Weekday,0,22,22,14,5,29,46.5
220,Bronx,Spuyten Duyvil/Kingsbridge,Weekday,1,22,22,19,9,14,30.5
220,Bronx,Spuyten Duyvil/Kingsbridge,Weekday,2,22,22,19,18,12,22.0
220,Bronx,Spuyten Duyvil/Kingsbridge,Weekday,3,22,22,15,12,5,14.0
220,Bronx,Spuyten Duyvil/Kingsbridge,Weekday,4,22,22,17,12,12,22.0
220,Bronx,Spuyten Duyvil/Kingsbridge,Weekday,5,22,22,3,2,35,45.5
220,Bronx,Spuyten Duyvil/Kingsbridge,Weekday,6,22,22,5,2,75,98.5
220,Bronx,Spuyten Duyvil/Kingsbridge,Weekday,7,22,22,12,7,71,174.0
220,Bronx,Spuyten Duyvil/Kingsbridge,Weekday,8,22,22,2,2,128,174.5
220,Bronx,Spuyten Duyvil/Kingsbridge,Weekday,9,22,22,4,3,110,144.5
220,Bronx,Spuyten Duyvil/Kingsbridge,Weekday,10,22,22,11,8,88,114.5
220,Bronx,Spuyten Duyvil/Kingsbridge,Weekday,11,22,22,14,5,91,108.5
220,Bronx,Spuyten Duyvil/Kingsbridge,Weekday,12,22,22,12,10,99,115.5
220,Bronx,Spuyten Duyvil/Kingsbridge,Weekday,13,22,22,11,8,103,124.5
220,Bronx,Spuyten Duyvil/Kingsbridge,Weekday,14,22,22,12,13,108,144.5
220,Bronx,Spuyten Duyvil/Kingsbridge,Weekday,15,22,22,19,15,123,155.0
220,Bronx,Spuyten Duyvil/Kingsbridge,Weekday,16,22,22,18,13,132,154.5
220,Bronx,Spuyten Duyvil/Kingsbridge,Weekday,17,22,22,19,17,139,163.0
220,Bronx,Spuyten Duyvil/Kingsbridge,Weekday,18,22,22,14,12,132,158.0
220,Bronx,Spuyten Duyvil/Kingsbridge,Weekday,19,22,22,17,11,108,139.0
220,Bronx,Spuyten Duyvil/Kingsbridge,Weekday,20,22,22,17,10,97,135.0
220,Bronx,Spuyten Duyvil/Kingsbridge,Weekday,21,22,22,15,5,95,128.0
220,Bronx,Spuyten Duyvil/Kingsbridge,Weekday,22,22,22,11,3,65,107.5
220,Bronx,Spuyten Duyvil/Kingsbridge,Weekday,23,22,22,14,8,58,85.0
220,Bronx,Spuyten Duyvil/Kingsbridge,Weekend,0,8,8,1,1,81,102.5
220,Bronx,Spuyten Duyvil/Kingsbridge,Weekend,1,8,8,2,2,58,68.5
220,Bronx,Spuyten Duyvil/Kingsbridge,Weekend,2,8,8,5,2,41,65.5
220,Bronx,Spuyten Duyvil/Kingsbridge,Weekend,3,8,8,7,5,30,48.5
220,Bronx,Spuyten Duyvil/Kingsbridge,Weekend,4,8,8,7,6,33,40.5
220,Bronx,Spuyten Duyvil/Kingsbridge,Weekend,5,8,8,2,3,22,35.5
220,Bronx,Spuyten Duyvil/Kingsbridge,Weekend,6,8,8,4,2,49,57.5
220,Bronx,Spuyten Duyvil/Kingsbridge,Weekend,7,8,8,2,2,44,61.5
220,Bronx,Spuyten Duyvil/Kingsbridge,Weekend,8,8,8,3,1,54,80.0
220,Bronx,Spuyten Duyvil/Kingsbridge,Weekend,9,8,8,2,3,73,101.5
220,Bronx,Spuyten Duyvil/Kingsbridge,Weekend,10,8,8,3,2,100,114.0
220,Bronx,Spuyten Duyvil/Kingsbridge,Weekend,11,8,8,4,3,126,136.0
220,Bronx,Spuyten Duyvil/Kingsbridge,Weekend,12,8,8,5,3,143,159.5
220,Bronx,Spuyten Duyvil/Kingsbridge,Weekend,13,8,8,4,3,128,166.0
220,Bronx,Spuyten Duyvil/Kingsbridge,Weekend,14,8,8,7,4,124,156.5
220,Bronx,Spuyten Duyvil/Kingsbridge,Weekend,15,8,8,7,6,145,168.0
220,Bronx,Spuyten Duyvil/Kingsbridge,Weekend,16,8,8,8,6,127,171.5
220,Bronx,Spuyten Duyvil/Kingsbridge,Weekend,17,8,8,7,4,113,165.0
220,Bronx,Spuyten Duyvil/Kingsbridge,Weekend,18,8,8,8,4,113,161.0
220,Bronx,Spuyten Duyvil/Kingsbridge,Weekend,19,8,8,7,6,108,156.5
220,Bronx,Spuyten Duyvil/Kingsbridge,Weekend,20,8,8,7,6,114,140.0
220,Bronx,Spuyten Duyvil/Kingsbridge,Weekend,21,8,8,7,4,99,137.0
220,Bronx,Spuyten Duyvil/Kingsbridge,Weekend,22,8,8,6,4,90,124.0
220,Bronx,Spuyten Duyvil/Kingsbridge,Weekend,23,8,8,5,2,68,117.0
221,Staten Island,Stapleton,Weekday,0,22,22,22,16,9,19.5
221,Staten Island,Stapleton,Weekday,1,22,22,22,21,6,11.0
221,Staten Island,Stapleton,Weekday,2,21,22,21,18,4,8.0
221,Staten Island,Stapleton,Weekday,3,22,22,21,18,4,8.5
221,Staten Island,Stapleton,Weekday,4,22,22,22,18,7,11.5
221,Staten Island,Stapleton,Weekday,5,22,22,22,18,18,25.0
221,Staten Island,Stapleton,Weekday,6,22,22,22,21,36,48.5
221,Staten Island,Stapleton,Weekday,7,22,22,22,21,51,62.0
221,Staten Island,Stapleton,Weekday,8,22,22,22,19,73,83.5
221,Staten Island,Stapleton,Weekday,9,22,22,20,13,48,68.0
221,Staten Island,Stapleton,Weekday,10,22,22,22,13,36,52.5
221,Staten Island,Stapleton,Weekday,11,22,22,22,21,33,49.0
221,Staten Island,Stapleton,Weekday,12,22,22,21,18,33,47.0
221,Staten Island,Stapleton,Weekday,13,22,22,21,19,35,60.0
221,Staten Island,Stapleton,Weekday,14,22,22,21,16,42,61.5
221,Staten Island,Stapleton,Weekday,15,22,22,19,15,46,64.0
221,Staten Island,Stapleton,Weekday,16,22,22,16,11,41,61.5
221,Staten Island,Stapleton,Weekday,17,22,22,17,16,41,61.0
221,Staten Island,Stapleton,Weekday,18,22,22,21,16,34,48.5
221,Staten Island,Stapleton,Weekday,19,22,22,18,17,27,43.5
221,Staten Island,Stapleton,Weekday,20,22,22,21,16,25,46.0
221,Staten Island,Stapleton,Weekday,21,22,22,19,14,23,35.0
221,Staten Island,Stapleton,Weekday,22,22,22,21,16,24,39.0
221,Staten Island,Stapleton,Weekday,23,22,22,21,15,17,29.0
221,Staten Island,Stapleton,Weekend,0,8,8,7,7,20,33.0
221,Staten Island,Stapleton,Weekend,1,8,8,8,6,13,20.5
221,Staten Island,Stapleton,Weekend,2,8,8,8,7,7,11.5
221,Staten Island,Stapleton,Weekend,3,8,8,6,5,9,14.5
221,Staten Island,Stapleton,Weekend,4,8,8,8,7,7,11.5
221,Staten Island,Stapleton,Weekend,5,8,8,7,6,13,17.5
221,Staten Island,Stapleton,Weekend,6,8,8,8,7,22,32.5
221,Staten Island,Stapleton,Weekend,7,8,8,8,8,25,37.0
221,Staten Island,Stapleton,Weekend,8,8,8,8,8,31,46.5
221,Staten Island,Stapleton,Weekend,9,8,8,8,7,32,49.5
221,Staten Island,Stapleton,Weekend,10,8,8,7,7,44,48.5
221,Staten Island,Stapleton,Weekend,11,8,8,8,6,40,52.0
221,Staten Island,Stapleton,Weekend,12,8,8,7,7,45,52.0
221,Staten Island,Stapleton,Weekend,13,8,8,5,5,49,59.0
221,Staten Island,Stapleton,Weekend,14,8,8,6,5,46,69.0
221,Staten Island,Stapleton,Weekend,15,8,8,7,7,41,57.5
221,Staten Island,Stapleton,Weekend,16,8,8,6,5,36,49.5
221,Staten Island,Stapleton,Weekend,17,8,8,6,7,31,55.5
221,Staten Island,Stapleton,Weekend,18,8,8,5,5,34,52.5
221,Staten Island,Stapleton,Weekend,19,8,8,8,5,33,46.5
221,Staten Island,Stapleton,Weekend,20,8,8,7,7,38,51.0
221,Staten Island,Stapleton,Weekend,21,8,8,7,7,28,44.5
221,Staten Island,Stapleton,Weekend,22,8,8,8,6,25,46.5
221,Staten Island,Stapleton,Weekend,23,8,8,8,6,22,32.5
222,Brooklyn,Starrett City,Weekday,0,22,22,22,14,9,13.5
222,Brooklyn,Starrett City,Weekday,1,22,22,20,15,4,7.0
222,Brooklyn,Starrett City,Weekday,2,22,22,22,21,2,9.0
222,Brooklyn,Starrett City,Weekday,3,22,22,19,11,4,9.0
222,Brooklyn,Starrett City,Weekday,4,22,22,13,13,6,13.0
222,Brooklyn,Starrett City,Weekday,5,22,22,12,5,18,24.5
222,Brooklyn,Starrett City,Weekday,6,22,22,20,20,41,53.5
222,Brooklyn,Starrett City,Weekday,7,22,22,22,21,40,67.0
222,Brooklyn,Starrett City,Weekday,8,22,22,22,18,55,68.5
222,Brooklyn,Starrett City,Weekday,9,22,22,22,12,42,54.0
222,Brooklyn,Starrett City,Weekday,10,22,22,22,17,32,45.5
222,Brooklyn,Starrett City,Weekday,11,22,22,22,15,29,40.5
222,Brooklyn,Starrett City,Weekday,12,22,22,20,11,33,43.0
222,Brooklyn,Starrett City,Weekday,13,22,22,20,11,33,44.0
222,Brooklyn,Starrett City,Weekday,14,22,22,18,12,33,49.5
222,Brooklyn,Starrett City,Weekday,15,22,22,21,13,35,46.0
222,Brooklyn,Starrett City,Weekday,16,22,22,19,11,32,49.0
222,Brooklyn,Starrett City,Weekday,17,22,22,15,10,28,46.5
222,Brooklyn,Starrett City,Weekday,18,22,22,19,9,21,38.5
222,Brooklyn,Starrett City,Weekday,19,22,22,21,14,25,36.0
222,Brooklyn,Starrett City,Weekday,20,22,22,22,17,21,34.5
222,Brooklyn,Starrett City,Weekday,21,22,22,21,16,20,28.0
222,Brooklyn,Starrett City,Weekday,22,22,22,19,13,20,31.0
222,Brooklyn,Starrett City,Weekday,23,22,22,18,13,10,20.5
222,Brooklyn,Starrett City,Weekend,0,8,8,6,5,19,29.0
222,Brooklyn,Starrett City,Weekend,1,8,8,8,7,14,18.5
222,Brooklyn,Starrett City,Weekend,2,8,8,5,5,8,12.5
222,Brooklyn,Starrett City,Weekend,3,8,8,8,5,6,11.5
222,Brooklyn,Starrett City,Weekend,4,8,8,6,7,6,12.0
222,Brooklyn,Starrett City,Weekend,5,8,8,4,3,10,16.0
222,Brooklyn,Starrett City,Weekend,6,8,8,6,5,14,26.0
222,Brooklyn,Starrett City,Weekend,7,8,8,7,4,25,30.0
222,Brooklyn,Starrett City,Weekend,8,8,8,7,5,33,38.0
222,Brooklyn,Starrett City,Weekend,9,8,8,7,4,40,46.0
222,Brooklyn,Starrett City,Weekend,10,8,8,8,7,43,58.0
222,Brooklyn,Starrett City,Weekend,11,8,8,8,6,44,52.5
222,Brooklyn,Starrett City,Weekend,12,8,8,7,6,54,62.0
222,Brooklyn,Starrett City,Weekend,13,8,8,7,8,49,61.0
222,Brooklyn,Starrett City,Weekend,14,8,8,7,7,43,60.5
222,Brooklyn,Starrett City,Weekend,15,8,8,8,6,52,61.5
222,Brooklyn,Starrett City,Weekend,16,8,8,8,6,35,54.5
222,Brooklyn,Starrett City,Weekend,17,8,8,6,5,31,47.5
222,Brooklyn,Starrett City,Weekend,18,8,8,8,6,29,40.5
222,Brooklyn,Starrett City,Weekend,19,8,8,8,8,38,50.0
222,Brooklyn,Starrett City,Weekend,20,8,8,8,8,35,45.0
222,Brooklyn,Starrett City,Weekend,21,8,8,8,8,35,41.5
222,Brooklyn,Starrett City,Weekend,22,8,8,8,7,25,44.5
222,Brooklyn,Starrett City,Weekend,23,8,8,8,8,20,34.0
223,Queens,Steinway,Weekday,0,22,22,9,2,56,74.5
223,Queens,Steinway,Weekday,1,22,22,10,8,28,44.0
223,Queens,Steinway,Weekday,2,22,22,10,7,20,30.0
223,Queens,Steinway,Weekday,3,22,22,5,2,16,28.0
223,Queens,Steinway,Weekday,4,22,22,0,0,28,54.5
223,Queens,Steinway,Weekday,5,22,22,0,0,61,86.5
223,Queens,Steinway,Weekday,6,22,22,0,0,108,143.5
223,Queens,Steinway,Weekday,7,22,22,0,0,137,238.5
223,Queens,Steinway,Weekday,8,22,22,0,0,191,224.5
223,Queens,Steinway,Weekday,9,22,22,0,0,138,168.5
223,Queens,Steinway,Weekday,10,22,22,3,0,92,125.5
223,Queens,Steinway,Weekday,11,22,22,1,0,102,126.0
223,Queens,Steinway,Weekday,12,22,22,1,0,90,117.0
223,Queens,Steinway,Weekday,13,22,22,1,0,98,127.5
223,Queens,Steinway,Weekday,14,22,22,0,0,127,147.5
223,Queens,Steinway,Weekday,15,22,22,0,0,128,147.5
223,Queens,Steinway,Weekday,16,22,22,0,0,121,160.0
223,Queens,Steinway,Weekday,17,22,22,0,1,139,181.0
223,Queens,Steinway,Weekday,18,22,22,0,0,133,173.5
223,Queens,Steinway,Weekday,19,22,22,1,1,121,160.0
223,Queens,Steinway,Weekday,20,22,22,4,2,118,149.0
223,Queens,Steinway,Weekday,21,22,22,3,0,101,160.5
223,Queens,Steinway,Weekday,22,22,22,1,0,102,144.5
223,Queens,Steinway,Weekday,23,22,22,2,3,68,112.5
223,Queens,Steinway,Weekend,0,8,8,0,0,165,187.0
223,Queens,Steinway,Weekend,1,8,8,1,3,121,133.0
223,Queens,Steinway,Weekend,2,8,8,3,0,86,125.0
223,Queens,Steinway,Weekend,3,8,8,6,5,75,114.5
223,Queens,Steinway,Weekend,4,8,8,3,1,66,83.5
223,Queens,Steinway,Weekend,5,8,8,0,1,63,69.5
223,Queens,Steinway,Weekend,6,8,8,0,0,81,94.5
223,Queens,Steinway,Weekend,7,8,8,0,0,75,98.0
223,Queens,Steinway,Weekend,8,8,8,0,0,82,129.0
223,Queens,Steinway,Weekend,9,8,8,0,0,130,158.5
223,Queens,Steinway,Weekend,10,8,8,0,0,154,185.5
223,Queens,Steinway,Weekend,11,8,8,0,0,157,192.5
223,Queens,Steinway,Weekend,12,8,8,0,0,152,191.0
223,Queens,Steinway,Weekend,13,8,8,0,0,185,210.0
223,Queens,Steinway,Weekend,14,8,8,0,0,178,201.0
223,Queens,Steinway,Weekend,15,8,8,0,0,168,191.5
223,Queens,Steinway,Weekend,16,8,8,0,0,153,189.5
223,Queens,Steinway,Weekend,17,8,8,0,0,138,199.0
223,Queens,Steinway,Weekend,18,8,8,0,0,139,222.0
223,Queens,Steinway,Weekend,19,8,8,0,0,154,227.5
223,Queens,Steinway,Weekend,20,8,8,1,0,153,229.0
223,Queens,Steinway,Weekend,21,8,8,1,0,146,220.0
223,Queens,Steinway,Weekend,22,8,8,2,0,127,210.0
223,Queens,Steinway,Weekend,23,8,8,0,0,100,179.0
224,Manhattan,Stuy Town/Peter Cooper Village,Weekday,0,22,22,8,5,8,17.5
224,Manhattan,Stuy Town/Peter Cooper Village,Weekday,1,22,22,17,13,3,8.5
224,Manhattan,Stuy Town/Peter Cooper Village,Weekday,2,22,22,12,8,2,6.5
224,Manhattan,Stuy Town/Peter Cooper Village,Weekday,3,21,22,9,9,3,9.0
224,Manhattan,Stuy Town/Peter Cooper Village,Weekday,4,22,22,17,13,7,19.5
224,Manhattan,Stuy Town/Peter Cooper Village,Weekday,5,22,22,17,8,22,30.0
224,Manhattan,Stuy Town/Peter Cooper Village,Weekday,6,22,22,19,10,43,59.0
224,Manhattan,Stuy Town/Peter Cooper Village,Weekday,7,22,22,19,9,60,85.0
224,Manhattan,Stuy Town/Peter Cooper Village,Weekday,8,22,22,22,20,84,102.5
224,Manhattan,Stuy Town/Peter Cooper Village,Weekday,9,22,22,21,18,61,98.0
224,Manhattan,Stuy Town/Peter Cooper Village,Weekday,10,22,22,15,13,53,64.5
224,Manhattan,Stuy Town/Peter Cooper Village,Weekday,11,22,22,13,9,38,52.0
224,Manhattan,Stuy Town/Peter Cooper Village,Weekday,12,22,22,17,10,38,52.0
224,Manhattan,Stuy Town/Peter Cooper Village,Weekday,13,22,22,17,11,35,47.0
224,Manhattan,Stuy Town/Peter Cooper Village,Weekday,14,22,22,18,14,32,43.0
224,Manhattan,Stuy Town/Peter Cooper Village,Weekday,15,22,22,18,10,30,43.5
224,Manhattan,Stuy Town/Peter Cooper Village,Weekday,16,22,22,18,10,33,42.5
224,Manhattan,Stuy Town/Peter Cooper Village,Weekday,17,22,22,18,4,32,58.0
224,Manhattan,Stuy Town/Peter Cooper Village,Weekday,18,22,22,21,17,47,60.5
224,Manhattan,Stuy Town/Peter Cooper Village,Weekday,19,22,22,20,8,32,54.0
224,Manhattan,Stuy Town/Peter Cooper Village,Weekday,20,22,22,13,7,31,43.0
224,Manhattan,Stuy Town/Peter Cooper Village,Weekday,21,22,22,10,4,25,39.0
224,Manhattan,Stuy Town/Peter Cooper Village,Weekday,22,22,22,4,4,25,35.0
224,Manhattan,Stuy Town/Peter Cooper Village,Weekday,23,22,22,9,3,12,33.5
224,Manhattan,Stuy Town/Peter Cooper Village,Weekend,0,8,8,5,3,39,54.5
224,Manhattan,Stuy Town/Peter Cooper Village,Weekend,1,8,8,5,5,35,41.5
224,Manhattan,Stuy Town/Peter Cooper Village,Weekend,2,8,8,5,4,24,32.5
224,Manhattan,Stuy Town/Peter Cooper Village,Weekend,3,8,8,2,1,21,29.0
224,Manhattan,Stuy Town/Peter Cooper Village,Weekend,4,8,8,1,2,20,26.5
224,Manhattan,Stuy Town/Peter Cooper Village,Weekend,5,8,8,5,6,20,23.0
224,Manhattan,Stuy Town/Peter Cooper Village,Weekend,6,8,8,1,0,28,35.0
224,Manhattan,Stuy Town/Peter Cooper Village,Weekend,7,8,8,5,3,27,35.0
224,Manhattan,Stuy Town/Peter Cooper Village,Weekend,8,8,8,7,5,36,54.5
224,Manhattan,Stuy Town/Peter Cooper Village,Weekend,9,8,8,8,5,57,72.0
224,Manhattan,Stuy Town/Peter Cooper Village,Weekend,10,8,8,8,4,81,93.0
224,Manhattan,Stuy Town/Peter Cooper Village,Weekend,11,8,8,8,7,73,93.0
224,Manhattan,Stuy Town/Peter Cooper Village,Weekend,12,8,8,8,5,84,96.5
224,Manhattan,Stuy Town/Peter Cooper Village,Weekend,13,8,8,8,5,67,81.5
224,Manhattan,Stuy Town/Peter Cooper Village,Weekend,14,8,8,7,3,63,68.0
224,Manhattan,Stuy Town/Peter Cooper Village,Weekend,15,8,8,7,5,48,66.0
224,Manhattan,Stuy Town/Peter Cooper Village,Weekend,16,8,8,6,4,64,82.0
224,Manhattan,Stuy Town/Peter Cooper Village,Weekend,17,8,8,7,3,60,86.0
224,Manhattan,Stuy Town/Peter Cooper Village,Weekend,18,8,8,5,1,53,83.0
224,Manhattan,Stuy Town/Peter Cooper Village,Weekend,19,8,8,4,0,51,86.0
224,Manhattan,Stuy Town/Peter Cooper Village,Weekend,20,8,8,2,1,41,75.0
224,Manhattan,Stuy Town/Peter Cooper Village,Weekend,21,8,8,2,0,37,55.5
224,Manhattan,Stuy Town/Peter Cooper Village,Weekend,22,8,8,2,2,21,61.5
224,Manhattan,Stuy Town/Peter Cooper Village,Weekend,23,8,8,0,0,18,48.5
225,Brooklyn,Stuyvesant Heights,Weekday,0,22,22,4,5,101,151.0
225,Brooklyn,Stuyvesant Heights,Weekday,1,22,22,10,3,61,97.5
225,Brooklyn,Stuyvesant Heights,Weekday,2,22,22,14,9,42,66.5
225,Brooklyn,Stuyvesant Heights,Weekday,3,22,22,14,14,37,61.5
225,Brooklyn,Stuyvesant Heights,Weekday,4,22,22,22,21,57,71.5
225,Brooklyn,Stuyvesant Heights,Weekday,5,22,22,22,22,76,102.0
225,Brooklyn,Stuyvesant Heights,Weekday,6,22,22,22,22,128,170.5
225,Brooklyn,Stuyvesant Heights,Weekday,7,22,22,22,22,204,243.0
225,Brooklyn,Stuyvesant Heights,Weekday,8,22,22,22,22,243,263.5
225,Brooklyn,Stuyvesant Heights,Weekday,9,22,22,22,22,216,240.0
225,Brooklyn,Stuyvesant Heights,Weekday,10,22,22,21,21,164,214.5
225,Brooklyn,Stuyvesant Heights,Weekday,11,22,22,21,18,145,191.0
225,Brooklyn,Stuyvesant Heights,Weekday,12,22,22,22,21,138,193.5
225,Brooklyn,Stuyvesant Heights,Weekday,13,22,22,21,16,145,189.5
225,Brooklyn,Stuyvesant Heights,Weekday,14,22,22,21,18,145,206.0
225,Brooklyn,Stuyvesant Heights,Weekday,15,22,22,21,19,158,219.0
225,Brooklyn,Stuyvesant Heights,Weekday,16,22,22,15,15,167,222.0
225,Brooklyn,Stuyvesant Heights,Weekday,17,22,22,9,10,174,253.0
225,Brooklyn,Stuyvesant Heights,Weekday,18,22,22,18,11,187,264.0
225,Brooklyn,Stuyvesant Heights,Weekday,19,22,22,18,9,168,245.5
225,Brooklyn,Stuyvesant Heights,Weekday,20,22,22,12,5,175,228.5
225,Brooklyn,Stuyvesant Heights,Weekday,21,22,22,4,0,170,241.0
225,Brooklyn,Stuyvesant Heights,Weekday,22,22,22,1,2,177,253.5
225,Brooklyn,Stuyvesant Heights,Weekday,23,22,22,0,0,154,221.5
225,Brooklyn,Stuyvesant Heights,Weekend,0,8,8,0,0,365,410.5
225,Brooklyn,Stuyvesant Heights,Weekend,1,8,8,0,0,297,322.0
225,Brooklyn,Stuyvesant Heights,Weekend,2,8,8,1,0,209,226.0
225,Brooklyn,Stuyvesant Heights,Weekend,3,8,8,3,1,184,202.5
225,Brooklyn,Stuyvesant Heights,Weekend,4,8,8,2,5,141,157.5
225,Brooklyn,Stuyvesant Heights,Weekend,5,8,8,7,6,103,110.5
225,Brooklyn,Stuyvesant Heights,Weekend,6,8,8,8,8,109,141.5
225,Brooklyn,Stuyvesant Heights,Weekend,7,8,8,8,8,130,158.0
225,Brooklyn,Stuyvesant Heights,Weekend,8,8,8,8,8,172,205.5
225,Brooklyn,Stuyvesant Heights,Weekend,9,8,8,8,8,220,246.5
225,Brooklyn,Stuyvesant Heights,Weekend,10,8,8,8,8,242,280.0
225,Brooklyn,Stuyvesant Heights,Weekend,11,8,8,8,8,258,321.5
225,Brooklyn,Stuyvesant Heights,Weekend,12,8,8,8,8,246,299.0
225,Brooklyn,Stuyvesant Heights,Weekend,13,8,8,8,8,255,302.5
225,Brooklyn,Stuyvesant Heights,Weekend,14,8,8,8,7,277,335.0
225,Brooklyn,Stuyvesant Heights,Weekend,15,8,8,7,6,282,321.5
225,Brooklyn,Stuyvesant Heights,Weekend,16,8,8,6,4,241,334.0
225,Brooklyn,Stuyvesant Heights,Weekend,17,8,8,2,1,262,310.5
225,Brooklyn,Stuyvesant Heights,Weekend,18,8,8,6,2,269,329.5
225,Brooklyn,Stuyvesant Heights,Weekend,19,8,8,4,2,261,351.5
225,Brooklyn,Stuyvesant Heights,Weekend,20,8,8,3,3,250,353.0
225,Brooklyn,Stuyvesant Heights,Weekend,21,8,8,1,0,240,362.0
225,Brooklyn,Stuyvesant Heights,Weekend,22,8,8,0,0,260,395.0
225,Brooklyn,Stuyvesant Heights,Weekend,23,8,8,1,1,201,373.5
226,Queens,Sunnyside,Weekday,0,22,22,15,6,49,76.5
226,Queens,Sunnyside,Weekday,1,22,22,16,7,38,50.5
226,Queens,Sunnyside,Weekday,2,22,22,13,9,35,45.0
226,Queens,Sunnyside,Weekday,3,22,22,10,4,29,49.0
226,Queens,Sunnyside,Weekday,4,22,22,4,4,58,74.0
226,Queens,Sunnyside,Weekday,5,22,22,2,1,97,112.5
226,Queens,Sunnyside,Weekday,6,22,22,1,0,140,176.0
226,Queens,Sunnyside,Weekday,7,22,22,2,1,164,241.5
226,Queens,Sunnyside,Weekday,8,22,22,5,2,231,260.5
226,Queens,Sunnyside,Weekday,9,22,22,5,5,188,213.0
226,Queens,Sunnyside,Weekday,10,22,22,12,4,164,184.5
226,Queens,Sunnyside,Weekday,11,22,22,20,10,148,185.5
226,Queens,Sunnyside,Weekday,12,22,22,9,8,156,181.5
226,Queens,Sunnyside,Weekday,13,22,22,10,7,139,185.5
226,Queens,Sunnyside,Weekday,14,22,22,4,3,163,210.0
226,Queens,Sunnyside,Weekday,15,22,22,6,3,185,214.0
226,Queens,Sunnyside,Weekday,16,22,22,5,3,205,235.5
226,Queens,Sunnyside,Weekday,17,22,22,4,0,214,249.5
226,Queens,Sunnyside,Weekday,18,22,22,10,7,195,244.0
226,Queens,Sunnyside,Weekday,19,22,22,18,3,181,208.0
226,Queens,Sunnyside,Weekday,20,22,22,15,7,159,198.0
226,Queens,Sunnyside,Weekday,21,22,22,11,2,150,183.0
226,Queens,Sunnyside,Weekday,22,22,22,7,4,123,162.5
226,Queens,Sunnyside,Weekday,23,22,22,7,4,91,124.5
226,Queens,Sunnyside,Weekend,0,8,8,3,2,167,194.0
226,Queens,Sunnyside,Weekend,1,8,8,2,1,112,135.5
226,Queens,Sunnyside,Weekend,2,8,8,2,2,81,103.5
226,Queens,Sunnyside,Weekend,3,8,8,1,2,67,87.0
226,Queens,Sunnyside,Weekend,4,8,8,5,6,75,90.0
226,Queens,Sunnyside,Weekend,5,8,8,3,4,72,89.0
226,Queens,Sunnyside,Weekend,6,8,8,0,0,94,115.0
226,Queens,Sunnyside,Weekend,7,8,8,3,0,91,127.0
226,Queens,Sunnyside,Weekend,8,8,8,3,2,125,160.0
226,Queens,Sunnyside,Weekend,9,8,8,4,3,156,195.0
226,Queens,Sunnyside,Weekend,10,8,8,2,2,196,218.5
226,Queens,Sunnyside,Weekend,11,8,8,6,4,223,236.5
226,Queens,Sunnyside,Weekend,12,8,8,2,1,237,265.5
226,Queens,Sunnyside,Weekend,13,8,8,3,1,233,260.0
226,Queens,Sunnyside,Weekend,14,8,8,2,0,213,244.5
226,Queens,Sunnyside,Weekend,15,8,8,1,0,193,246.0
226,Queens,Sunnyside,Weekend,16,8,8,3,1,211,228.5
226,Queens,Sunnyside,Weekend,17,8,8,2,0,173,241.5
226,Queens,Sunnyside,Weekend,18,8,8,4,1,175,240.0
226,Queens,Sunnyside,Weekend,19,8,8,6,2,187,247.5
226,Queens,Sunnyside,Weekend,20,8,8,3,2,166,218.0
226,Queens,Sunnyside,Weekend,21,8,8,1,3,159,208.5
226,Queens,Sunnyside,Weekend,22,8,8,1,1,114,194.5
226,Queens,Sunnyside,Weekend,23,8,8,2,2,100,176.0
227,Brooklyn,Sunset Park East,Weekday,0,22,22,14,10,28,39.5
227,Brooklyn,Sunset Park East,Weekday,1,22,22,18,13,20,28.5
227,Brooklyn,Sunset Park East,Weekday,2,22,22,17,11,15,22.5
227,Brooklyn,Sunset Park East,Weekday,3,22,22,19,13,13,20.5
227,Brooklyn,Sunset Park East,Weekday,4,22,22,13,12,19,24.0
227,Brooklyn,Sunset Park East,Weekday,5,22,22,10,10,29,43.5
227,Brooklyn,Sunset Park East,Weekday,6,22,22,5,3,49,71.0
227,Brooklyn,Sunset Park East,Weekday,7,22,22,4,4,72,110.0
227,Brooklyn,Sunset Park East,Weekday,8,22,22,3,1,77,116.0
227,Brooklyn,Sunset Park East,Weekday,9,22,22,4,3,88,105.0
227,Brooklyn,Sunset Park East,Weekday,10,22,22,17,8,63,82.5
227,Brooklyn,Sunset Park East,Weekday,11,22,22,22,20,62,74.5
227,Brooklyn,Sunset Park East,Weekday,12,22,22,20,18,64,79.5
227,Brooklyn,Sunset Park East,Weekday,13,22,22,22,12,63,75.5
227,Brooklyn,Sunset Park East,Weekday,14,22,22,18,14,59,88.5
227,Brooklyn,Sunset Park East,Weekday,15,22,22,18,7,63,85.0
227,Brooklyn,Sunset Park East,Weekday,16,22,22,18,11,66,87.0
227,Brooklyn,Sunset Park East,Weekday,17,22,22,17,10,67,90.5
227,Brooklyn,Sunset Park East,Weekday,18,22,22,17,18,54,78.5
227,Brooklyn,Sunset Park East,Weekday,19,22,22,22,14,56,69.0
227,Brooklyn,Sunset Park East,Weekday,20,22,22,22,13,52,70.5
227,Brooklyn,Sunset Park East,Weekday,21,22,22,16,7,57,71.5
227,Brooklyn,Sunset Park East,Weekday,22,22,22,8,5,47,70.0
227,Brooklyn,Sunset Park East,Weekday,23,22,22,11,5,36,58.0
227,Brooklyn,Sunset Park East,Weekend,0,8,8,3,5,68,82.0
227,Brooklyn,Sunset Park East,Weekend,1,8,8,4,4,44,64.0
227,Brooklyn,Sunset Park East,Weekend,2,8,8,5,6,37,61.5
227,Brooklyn,Sunset Park East,Weekend,3,8,8,3,3,29,43.0
227,Brooklyn,Sunset Park East,Weekend,4,8,8,4,4,21,30.0
227,Brooklyn,Sunset Park East,Weekend,5,8,8,3,1,29,38.0
227,Brooklyn,Sunset Park East,Weekend,6,8,8,1,0,36,45.0
227,Brooklyn,Sunset Park East,Weekend,7,8,8,3,4,47,56.0
227,Brooklyn,Sunset Park East,Weekend,8,8,8,7,5,47,65.5
227,Brooklyn,Sunset Park East,Weekend,9,8,8,7,2,81,92.0
227,Brooklyn,Sunset Park East,Weekend,10,8,8,6,5,78,94.0
227,Brooklyn,Sunset Park East,Weekend,11,8,8,6,6,68,89.0
227,Brooklyn,Sunset Park East,Weekend,12,8,8,6,4,74,87.5
227,Brooklyn,Sunset Park East,Weekend,13,8,8,5,4,71,82.5
227,Brooklyn,Sunset Park East,Weekend,14,8,8,2,1,77,92.5
227,Brooklyn,Sunset Park East,Weekend,15,8,8,4,4,77,95.0
227,Brooklyn,Sunset Park East,Weekend,16,8,8,5,3,70,91.5
227,Brooklyn,Sunset Park East,Weekend,17,8,8,5,6,77,92.5
227,Brooklyn,Sunset Park East,Weekend,18,8,8,6,4,77,90.0
227,Brooklyn,Sunset Park East,Weekend,19,8,8,6,6,61,98.5
227,Brooklyn,Sunset Park East,Weekend,20,8,8,6,4,70,97.0
227,Brooklyn,Sunset Park East,Weekend,21,8,8,5,5,79,94.0
227,Brooklyn,Sunset Park East,Weekend,22,8,8,4,2,70,89.5
227,Brooklyn,Sunset Park East,Weekend,23,8,8,2,3,53,78.5
228,Brooklyn,Sunset Park West,Weekday,0,22,22,20,8,58,83.0
228,Brooklyn,Sunset Park West,Weekday,1,22,22,22,14,33,52.5
228,Brooklyn,Sunset Park West,Weekday,2,22,22,21,16,24,38.0
228,Brooklyn,Sunset Park West,Weekday,3,22,22,17,12,17,28.5
228,Brooklyn,Sunset Park West,Weekday,4,22,22,9,7,30,41.5
228,Brooklyn,Sunset Park West,Weekday,5,22,22,7,4,53,66.5
228,Brooklyn,Sunset Park West,Weekday,6,22,22,3,0,76,102.0
228,Brooklyn,Sunset Park West,Weekday,7,22,22,2,0,96,171.0
228,Brooklyn,Sunset Park West,Weekday,8,22,22,0,0,160,191.5
228,Brooklyn,Sunset Park West,Weekday,9,22,22,1,1,123,146.0
228,Brooklyn,Sunset Park West,Weekday,10,22,22,15,9,105,131.0
228,Brooklyn,Sunset Park West,Weekday,11,22,22,20,5,104,133.5
228,Brooklyn,Sunset Park West,Weekday,12,22,22,21,11,108,139.0
228,Brooklyn,Sunset Park West,Weekday,13,22,22,22,13,113,148.0
228,Brooklyn,Sunset Park West,Weekday,14,22,22,21,13,133,173.0
228,Brooklyn,Sunset Park West,Weekday,15,22,22,20,8,146,184.5
228,Brooklyn,Sunset Park West,Weekday,16,22,22,17,13,149,202.0
228,Brooklyn,Sunset Park West,Weekday,17,22,22,16,6,185,227.5
228,Brooklyn,Sunset Park West,Weekday,18,22,22,14,6,157,215.0
228,Brooklyn,Sunset Park West,Weekday,19,22,22,21,15,163,211.0
228,Brooklyn,Sunset Park West,Weekday,20,22,22,22,15,145,174.0
228,Brooklyn,Sunset Park West,Weekday,21,22,22,14,6,107,151.0
228,Brooklyn,Sunset Park West,Weekday,22,22,22,12,2,84,134.0
228,Brooklyn,Sunset Park West,Weekday,23,22,22,16,5,94,123.0
228,Brooklyn,Sunset Park West,Weekend,0,8,8,6,5,145,193.5
228,Brooklyn,Sunset Park West,Weekend,1,8,8,6,4,98,141.5
228,Brooklyn,Sunset Park West,Weekend,2,8,8,5,4,74,106.5
228,Brooklyn,Sunset Park West,Weekend,3,8,8,4,3,67,79.0
228,Brooklyn,Sunset Park West,Weekend,4,8,8,5,3,60,78.5
228,Brooklyn,Sunset Park West,Weekend,5,8,8,2,2,52,60.5
228,Brooklyn,Sunset Park West,Weekend,6,8,8,2,2,66,85.0
228,Brooklyn,Sunset Park West,Weekend,7,8,8,5,2,95,102.5
228,Brooklyn,Sunset Park West,Weekend,8,8,8,7,4,76,108.5
228,Brooklyn,Sunset Park West,Weekend,9,8,8,7,0,107,123.5
228,Brooklyn,Sunset Park West,Weekend,10,8,8,4,1,124,159.0
228,Brooklyn,Sunset Park West,Weekend,11,8,8,4,1,111,156.0
228,Brooklyn,Sunset Park West,Weekend,12,8,8,5,1,138,188.5
228,Brooklyn,Sunset Park West,Weekend,13,8,8,1,1,161,192.5
228,Brooklyn,Sunset Park West,Weekend,14,8,8,0,0,148,216.0
228,Brooklyn,Sunset Park West,Weekend,15,8,8,3,0,179,237.5
228,Brooklyn,Sunset Park West,Weekend,16,8,8,2,2,155,231.0
228,Brooklyn,Sunset Park West,Weekend,17,8,8,6,4,166,257.0
228,Brooklyn,Sunset Park West,Weekend,18,8,8,5,3,153,233.0
228,Brooklyn,Sunset Park West,Weekend,19,8,8,6,4,157,238.0
228,Brooklyn,Sunset Park West,Weekend,20,8,8,6,4,144,210.5
228,Brooklyn,Sunset Park West,Weekend,21,8,8,7,3,138,197.5
228,Brooklyn,Sunset Park West,Weekend,22,8,8,5,2,108,195.5
228,Brooklyn,Sunset Park West,Weekend,23,8,8,5,2,95,186.5
229,Manhattan,Sutton Place/Turtle Bay North,Weekday,0,22,22,0,0,34,78.5
229,Manhattan,Sutton Place/Turtle Bay North,Weekday,1,22,22,0,1,30,41.5
229,Manhattan,Sutton Place/Turtle Bay North,Weekday,2,22,22,0,0,17,29.0
229,Manhattan,Sutton Place/Turtle Bay North,Weekday,3,22,22,2,0,13,26.5
229,Manhattan,Sutton Place/Turtle Bay North,Weekday,4,22,22,0,0,25,39.5
229,Manhattan,Sutton Place/Turtle Bay North,Weekday,5,22,22,0,0,51,70.5
229,Manhattan,Sutton Place/Turtle Bay North,Weekday,6,22,22,0,0,92,119.5
229,Manhattan,Sutton Place/Turtle Bay North,Weekday,7,22,22,0,0,114,205.5
229,Manhattan,Sutton Place/Turtle Bay North,Weekday,8,22,22,0,0,169,234.5
229,Manhattan,Sutton Place/Turtle Bay North,Weekday,9,22,22,0,0,141,174.0
229,Manhattan,Sutton Place/Turtle Bay North,Weekday,10,22,22,0,1,118,143.5
229,Manhattan,Sutton Place/Turtle Bay North,Weekday,11,22,22,0,0,98,130.5
229,Manhattan,Sutton Place/Turtle Bay North,Weekday,12,22,22,0,0,107,131.5
229,Manhattan,Sutton Place/Turtle Bay North,Weekday,13,22,22,0,2,96,127.5
229,Manhattan,Sutton Place/Turtle Bay North,Weekday,14,22,22,0,0,75,122.0
229,Manhattan,Sutton Place/Turtle Bay North,Weekday,15,22,22,0,1,98,123.0
229,Manhattan,Sutton Place/Turtle Bay North,Weekday,16,22,22,0,1,113,141.0
229,Manhattan,Sutton Place/Turtle Bay North,Weekday,17,22,22,0,1,138,191.5
229,Manhattan,Sutton Place/Turtle Bay North,Weekday,18,22,22,1,2,166,241.5
229,Manhattan,Sutton Place/Turtle Bay North,Weekday,19,22,22,0,0,133,229.0
229,Manhattan,Sutton Place/Turtle Bay North,Weekday,20,22,22,0,0,149,236.0
229,Manhattan,Sutton Place/Turtle Bay North,Weekday,21,22,22,0,0,123,248.0
229,Manhattan,Sutton Place/Turtle Bay North,Weekday,22,22,22,0,0,97,217.5
229,Manhattan,Sutton Place/Turtle Bay North,Weekday,23,22,22,0,0,76,147.0
229,Manhattan,Sutton Place/Turtle Bay North,Weekend,0,8,8,0,0,141,186.5
229,Manhattan,Sutton Place/Turtle Bay North,Weekend,1,8,8,0,0,124,172.0
229,Manhattan,Sutton Place/Turtle Bay North,Weekend,2,8,8,0,0,92,110.5
229,Manhattan,Sutton Place/Turtle Bay North,Weekend,3,8,8,0,0,51,68.5
229,Manhattan,Sutton Place/Turtle Bay North,Weekend,4,8,8,0,0,44,59.0
229,Manhattan,Sutton Place/Turtle Bay North,Weekend,5,8,8,0,0,36,53.5
229,Manhattan,Sutton Place/Turtle Bay North,Weekend,6,8,8,0,0,38,65.0
229,Manhattan,Sutton Place/Turtle Bay North,Weekend,7,8,8,0,0,69,74.0
229,Manhattan,Sutton Place/Turtle Bay North,Weekend,8,8,8,1,0,93,114.5
229,Manhattan,Sutton Place/Turtle Bay North,Weekend,9,8,8,1,0,131,151.0
229,Manhattan,Sutton Place/Turtle Bay North,Weekend,10,8,8,0,0,166,187.5
229,Manhattan,Sutton Place/Turtle Bay North,Weekend,11,8,8,1,0,169,205.5
229,Manhattan,Sutton Place/Turtle Bay North,Weekend,12,8,8,1,0,202,227.5
229,Manhattan,Sutton Place/Turtle Bay North,Weekend,13,8,8,1,0,204,225.0
229,Manhattan,Sutton Place/Turtle Bay North,Weekend,14,8,8,0,0,136,212.5
229,Manhattan,Sutton Place/Turtle Bay North,Weekend,15,8,8,0,0,150,197.0
229,Manhattan,Sutton Place/Turtle Bay North,Weekend,16,8,8,0,0,162,190.5
229,Manhattan,Sutton Place/Turtle Bay North,Weekend,17,8,8,0,0,165,226.0
229,Manhattan,Sutton Place/Turtle Bay North,Weekend,18,8,8,1,0,159,225.5
229,Manhattan,Sutton Place/Turtle Bay North,Weekend,19,8,8,0,0,162,224.5
229,Manhattan,Sutton Place/Turtle Bay North,Weekend,20,8,8,0,0,138,215.5
229,Manhattan,Sutton Place/Turtle Bay North,Weekend,21,8,8,0,0,110,186.0
229,Manhattan,Sutton Place/Turtle Bay North,Weekend,22,8,8,0,0,97,207.0
229,Manhattan,Sutton Place/Turtle Bay North,Weekend,23,8,8,0,0,81,175.0
230,Manhattan,Times Sq/Theatre District,Weekday,0,22,22,1,2,159,359.5
230,Manhattan,Times Sq/Theatre District,Weekday,1,22,22,0,0,81,213.5
230,Manhattan,Times Sq/Theatre District,Weekday,2,22,22,0,0,69,127.0
230,Manhattan,Times Sq/Theatre District,Weekday,3,22,22,0,0,58,90.0
230,Manhattan,Times Sq/Theatre District,Weekday,4,22,22,0,0,59,86.0
230,Manhattan,Times Sq/Theatre District,Weekday,5,22,22,1,1,58,88.5
230,Manhattan,Times Sq/Theatre District,Weekday,6,22,22,0,0,73,113.0
230,Manhattan,Times Sq/Theatre District,Weekday,7,22,22,0,0,109,203.5
230,Manhattan,Times Sq/Theatre District,Weekday,8,22,22,0,0,168,273.5
230,Manhattan,Times Sq/Theatre District,Weekday,9,22,22,0,0,235,284.5
230,Manhattan,Times Sq/Theatre District,Weekday,10,22,22,0,3,234,309.5
230,Manhattan,Times Sq/Theatre District,Weekday,11,22,22,0,6,248,304.5
230,Manhattan,Times Sq/Theatre District,Weekday,12,22,22,0,7,214,275.0
230,Manhattan,Times Sq/Theatre District,Weekday,13,22,22,0,1,226,281.5
230,Manhattan,Times Sq/Theatre District,Weekday,14,22,22,0,1,213,275.0
230,Manhattan,Times Sq/Theatre District,Weekday,15,22,22,2,4,208,274.0
230,Manhattan,Times Sq/Theatre District,Weekday,16,22,22,4,7,253,336.5
230,Manhattan,Times Sq/Theatre District,Weekday,17,22,22,3,5,296,384.5
230,Manhattan,Times Sq/Theatre District,Weekday,18,22,22,3,7,275,395.0
230,Manhattan,Times Sq/Theatre District,Weekday,19,22,22,0,2,281,439.0
230,Manhattan,Times Sq/Theatre District,Weekday,20,22,22,7,6,309,605.5
230,Manhattan,Times Sq/Theatre District,Weekday,21,22,22,19,17,514,776.5
230,Manhattan,Times Sq/Theatre District,Weekday,22,22,22,18,19,467,686.0
230,Manhattan,Times Sq/Theatre District,Weekday,23,22,22,11,10,377,508.5
230,Manhattan,Times Sq/Theatre District,Weekend,0,8,8,6,5,386,431.5
230,Manhattan,Times Sq/Theatre District,Weekend,1,8,8,1,1,284,319.0
230,Manhattan,Times Sq/Theatre District,Weekend,2,8,8,0,0,205,248.5
230,Manhattan,Times Sq/Theatre District,Weekend,3,8,8,0,0,157,203.0
230,Manhattan,Times Sq/Theatre District,Weekend,4,8,8,1,3,124,162.0
230,Manhattan,Times Sq/Theatre District,Weekend,5,8,8,2,1,72,103.5
230,Manhattan,Times Sq/Theatre District,Weekend,6,8,8,0,0,64,99.0
230,Manhattan,Times Sq/Theatre District,Weekend,7,8,8,0,0,91,137.0
230,Manhattan,Times Sq/Theatre District,Weekend,8,8,8,0,0,159,188.0
230,Manhattan,Times Sq/Theatre District,Weekend,9,8,8,0,2,247,287.5
230,Manhattan,Times Sq/Theatre District,Weekend,10,8,8,0,1,291,357.5
230,Manhattan,Times Sq/Theatre District,Weekend,11,8,8,3,3,302,363.5
230,Manhattan,Times Sq/Theatre District,Weekend,12,8,8,5,4,238,338.5
230,Manhattan,Times Sq/Theatre District,Weekend,13,8,8,1,4,209,308.5
230,Manhattan,Times Sq/Theatre District,Weekend,14,8,8,1,4,216,260.0
230,Manhattan,Times Sq/Theatre District,Weekend,15,8,8,3,3,217,313.5
230,Manhattan,Times Sq/Theatre District,Weekend,16,8,8,7,7,325,370.0
230,Manhattan,Times Sq/Theatre District,Weekend,17,8,8,3,6,360,404.5
230,Manhattan,Times Sq/Theatre District,Weekend,18,8,8,1,2,295,369.0
230,Manhattan,Times Sq/Theatre District,Weekend,19,8,8,1,1,288,334.5
230,Manhattan,Times Sq/Theatre District,Weekend,20,8,8,0,0,288,346.5
230,Manhattan,Times Sq/Theatre District,Weekend,21,8,8,4,4,320,419.5
230,Manhattan,Times Sq/Theatre District,Weekend,22,8,8,4,4,277,530.5
230,Manhattan,Times Sq/Theatre District,Weekend,23,8,8,3,3,207,408.5
231,Manhattan,TriBeCa/Civic Center,Weekday,0,22,22,0,0,57,156.0
231,Manhattan,TriBeCa/Civic Center,Weekday,1,22,22,0,0,31,83.5
231,Manhattan,TriBeCa/Civic Center,Weekday,2,22,22,0,0,12,50.5
231,Manhattan,TriBeCa/Civic Center,Weekday,3,22,22,0,0,10,44.5
231,Manhattan,TriBeCa/Civic Center,Weekday,4,22,22,0,0,38,64.5
231,Manhattan,TriBeCa/Civic Center,Weekday,5,22,22,0,0,75,94.0
231,Manhattan,TriBeCa/Civic Center,Weekday,6,22,22,0,0,126,182.5
231,Manhattan,TriBeCa/Civic Center,Weekday,7,22,22,0,0,161,304.5
231,Manhattan,TriBeCa/Civic Center,Weekday,8,22,22,0,0,223,398.5
231,Manhattan,TriBeCa/Civic Center,Weekday,9,22,22,0,0,240,321.0
231,Manhattan,TriBeCa/Civic Center,Weekday,10,22,22,0,0,240,292.0
231,Manhattan,TriBeCa/Civic Center,Weekday,11,22,22,0,0,238,295.5
231,Manhattan,TriBeCa/Civic Center,Weekday,12,22,22,0,1,224,304.0
231,Manhattan,TriBeCa/Civic Center,Weekday,13,22,22,0,0,251,309.5
231,Manhattan,TriBeCa/Civic Center,Weekday,14,22,22,0,0,236,318.5
231,Manhattan,TriBeCa/Civic Center,Weekday,15,22,22,0,0,267,331.0
231,Manhattan,TriBeCa/Civic Center,Weekday,16,22,22,4,2,294,380.0
231,Manhattan,TriBeCa/Civic Center,Weekday,17,22,22,7,2,305,479.5
231,Manhattan,TriBeCa/Civic Center,Weekday,18,22,22,4,1,330,531.5
231,Manhattan,TriBeCa/Civic Center,Weekday,19,22,22,0,0,364,542.5
231,Manhattan,TriBeCa/Civic Center,Weekday,20,22,22,0,0,286,551.0
231,Manhattan,TriBeCa/Civic Center,Weekday,21,22,22,0,0,287,559.0
231,Manhattan,TriBeCa/Civic Center,Weekday,22,22,22,0,0,234,513.5
231,Manhattan,TriBeCa/Civic Center,Weekday,23,22,22,0,0,215,324.0
231,Manhattan,TriBeCa/Civic Center,Weekend,0,8,8,1,0,341,495.5
231,Manhattan,TriBeCa/Civic Center,Weekend,1,8,8,0,0,247,367.5
231,Manhattan,TriBeCa/Civic Center,Weekend,2,8,8,0,0,154,215.0
231,Manhattan,TriBeCa/Civic Center,Weekend,3,8,8,0,0,102,153.5
231,Manhattan,TriBeCa/Civic Center,Weekend,4,8,8,0,0,77,108.0
231,Manhattan,TriBeCa/Civic Center,Weekend,5,8,8,0,0,52,70.5
231,Manhattan,TriBeCa/Civic Center,Weekend,6,8,8,0,0,53,79.0
231,Manhattan,TriBeCa/Civic Center,Weekend,7,8,8,0,0,79,119.5
231,Manhattan,TriBeCa/Civic Center,Weekend,8,8,8,0,0,124,167.5
231,Manhattan,TriBeCa/Civic Center,Weekend,9,8,8,0,0,183,248.0
231,Manhattan,TriBeCa/Civic Center,Weekend,10,8,8,0,0,259,327.0
231,Manhattan,TriBeCa/Civic Center,Weekend,11,8,8,0,0,289,395.5
231,Manhattan,TriBeCa/Civic Center,Weekend,12,8,8,0,0,306,413.0
231,Manhattan,TriBeCa/Civic Center,Weekend,13,8,8,0,0,304,402.0
231,Manhattan,TriBeCa/Civic Center,Weekend,14,8,8,0,0,305,361.5
231,Manhattan,TriBeCa/Civic Center,Weekend,15,8,8,1,0,299,378.5
231,Manhattan,TriBeCa/Civic Center,Weekend,16,8,8,0,0,321,383.0
231,Manhattan,TriBeCa/Civic Center,Weekend,17,8,8,0,0,249,419.5
231,Manhattan,TriBeCa/Civic Center,Weekend,18,8,8,0,0,265,402.0
231,Manhattan,TriBeCa/Civic Center,Weekend,19,8,8,0,0,275,418.5
231,Manhattan,TriBeCa/Civic Center,Weekend,20,8,8,1,0,245,413.0
231,Manhattan,TriBeCa/Civic Center,Weekend,21,8,8,0,0,233,378.0
231,Manhattan,TriBeCa/Civic Center,Weekend,22,8,8,0,0,200,398.5
231,Manhattan,TriBeCa/Civic Center,Weekend,23,8,8,0,0,100,361.0
232,Manhattan,Two Bridges/Seward Park,Weekday,0,22,22,13,13,33,56.0
232,Manhattan,Two Bridges/Seward Park,Weekday,1,22,22,16,13,18,29.5
232,Manhattan,Two Bridges/Seward Park,Weekday,2,22,22,12,13,15,22.0
232,Manhattan,Two Bridges/Seward Park,Weekday,3,22,22,12,12,9,22.0
232,Manhattan,Two Bridges/Seward Park,Weekday,4,22,22,13,12,20,37.0
232,Manhattan,Two Bridges/Seward Park,Weekday,5,22,22,21,18,50,63.5
232,Manhattan,Two Bridges/Seward Park,Weekday,6,22,22,22,21,80,100.0
232,Manhattan,Two Bridges/Seward Park,Weekday,7,22,22,21,17,101,124.0
232,Manhattan,Two Bridges/Seward Park,Weekday,8,22,22,22,22,128,161.0
232,Manhattan,Two Bridges/Seward Park,Weekday,9,22,22,22,18,142,167.5
232,Manhattan,Two Bridges/Seward Park,Weekday,10,22,22,22,15,105,127.5
232,Manhattan,Two Bridges/Seward Park,Weekday,11,22,22,19,9,78,108.0
232,Manhattan,Two Bridges/Seward Park,Weekday,12,22,22,18,14,83,109.0
232,Manhattan,Two Bridges/Seward Park,Weekday,13,22,22,19,15,76,103.5
232,Manhattan,Two Bridges/Seward Park,Weekday,14,22,22,18,11,88,114.0
232,Manhattan,Two Bridges/Seward Park,Weekday,15,22,22,21,18,83,106.5
232,Manhattan,Two Bridges/Seward Park,Weekday,16,22,22,21,16,77,105.0
232,Manhattan,Two Bridges/Seward Park,Weekday,17,22,22,19,19,95,127.0
232,Manhattan,Two Bridges/Seward Park,Weekday,18,22,22,20,18,100,133.5
232,Manhattan,Two Bridges/Seward Park,Weekday,19,22,22,20,10,99,144.5
232,Manhattan,Two Bridges/Seward Park,Weekday,20,22,22,19,10,82,139.5
232,Manhattan,Two Bridges/Seward Park,Weekday,21,22,22,13,10,74,141.5
232,Manhattan,Two Bridges/Seward Park,Weekday,22,22,22,17,10,96,141.0
232,Manhattan,Two Bridges/Seward Park,Weekday,23,22,22,17,15,50,98.5
232,Manhattan,Two Bridges/Seward Park,Weekend,0,8,8,8,8,153,165.0
232,Manhattan,Two Bridges/Seward Park,Weekend,1,8,8,8,8,132,156.5
232,Manhattan,Two Bridges/Seward Park,Weekend,2,8,8,8,8,94,146.5
232,Manhattan,Two Bridges/Seward Park,Weekend,3,8,8,5,3,84,104.5
232,Manhattan,Two Bridges/Seward Park,Weekend,4,8,8,4,4,64,72.0
232,Manhattan,Two Bridges/Seward Park,Weekend,5,8,8,3,5,42,55.5
232,Manhattan,Two Bridges/Seward Park,Weekend,6,8,8,5,4,56,68.5
232,Manhattan,Two Bridges/Seward Park,Weekend,7,8,8,5,2,58,71.0
232,Manhattan,Two Bridges/Seward Park,Weekend,8,8,8,8,6,85,102.0
232,Manhattan,Two Bridges/Seward Park,Weekend,9,8,8,8,3,108,124.5
232,Manhattan,Two Bridges/Seward Park,Weekend,10,8,8,8,6,128,143.0
232,Manhattan,Two Bridges/Seward Park,Weekend,11,8,8,8,5,147,162.0
232,Manhattan,Two Bridges/Seward Park,Weekend,12,8,8,8,7,131,165.5
232,Manhattan,Two Bridges/Seward Park,Weekend,13,8,8,8,7,152,163.5
232,Manhattan,Two Bridges/Seward Park,Weekend,14,8,8,7,5,144,168.0
232,Manhattan,Two Bridges/Seward Park,Weekend,15,8,8,8,6,128,165.0
232,Manhattan,Two Bridges/Seward Park,Weekend,16,8,8,8,8,139,162.0
232,Manhattan,Two Bridges/Seward Park,Weekend,17,8,8,7,5,132,182.0
232,Manhattan,Two Bridges/Seward Park,Weekend,18,8,8,5,5,123,196.5
232,Manhattan,Two Bridges/Seward Park,Weekend,19,8,8,6,4,136,182.0
232,Manhattan,Two Bridges/Seward Park,Weekend,20,8,8,3,2,113,165.0
232,Manhattan,Two Bridges/Seward Park,Weekend,21,8,8,2,2,99,167.0
232,Manhattan,Two Bridges/Seward Park,Weekend,22,8,8,4,3,91,161.0
232,Manhattan,Two Bridges/Seward Park,Weekend,23,8,8,4,4,66,121.0
233,Manhattan,UN/Turtle Bay South,Weekday,0,22,22,0,0,22,42.0
233,Manhattan,UN/Turtle Bay South,Weekday,1,22,22,0,0,10,22.5
233,Manhattan,UN/Turtle Bay South,Weekday,2,22,22,3,3,7,16.5
233,Manhattan,UN/Turtle Bay South,Weekday,3,22,22,0,1,2,17.0
233,Manhattan,UN/Turtle Bay South,Weekday,4,22,22,0,0,20,31.0
233,Manhattan,UN/Turtle Bay South,Weekday,5,22,22,0,0,48,62.0
233,Manhattan,UN/Turtle Bay South,Weekday,6,22,22,0,0,86,127.0
233,Manhattan,UN/Turtle Bay South,Weekday,7,22,22,0,0,117,202.0
233,Manhattan,UN/Turtle Bay South,Weekday,8,22,22,1,1,159,264.0
233,Manhattan,UN/Turtle Bay South,Weekday,9,22,22,0,0,146,205.5
233,Manhattan,UN/Turtle Bay South,Weekday,10,22,22,0,2,148,171.5
233,Manhattan,UN/Turtle Bay South,Weekday,11,22,22,3,4,136,160.5
233,Manhattan,UN/Turtle Bay South,Weekday,12,22,22,4,3,127,157.5
233,Manhattan,UN/Turtle Bay South,Weekday,13,22,22,3,2,129,159.5
233,Manhattan,UN/Turtle Bay South,Weekday,14,22,22,1,2,102,147.0
233,Manhattan,UN/Turtle Bay South,Weekday,15,22,22,1,3,124,152.0
233,Manhattan,UN/Turtle Bay South,Weekday,16,22,22,4,5,115,165.5
233,Manhattan,UN/Turtle Bay South,Weekday,17,22,22,7,6,134,214.5
233,Manhattan,UN/Turtle Bay South,Weekday,18,22,22,9,4,156,245.5
233,Manhattan,UN/Turtle Bay South,Weekday,19,22,22,4,1,141,206.5
233,Manhattan,UN/Turtle Bay South,Weekday,20,22,22,2,0,130,191.5
233,Manhattan,UN/Turtle Bay South,Weekday,21,22,22,5,2,103,174.0
233,Manhattan,UN/Turtle Bay South,Weekday,22,22,22,1,1,82,129.5
233,Manhattan,UN/Turtle Bay South,Weekday,23,22,22,2,0,52,95.0
233,Manhattan,UN/Turtle Bay South,Weekend,0,8,8,0,0,106,117.5
233,Manhattan,UN/Turtle Bay South,Weekend,1,8,8,0,0,61,73.0
233,Manhattan,UN/Turtle Bay South,Weekend,2,8,8,0,0,33,46.0
233,Manhattan,UN/Turtle Bay South,Weekend,3,8,8,0,0,36,41.0
233,Manhattan,UN/Turtle Bay South,Weekend,4,8,8,0,0,29,39.5
233,Manhattan,UN/Turtle Bay South,Weekend,5,8,8,0,0,27,47.0
233,Manhattan,UN/Turtle Bay South,Weekend,6,8,8,0,0,47,56.0
233,Manhattan,UN/Turtle Bay South,Weekend,7,8,8,0,0,54,81.0
233,Manhattan,UN/Turtle Bay South,Weekend,8,8,8,0,1,90,111.0
233,Manhattan,UN/Turtle Bay South,Weekend,9,8,8,1,0,131,154.0
233,Manhattan,UN/Turtle Bay South,Weekend,10,8,8,2,1,194,203.5
233,Manhattan,UN/Turtle Bay South,Weekend,11,8,8,6,5,183,215.0
233,Manhattan,UN/Turtle Bay South,Weekend,12,8,8,6,1,183,223.0
233,Manhattan,UN/Turtle Bay South,Weekend,13,8,8,4,1,195,217.0
233,Manhattan,UN/Turtle Bay South,Weekend,14,8,8,1,0,149,179.5
233,Manhattan,UN/Turtle Bay South,Weekend,15,8,8,1,1,143,178.5
233,Manhattan,UN/Turtle Bay South,Weekend,16,8,8,1,2,140,173.0
233,Manhattan,UN/Turtle Bay South,Weekend,17,8,8,1,1,158,201.5
233,Manhattan,UN/Turtle Bay South,Weekend,18,8,8,1,1,142,225.5
233,Manhattan,UN/Turtle Bay South,Weekend,19,8,8,2,1,109,197.5
233,Manhattan,UN/Turtle Bay South,Weekend,20,8,8,0,0,135,196.5
233,Manhattan,UN/Turtle Bay South,Weekend,21,8,8,0,0,94,145.0
233,Manhattan,UN/Turtle Bay South,Weekend,22,8,8,0,0,55,138.0
233,Manhattan,UN/Turtle Bay South,Weekend,23,8,8,0,0,50,99.0
234,Manhattan,Union Sq,Weekday,0,22,22,2,0,80,206.0
234,Manhattan,Union Sq,Weekday,1,22,22,0,0,49,95.5
234,Manhattan,Union Sq,Weekday,2,22,22,2,0,30,51.5
234,Manhattan,Union Sq,Weekday,3,22,22,2,0,11,26.5
234,Manhattan,Union Sq,Weekday,4,22,22,2,4,24,39.5
234,Manhattan,Union Sq,Weekday,5,22,22,2,1,38,57.5
234,Manhattan,Union Sq,Weekday,6,22,22,0,0,80,124.0
234,Manhattan,Union Sq,Weekday,7,22,22,0,0,82,201.0
234,Manhattan,Union Sq,Weekday,8,22,22,0,0,149,257.0
234,Manhattan,Union Sq,Weekday,9,22,22,0,0,170,225.5
234,Manhattan,Union Sq,Weekday,10,22,22,0,0,164,224.5
234,Manhattan,Union Sq,Weekday,11,22,22,0,0,173,266.5
234,Manhattan,Union Sq,Weekday,12,22,22,0,0,166,274.0
234,Manhattan,Union Sq,Weekday,13,22,22,0,0,213,302.5
234,Manhattan,Union Sq,Weekday,14,22,22,0,0,231,335.5
234,Manhattan,Union Sq,Weekday,15,22,22,0,0,258,335.5
234,Manhattan,Union Sq,Weekday,16,22,22,3,1,281,392.0
234,Manhattan,Union Sq,Weekday,17,22,22,4,1,354,483.0
234,Manhattan,Union Sq,Weekday,18,22,22,3,1,377,510.0
234,Manhattan,Union Sq,Weekday,19,22,22,0,0,328,528.0
234,Manhattan,Union Sq,Weekday,20,22,22,1,0,405,602.5
234,Manhattan,Union Sq,Weekday,21,22,22,9,2,449,628.5
234,Manhattan,Union Sq,Weekday,22,22,22,12,5,323,545.0
234,Manhattan,Union Sq,Weekday,23,22,22,10,5,218,388.5
234,Manhattan,Union Sq,Weekend,0,8,8,5,4,427,475.0
234,Manhattan,Union Sq,Weekend,1,8,8,6,5,311,423.0
234,Manhattan,Union Sq,Weekend,2,8,8,6,3,271,307.5
234,Manhattan,Union Sq,Weekend,3,8,8,3,3,183,222.0
234,Manhattan,Union Sq,Weekend,4,8,8,3,4,88,121.5
234,Manhattan,Union Sq,Weekend,5,8,8,2,1,43,52.0
234,Manhattan,Union Sq,Weekend,6,8,8,0,0,42,53.5
234,Manhattan,Union Sq,Weekend,7,8,8,0,0,53,70.5
234,Manhattan,Union Sq,Weekend,8,8,8,0,1,84,105.5
234,Manhattan,Union Sq,Weekend,9,8,8,0,2,111,140.5
234,Manhattan,Union Sq,Weekend,10,8,8,1,2,170,199.0
234,Manhattan,Union Sq,Weekend,11,8,8,1,2,223,246.5
234,Manhattan,Union Sq,Weekend,12,8,8,1,2,225,283.5
234,Manhattan,Union Sq,Weekend,13,8,8,1,2,225,306.0
234,Manhattan,Union Sq,Weekend,14,8,8,1,2,194,320.5
234,Manhattan,Union Sq,Weekend,15,8,8,1,1,228,343.0
234,Manhattan,Union Sq,Weekend,16,8,8,1,1,258,317.0
234,Manhattan,Union Sq,Weekend,17,8,8,0,0,234,341.5
234,Manhattan,Union Sq,Weekend,18,8,8,0,0,213,359.5
234,Manhattan,Union Sq,Weekend,19,8,8,0,0,238,396.0
234,Manhattan,Union Sq,Weekend,20,8,8,0,0,255,440.0
234,Manhattan,Union Sq,Weekend,21,8,8,0,0,260,428.0
234,Manhattan,Union Sq,Weekend,22,8,8,0,0,244,454.0
234,Manhattan,Union Sq,Weekend,23,8,8,0,0,156,381.5
235,Bronx,University Heights/Morris Heights,Weekday,0,22,22,18,13,40,70.0
235,Bronx,University Heights/Morris Heights,Weekday,1,22,22,18,16,26,44.5
235,Bronx,University Heights/Morris Heights,Weekday,2,22,22,21,16,24,33.0
235,Bronx,University Heights/Morris Heights,Weekday,3,22,22,17,15,17,29.5
235,Bronx,University Heights/Morris Heights,Weekday,4,22,22,18,20,30,45.5
235,Bronx,University Heights/Morris Heights,Weekday,5,22,22,22,22,67,82.5
235,Bronx,University Heights/Morris Heights,Weekday,6,22,22,22,22,101,148.0
235,Bronx,University Heights/Morris Heights,Weekday,7,22,22,22,22,145,216.0
235,Bronx,University Heights/Morris Heights,Weekday,8,22,22,22,21,201,233.0
235,Bronx,University Heights/Morris Heights,Weekday,9,22,22,21,21,166,188.5
235,Bronx,University Heights/Morris Heights,Weekday,10,22,22,22,22,106,151.5
235,Bronx,University Heights/Morris Heights,Weekday,11,22,22,21,22,111,136.0
235,Bronx,University Heights/Morris Heights,Weekday,12,22,22,22,20,100,128.5
235,Bronx,University Heights/Morris Heights,Weekday,13,22,22,20,21,124,149.5
235,Bronx,University Heights/Morris Heights,Weekday,14,22,22,21,20,127,162.5
235,Bronx,University Heights/Morris Heights,Weekday,15,22,22,22,22,117,143.5
235,Bronx,University Heights/Morris Heights,Weekday,16,22,22,22,22,113,148.5
235,Bronx,University Heights/Morris Heights,Weekday,17,22,22,22,22,121,149.5
235,Bronx,University Heights/Morris Heights,Weekday,18,22,22,22,21,107,134.0
235,Bronx,University Heights/Morris Heights,Weekday,19,22,22,22,21,90,130.5
235,Bronx,University Heights/Morris Heights,Weekday,20,22,22,22,21,103,123.0
235,Bronx,University Heights/Morris Heights,Weekday,21,22,22,19,18,98,128.5
235,Bronx,University Heights/Morris Heights,Weekday,22,22,22,20,19,89,134.0
235,Bronx,University Heights/Morris Heights,Weekday,23,22,22,17,15,83,111.0
235,Bronx,University Heights/Morris Heights,Weekend,0,8,8,2,4,114,144.0
235,Bronx,University Heights/Morris Heights,Weekend,1,8,8,3,4,82,118.0
235,Bronx,University Heights/Morris Heights,Weekend,2,8,8,4,5,55,80.5
235,Bronx,University Heights/Morris Heights,Weekend,3,8,8,5,6,48,61.5
235,Bronx,University Heights/Morris Heights,Weekend,4,8,8,7,6,36,59.5
235,Bronx,University Heights/Morris Heights,Weekend,5,8,8,7,7,52,75.0
235,Bronx,University Heights/Morris Heights,Weekend,6,8,8,8,8,88,100.0
235,Bronx,University Heights/Morris Heights,Weekend,7,8,8,8,7,82,105.5
235,Bronx,University Heights/Morris Heights,Weekend,8,8,8,6,7,100,126.5
235,Bronx,University Heights/Morris Heights,Weekend,9,8,8,8,8,118,150.0
235,Bronx,University Heights/Morris Heights,Weekend,10,8,8,8,8,127,164.0
235,Bronx,University Heights/Morris Heights,Weekend,11,8,8,8,8,120,150.5
235,Bronx,University Heights/Morris Heights,Weekend,12,8,8,8,8,132,153.0
235,Bronx,University Heights/Morris Heights,Weekend,13,8,8,8,8,129,153.0
235,Bronx,University Heights/Morris Heights,Weekend,14,8,8,8,7,128,175.0
235,Bronx,University Heights/Morris Heights,Weekend,15,8,8,8,8,144,180.0
235,Bronx,University Heights/Morris Heights,Weekend,16,8,8,8,8,136,151.0
235,Bronx,University Heights/Morris Heights,Weekend,17,8,8,8,8,142,164.0
235,Bronx,University Heights/Morris Heights,Weekend,18,8,8,8,8,138,155.0
235,Bronx,University Heights/Morris Heights,Weekend,19,8,8,8,8,128,157.5
235,Bronx,University Heights/Morris Heights,Weekend,20,8,8,8,8,146,182.0
235,Bronx,University Heights/Morris Heights,Weekend,21,8,8,7,7,132,179.0
235,Bronx,University Heights/Morris Heights,Weekend,22,8,8,6,6,147,178.0
235,Bronx,University Heights/Morris Heights,Weekend,23,8,8,4,3,111,167.5
236,Manhattan,Upper East Side North,Weekday,0,22,22,3,2,21,43.0
236,Manhattan,Upper East Side North,Weekday,1,22,22,3,3,14,23.0
236,Manhattan,Upper East Side North,Weekday,2,22,22,4,1,9,13.5
236,Manhattan,Upper East Side North,Weekday,3,22,22,2,4,3,10.5
236,Manhattan,Upper East Side North,Weekday,4,22,22,1,1,21,33.5
236,Manhattan,Upper East Side North,Weekday,5,22,22,4,1,66,72.0
236,Manhattan,Upper East Side North,Weekday,6,22,22,0,0,76,148.5
236,Manhattan,Upper East Side North,Weekday,7,22,22,1,0,115,314.5
236,Manhattan,Upper East Side North,Weekday,8,22,22,5,2,180,339.0
236,Manhattan,Upper East Side North,Weekday,9,22,22,3,0,195,282.0
236,Manhattan,Upper East Side North,Weekday,10,22,22,0,0,180,235.5
236,Manhattan,Upper East Side North,Weekday,11,22,22,5,1,196,227.5
236,Manhattan,Upper East Side North,Weekday,12,22,22,1,0,189,230.0
236,Manhattan,Upper East Side North,Weekday,13,22,22,3,0,177,223.0
236,Manhattan,Upper East Side North,Weekday,14,22,22,2,1,199,248.0
236,Manhattan,Upper East Side North,Weekday,15,22,22,6,1,222,295.0
236,Manhattan,Upper East Side North,Weekday,16,22,22,3,0,250,298.5
236,Manhattan,Upper East Side North,Weekday,17,22,22,2,1,249,349.5
236,Manhattan,Upper East Side North,Weekday,18,22,22,2,0,235,386.0
236,Manhattan,Upper East Side North,Weekday,19,22,22,1,0,179,275.5
236,Manhattan,Upper East Side North,Weekday,20,22,22,1,0,193,250.5
236,Manhattan,Upper East Side North,Weekday,21,22,22,2,0,147,239.0
236,Manhattan,Upper East Side North,Weekday,22,22,22,0,0,87,172.0
236,Manhattan,Upper East Side North,Weekday,23,22,22,0,0,63,104.5
236,Manhattan,Upper East Side North,Weekend,0,8,8,0,0,59,131.0
236,Manhattan,Upper East Side North,Weekend,1,8,8,0,0,47,69.5
236,Manhattan,Upper East Side North,Weekend,2,8,8,0,2,31,41.5
236,Manhattan,Upper East Side North,Weekend,3,8,8,0,0,21,27.0
236,Manhattan,Upper East Side North,Weekend,4,8,8,0,0,17,27.5
236,Manhattan,Upper East Side North,Weekend,5,8,8,0,0,27,40.0
236,Manhattan,Upper East Side North,Weekend,6,8,8,0,0,44,59.5
236,Manhattan,Upper East Side North,Weekend,7,8,8,0,0,66,97.5
236,Manhattan,Upper East Side North,Weekend,8,8,8,0,0,111,133.5
236,Manhattan,Upper East Side North,Weekend,9,8,8,0,0,138,187.5
236,Manhattan,Upper East Side North,Weekend,10,8,8,0,0,195,252.0
236,Manhattan,Upper East Side North,Weekend,11,8,8,0,0,192,282.5
236,Manhattan,Upper East Side North,Weekend,12,8,8,0,0,212,328.5
236,Manhattan,Upper East Side North,Weekend,13,8,8,1,1,224,303.0
236,Manhattan,Upper East Side North,Weekend,14,8,8,1,1,238,273.5
236,Manhattan,Upper East Side North,Weekend,15,8,8,1,0,230,318.0
236,Manhattan,Upper East Side North,Weekend,16,8,8,2,1,236,331.0
236,Manhattan,Upper East Side North,Weekend,17,8,8,2,1,280,357.0
236,Manhattan,Upper East Side North,Weekend,18,8,8,2,0,205,311.5
236,Manhattan,Upper East Side North,Weekend,19,8,8,1,0,147,252.0
236,Manhattan,Upper East Side North,Weekend,20,8,8,0,0,194,251.5
236,Manhattan,Upper East Side North,Weekend,21,8,8,0,0,137,220.5
236,Manhattan,Upper East Side North,Weekend,22,8,8,0,0,89,159.5
236,Manhattan,Upper East Side North,Weekend,23,8,8,0,0,57,127.5
237,Manhattan,Upper East Side South,Weekday,0,22,22,0,0,37,95.0
237,Manhattan,Upper East Side South,Weekday,1,22,22,0,0,15,38.5
237,Manhattan,Upper East Side South,Weekday,2,22,22,1,1,7,20.0
237,Manhattan,Upper East Side South,Weekday,3,22,22,2,1,4,13.5
237,Manhattan,Upper East Side South,Weekday,4,22,22,1,0,12,26.0
237,Manhattan,Upper East Side South,Weekday,5,22,22,0,0,46,58.0
237,Manhattan,Upper East Side South,Weekday,6,22,22,0,0,66,117.0
237,Manhattan,Upper East Side South,Weekday,7,22,22,0,0,97,261.0
237,Manhattan,Upper East Side South,Weekday,8,22,22,0,0,127,313.0
237,Manhattan,Upper East Side South,Weekday,9,22,22,1,1,193,269.0
237,Manhattan,Upper East Side South,Weekday,10,22,22,0,0,204,252.0
237,Manhattan,Upper East Side South,Weekday,11,22,22,0,2,211,265.5
237,Manhattan,Upper East Side South,Weekday,12,22,22,1,1,228,274.5
237,Manhattan,Upper East Side South,Weekday,13,22,22,0,1,221,288.0
237,Manhattan,Upper East Side South,Weekday,14,22,22,0,0,253,315.0
237,Manhattan,Upper East Side South,Weekday,15,22,22,0,0,246,326.0
237,Manhattan,Upper East Side South,Weekday,16,22,22,0,0,276,351.5
237,Manhattan,Upper East Side South,Weekday,17,22,22,0,0,307,426.5
237,Manhattan,Upper East Side South,Weekday,18,22,22,0,1,296,449.0
237,Manhattan,Upper East Side South,Weekday,19,22,22,0,0,234,368.5
237,Manhattan,Upper East Side South,Weekday,20,22,22,0,0,246,380.5
237,Manhattan,Upper East Side South,Weekday,21,22,22,1,0,217,388.5
237,Manhattan,Upper East Side South,Weekday,22,22,22,0,0,145,335.5
237,Manhattan,Upper East Side South,Weekday,23,22,22,0,0,99,215.5
237,Manhattan,Upper East Side South,Weekend,0,8,8,0,0,144,230.5
237,Manhattan,Upper East Side South,Weekend,1,8,8,0,0,96,138.0
237,Manhattan,Upper East Side South,Weekend,2,8,8,0,1,36,77.0
237,Manhattan,Upper East Side South,Weekend,3,8,8,0,0,31,39.0
237,Manhattan,Upper East Side South,Weekend,4,8,8,0,0,20,27.5
237,Manhattan,Upper East Side South,Weekend,5,8,8,0,0,29,34.5
237,Manhattan,Upper East Side South,Weekend,6,8,8,0,0,38,57.0
237,Manhattan,Upper East Side South,Weekend,7,8,8,0,0,66,83.5
237,Manhattan,Upper East Side South,Weekend,8,8,8,0,0,91,125.5
237,Manhattan,Upper East Side South,Weekend,9,8,8,0,0,124,189.0
237,Manhattan,Upper East Side South,Weekend,10,8,8,0,0,194,250.0
237,Manhattan,Upper East Side South,Weekend,11,8,8,0,0,253,310.0
237,Manhattan,Upper East Side South,Weekend,12,8,8,0,0,253,341.5
237,Manhattan,Upper East Side South,Weekend,13,8,8,1,0,291,364.0
237,Manhattan,Upper East Side South,Weekend,14,8,8,0,1,285,359.5
237,Manhattan,Upper East Side South,Weekend,15,8,8,0,0,285,361.5
237,Manhattan,Upper East Side South,Weekend,16,8,8,0,0,284,407.0
237,Manhattan,Upper East Side South,Weekend,17,8,8,0,0,303,398.0
237,Manhattan,Upper East Side South,Weekend,18,8,8,0,0,240,342.5
237,Manhattan,Upper East Side South,Weekend,19,8,8,0,0,229,322.5
237,Manhattan,Upper East Side South,Weekend,20,8,8,0,0,195,252.0
237,Manhattan,Upper East Side South,Weekend,21,8,8,0,0,147,232.0
237,Manhattan,Upper East Side South,Weekend,22,8,8,0,0,112,218.5
237,Manhattan,Upper East Side South,Weekend,23,8,8,0,0,84,204.5
238,Manhattan,Upper West Side North,Weekday,0,22,22,3,1,31,55.0
238,Manhattan,Upper West Side North,Weekday,1,22,22,5,6,12,27.5
238,Manhattan,Upper West Side North,Weekday,2,22,22,7,3,11,17.0
238,Manhattan,Upper West Side North,Weekday,3,22,22,2,3,9,22.0
238,Manhattan,Upper West Side North,Weekday,4,22,22,1,3,23,38.5
238,Manhattan,Upper West Side North,Weekday,5,22,22,8,4,43,59.5
238,Manhattan,Upper West Side North,Weekday,6,22,22,6,2,100,116.5
238,Manhattan,Upper West Side North,Weekday,7,22,22,3,1,124,190.0
238,Manhattan,Upper West Side North,Weekday,8,22,22,7,4,149,247.5
238,Manhattan,Upper West Side North,Weekday,9,22,22,5,4,171,214.0
238,Manhattan,Upper West Side North,Weekday,10,22,22,0,0,115,176.0
238,Manhattan,Upper West Side North,Weekday,11,22,22,1,3,123,157.5
238,Manhattan,Upper West Side North,Weekday,12,22,22,2,0,114,150.5
238,Manhattan,Upper West Side North,Weekday,13,22,22,2,5,120,139.0
238,Manhattan,Upper West Side North,Weekday,14,22,22,3,2,127,160.5
238,Manhattan,Upper West Side North,Weekday,15,22,22,2,3,132,196.0
238,Manhattan,Upper West Side North,Weekday,16,22,22,6,2,136,183.0
238,Manhattan,Upper West Side North,Weekday,17,22,22,3,1,159,206.0
238,Manhattan,Upper West Side North,Weekday,18,22,22,4,2,165,214.0
238,Manhattan,Upper West Side North,Weekday,19,22,22,2,0,132,164.5
238,Manhattan,Upper West Side North,Weekday,20,22,22,4,0,126,156.0
238,Manhattan,Upper West Side North,Weekday,21,22,22,6,3,114,150.5
238,Manhattan,Upper West Side North,Weekday,22,22,22,4,7,91,173.5
238,Manhattan,Upper West Side North,Weekday,23,22,22,4,4,72,135.0
238,Manhattan,Upper West Side North,Weekend,0,8,8,0,0,96,127.5
238,Manhattan,Upper West Side North,Weekend,1,8,8,0,1,60,70.0
238,Manhattan,Upper West Side North,Weekend,2,8,8,0,0,29,41.0
238,Manhattan,Upper West Side North,Weekend,3,8,8,0,0,20,30.5
238,Manhattan,Upper West Side North,Weekend,4,8,8,0,0,25,29.5
238,Manhattan,Upper West Side North,Weekend,5,8,8,1,1,24,35.0
238,Manhattan,Upper West Side North,Weekend,6,8,8,0,0,59,70.5
238,Manhattan,Upper West Side North,Weekend,7,8,8,1,1,68,97.0
238,Manhattan,Upper West Side North,Weekend,8,8,8,0,0,100,131.0
238,Manhattan,Upper West Side North,Weekend,9,8,8,0,0,151,164.0
238,Manhattan,Upper West Side North,Weekend,10,8,8,0,0,141,198.0
238,Manhattan,Upper West Side North,Weekend,11,8,8,0,0,153,202.0
238,Manhattan,Upper West Side North,Weekend,12,8,8,3,3,151,212.0
238,Manhattan,Upper West Side North,Weekend,13,8,8,5,2,166,198.0
238,Manhattan,Upper West Side North,Weekend,14,8,8,3,3,150,179.0
238,Manhattan,Upper West Side North,Weekend,15,8,8,2,1,138,171.0
238,Manhattan,Upper West Side North,Weekend,16,8,8,3,1,161,187.5
238,Manhattan,Upper West Side North,Weekend,17,8,8,1,1,147,198.0
238,Manhattan,Upper West Side North,Weekend,18,8,8,4,2,157,185.0
238,Manhattan,Upper West Side North,Weekend,19,8,8,1,2,144,167.5
238,Manhattan,Upper West Side North,Weekend,20,8,8,2,2,119,173.0
238,Manhattan,Upper West Side North,Weekend,21,8,8,1,1,106,149.5
238,Manhattan,Upper West Side North,Weekend,22,8,8,0,1,94,132.0
238,Manhattan,Upper West Side North,Weekend,23,8,8,0,0,65,115.5
239,Manhattan,Upper West Side South,Weekday,0,22,22,2,2,32,60.0
239,Manhattan,Upper West Side South,Weekday,1,22,22,7,2,18,25.0
239,Manhattan,Upper West Side South,Weekday,2,22,22,5,0,10,18.0
239,Manhattan,Upper West Side South,Weekday,3,22,22,2,2,9,16.0
239,Manhattan,Upper West Side South,Weekday,4,22,22,1,1,20,33.0
239,Manhattan,Upper West Side South,Weekday,5,22,22,7,4,43,67.0
239,Manhattan,Upper West Side South,Weekday,6,22,22,2,0,67,118.5
239,Manhattan,Upper West Side South,Weekday,7,22,22,3,1,121,215.0
239,Manhattan,Upper West Side South,Weekday,8,22,22,8,1,171,263.5
239,Manhattan,Upper West Side South,Weekday,9,22,22,4,3,196,230.0
239,Manhattan,Upper West Side South,Weekday,10,22,22,0,0,163,192.5
239,Manhattan,Upper West Side South,Weekday,11,22,22,0,0,151,180.0
239,Manhattan,Upper West Side South,Weekday,12,22,22,1,1,149,173.5
239,Manhattan,Upper West Side South,Weekday,13,22,22,1,1,140,174.0
239,Manhattan,Upper West Side South,Weekday,14,22,22,0,0,161,183.5
239,Manhattan,Upper West Side South,Weekday,15,22,22,1,0,158,179.5
239,Manhattan,Upper West Side South,Weekday,16,22,22,1,0,159,207.0
239,Manhattan,Upper West Side South,Weekday,17,22,22,1,0,198,246.5
239,Manhattan,Upper West Side South,Weekday,18,22,22,1,0,191,256.5
239,Manhattan,Upper West Side South,Weekday,19,22,22,0,0,152,199.0
239,Manhattan,Upper West Side South,Weekday,20,22,22,0,0,130,191.5
239,Manhattan,Upper West Side South,Weekday,21,22,22,2,1,124,218.5
239,Manhattan,Upper West Side South,Weekday,22,22,22,4,2,104,210.0
239,Manhattan,Upper West Side South,Weekday,23,22,22,0,2,67,127.5
239,Manhattan,Upper West Side South,Weekend,0,8,8,0,0,149,200.0
239,Manhattan,Upper West Side South,Weekend,1,8,8,0,1,94,139.5
239,Manhattan,Upper West Side South,Weekend,2,8,8,0,0,48,65.5
239,Manhattan,Upper West Side South,Weekend,3,8,8,0,0,25,38.0
239,Manhattan,Upper West Side South,Weekend,4,8,8,0,0,20,26.5
239,Manhattan,Upper West Side South,Weekend,5,8,8,1,2,27,38.5
239,Manhattan,Upper West Side South,Weekend,6,8,8,0,0,48,58.0
239,Manhattan,Upper West Side South,Weekend,7,8,8,0,0,70,86.5
239,Manhattan,Upper West Side South,Weekend,8,8,8,0,0,71,130.0
239,Manhattan,Upper West Side South,Weekend,9,8,8,0,0,134,176.5
239,Manhattan,Upper West Side South,Weekend,10,8,8,0,0,195,224.5
239,Manhattan,Upper West Side South,Weekend,11,8,8,0,0,166,244.5
239,Manhattan,Upper West Side South,Weekend,12,8,8,1,1,203,266.0
239,Manhattan,Upper West Side South,Weekend,13,8,8,1,0,219,239.0
239,Manhattan,Upper West Side South,Weekend,14,8,8,0,0,207,225.0
239,Manhattan,Upper West Side South,Weekend,15,8,8,0,0,204,252.5
239,Manhattan,Upper West Side South,Weekend,16,8,8,2,0,228,261.5
239,Manhattan,Upper West Side South,Weekend,17,8,8,2,0,252,289.0
239,Manhattan,Upper West Side South,Weekend,18,8,8,1,0,203,280.5
239,Manhattan,Upper West Side South,Weekend,19,8,8,0,0,179,217.5
239,Manhattan,Upper West Side South,Weekend,20,8,8,0,0,162,248.5
239,Manhattan,Upper West Side South,Weekend,21,8,8,2,0,159,213.5
239,Manhattan,Upper West Side South,Weekend,22,8,8,0,0,116,252.5
239,Manhattan,Upper West Side South,Weekend,23,8,8,0,0,67,176.0
240,Bronx,Van Cortlandt Park,Weekday,0,22,22,21,14,5,19.0
240,Bronx,Van Cortlandt Park,Weekday,1,22,22,21,15,5,10.0
240,Bronx,Van Cortlandt Park,Weekday,2,22,22,18,15,3,7.0
240,Bronx,Van Cortlandt Park,Weekday,3,22,22,18,15,2,5.0
240,Bronx,Van Cortlandt Park,Weekday,4,22,22,19,13,1,5.0
240,Bronx,Van Cortlandt Park,Weekday,5,22,22,17,14,1,6.0
240,Bronx,Van Cortlandt Park,Weekday,6,22,22,22,17,11,19.5
240,Bronx,Van Cortlandt Park,Weekday,7,22,22,22,17,16,30.5
240,Bronx,Van Cortlandt Park,Weekday,8,22,22,20,18,23,33.5
240,Bronx,Van Cortlandt Park,Weekday,9,22,22,18,12,15,23.0
240,Bronx,Van Cortlandt Park,Weekday,10,22,22,16,8,8,17.5
240,Bronx,Van Cortlandt Park,Weekday,11,22,22,19,16,8,15.0
240,Bronx,Van Cortlandt Park,Weekday,12,22,22,17,13,9,18.0
240,Bronx,Van Cortlandt Park,Weekday,13,22,22,18,13,10,20.0
240,Bronx,Van Cortlandt Park,Weekday,14,22,22,18,13,15,24.5
240,Bronx,Van Cortlandt Park,Weekday,15,22,22,22,19,12,23.0
240,Bronx,Van Cortlandt Park,Weekday,16,22,22,20,14,19,29.0
240,Bronx,Van Cortlandt Park,Weekday,17,22,22,21,17,16,31.5
240,Bronx,Van Cortlandt Park,Weekday,18,22,22,20,14,20,29.0
240,Bronx,Van Cortlandt Park,Weekday,19,22,22,22,12,18,33.0
240,Bronx,Van Cortlandt Park,Weekday,20,22,22,20,11,13,25.5
240,Bronx,Van Cortlandt Park,Weekday,21,22,22,16,4,14,25.0
240,Bronx,Van Cortlandt Park,Weekday,22,22,22,20,14,16,26.0
240,Bronx,Van Cortlandt Park,Weekday,23,22,22,19,10,13,22.5
240,Bronx,Van Cortlandt Park,Weekend,0,8,8,6,5,16,29.5
240,Bronx,Van Cortlandt Park,Weekend,1,8,8,7,5,14,20.5
240,Bronx,Van Cortlandt Park,Weekend,2,8,8,6,5,7,16.0
240,Bronx,Van Cortlandt Park,Weekend,3,8,8,7,7,5,10.5
240,Bronx,Van Cortlandt Park,Weekend,4,8,8,6,6,3,8.5
240,Bronx,Van Cortlandt Park,Weekend,5,8,8,5,6,4,9.5
240,Bronx,Van Cortlandt Park,Weekend,6,8,8,7,6,11,14.5
240,Bronx,Van Cortlandt Park,Weekend,7,8,8,7,2,11,13.0
240,Bronx,Van Cortlandt Park,Weekend,8,8,8,7,6,11,20.0
240,Bronx,Van Cortlandt Park,Weekend,9,8,8,8,5,13,22.5
240,Bronx,Van Cortlandt Park,Weekend,10,8,8,7,5,14,23.5
240,Bronx,Van Cortlandt Park,Weekend,11,8,8,7,5,20,24.0
240,Bronx,Van Cortlandt Park,Weekend,12,8,8,8,4,18,27.0
240,Bronx,Van Cortlandt Park,Weekend,13,8,8,6,4,14,25.0
240,Bronx,Van Cortlandt Park,Weekend,14,8,8,7,8,25,33.5
240,Bronx,Van Cortlandt Park,Weekend,15,8,8,7,6,23,32.5
240,Bronx,Van Cortlandt Park,Weekend,16,8,8,7,6,22,31.0
240,Bronx,Van Cortlandt Park,Weekend,17,8,8,7,5,18,33.5
240,Bronx,Van Cortlandt Park,Weekend,18,8,8,8,5,18,28.5
240,Bronx,Van Cortlandt Park,Weekend,19,8,8,7,5,11,28.5
240,Bronx,Van Cortlandt Park,Weekend,20,8,8,8,7,16,34.0
240,Bronx,Van Cortlandt Park,Weekend,21,8,8,8,5,12,23.5
240,Bronx,Van Cortlandt Park,Weekend,22,8,8,7,6,17,28.0
240,Bronx,Van Cortlandt Park,Weekend,23,8,8,7,4,19,25.5
241,Bronx,Van Cortlandt Village,Weekday,0,22,22,13,10,42,58.0
241,Bronx,Van Cortlandt Village,Weekday,1,22,22,19,13,23,35.0
241,Bronx,Van Cortlandt Village,Weekday,2,22,22,19,17,19,25.0
241,Bronx,Van Cortlandt Village,Weekday,3,22,22,18,14,17,24.0
241,Bronx,Van Cortlandt Village,Weekday,4,22,22,14,14,32,40.5
241,Bronx,Van Cortlandt Village,Weekday,5,22,22,5,5,48,72.5
241,Bronx,Van Cortlandt Village,Weekday,6,22,22,7,6,91,137.5
241,Bronx,Van Cortlandt Village,Weekday,7,22,22,22,18,131,210.0
241,Bronx,Van Cortlandt Village,Weekday,8,22,22,12,6,172,232.5
241,Bronx,Van Cortlandt Village,Weekday,9,22,22,11,6,130,157.5
241,Bronx,Van Cortlandt Village,Weekday,10,22,22,15,11,102,116.0
241,Bronx,Van Cortlandt Village,Weekday,11,22,22,16,11,77,99.5
241,Bronx,Van Cortlandt Village,Weekday,12,22,22,13,11,72,100.0
241,Bronx,Van Cortlandt Village,Weekday,13,22,22,13,9,84,109.5
241,Bronx,Van Cortlandt Village,Weekday,14,22,22,12,9,109,137.0
241,Bronx,Van Cortlandt Village,Weekday,15,22,22,17,12,94,137.5
241,Bronx,Van Cortlandt Village,Weekday,16,22,22,20,17,96,127.0
241,Bronx,Van Cortlandt Village,Weekday,17,22,22,19,16,97,141.5
241,Bronx,Van Cortlandt Village,Weekday,18,22,22,15,14,88,137.0
241,Bronx,Van Cortlandt Village,Weekday,19,22,22,21,19,90,119.5
241,Bronx,Van Cortlandt Village,Weekday,20,22,22,21,19,75,123.0
241,Bronx,Van Cortlandt Village,Weekday,21,22,22,17,14,85,117.5
241,Bronx,Van Cortlandt Village,Weekday,22,22,22,13,8,79,104.5
241,Bronx,Van Cortlandt Village,Weekday,23,22,22,13,10,62,88.0
241,Bronx,Van Cortlandt Village,Weekend,0,8,8,2,2,89,119.5
241,Bronx,Van Cortlandt Village,Weekend,1,8,8,2,2,60,85.0
241,Bronx,Van Cortlandt Village,Weekend,2,8,8,3,2,43,62.0
241,Bronx,Van Cortlandt Village,Weekend,3,8,8,4,4,43,53.0
241,Bronx,Van Cortlandt Village,Weekend,4,8,8,4,4,38,59.0
241,Bronx,Van Cortlandt Village,Weekend,5,8,8,6,5,46,63.0
241,Bronx,Van Cortlandt Village,Weekend,6,8,8,5,6,71,88.0
241,Bronx,Van Cortlandt Village,Weekend,7,8,8,5,5,80,96.0
241,Bronx,Van Cortlandt Village,Weekend,8,8,8,5,3,99,118.0
241,Bronx,Van Cortlandt Village,Weekend,9,8,8,6,5,129,146.0
241,Bronx,Van Cortlandt Village,Weekend,10,8,8,8,4,121,140.5
241,Bronx,Van Cortlandt Village,Weekend,11,8,8,5,4,113,129.0
241,Bronx,Van Cortlandt Village,Weekend,12,8,8,4,4,126,143.5
241,Bronx,Van Cortlandt Village,Weekend,13,8,8,6,7,130,139.5
241,Bronx,Van Cortlandt Village,Weekend,14,8,8,6,6,112,164.5
241,Bronx,Van Cortlandt Village,Weekend,15,8,8,8,6,137,149.5
241,Bronx,Van Cortlandt Village,Weekend,16,8,8,8,7,100,137.0
241,Bronx,Van Cortlandt Village,Weekend,17,8,8,8,7,114,128.0
241,Bronx,Van Cortlandt Village,Weekend,18,8,8,8,6,106,138.0
241,Bronx,Van Cortlandt Village,Weekend,19,8,8,8,7,96,145.0
241,Bronx,Van Cortlandt Village,Weekend,20,8,8,8,8,109,147.5
241,Bronx,Van Cortlandt Village,Weekend,21,8,8,7,6,116,138.0
241,Bronx,Van Cortlandt Village,Weekend,22,8,8,6,6,115,144.0
241,Bronx,Van Cortlandt Village,Weekend,23,8,8,5,4,101,128.5
242,Bronx,Van Nest/Morris Park,Weekday,0,22,22,18,11,49,64.5
242,Bronx,Van Nest/Morris Park,Weekday,1,22,22,15,12,28,38.5
242,Bronx,Van Nest/Morris Park,Weekday,2,22,22,17,12,14,24.5
242,Bronx,Van Nest/Morris Park,Weekday,3,22,22,21,11,11,25.0
242,Bronx,Van Nest/Morris Park,Weekday,4,22,22,16,13,23,31.5
242,Bronx,Van Nest/Morris Park,Weekday,5,22,22,10,11,40,56.0
242,Bronx,Van Nest/Morris Park,Weekday,6,22,22,9,7,71,95.0
242,Bronx,Van Nest/Morris Park,Weekday,7,22,22,15,9,95,137.5
242,Bronx,Van Nest/Morris Park,Weekday,8,22,22,1,0,129,170.0
242,Bronx,Van Nest/Morris Park,Weekday,9,22,22,0,2,135,161.5
242,Bronx,Van Nest/Morris Park,Weekday,10,22,22,5,7,144,169.5
242,Bronx,Van Nest/Morris Park,Weekday,11,22,22,13,3,153,182.0
242,Bronx,Van Nest/Morris Park,Weekday,12,22,22,18,14,153,175.5
242,Bronx,Van Nest/Morris Park,Weekday,13,22,22,6,9,159,180.5
242,Bronx,Van Nest/Morris Park,Weekday,14,22,22,7,8,163,196.5
242,Bronx,Van Nest/Morris Park,Weekday,15,22,22,8,6,166,200.5
242,Bronx,Van Nest/Morris Park,Weekday,16,22,22,18,17,184,212.5
242,Bronx,Van Nest/Morris Park,Weekday,17,22,22,17,11,144,189.0
242,Bronx,Van Nest/Morris Park,Weekday,18,22,22,9,9,122,145.0
242,Bronx,Van Nest/Morris Park,Weekday,19,22,22,20,16,112,150.5
242,Bronx,Van Nest/Morris Park,Weekday,20,22,22,20,15,98,128.0
242,Bronx,Van Nest/Morris Park,Weekday,21,22,22,14,8,66,97.5
242,Bronx,Van Nest/Morris Park,Weekday,22,22,22,13,10,70,90.5
242,Bronx,Van Nest/Morris Park,Weekday,23,22,22,21,15,78,96.5
242,Bronx,Van Nest/Morris Park,Weekend,0,8,8,6,6,81,106.0
242,Bronx,Van Nest/Morris Park,Weekend,1,8,8,4,5,52,80.0
242,Bronx,Van Nest/Morris Park,Weekend,2,8,8,6,5,35,55.0
242,Bronx,Van Nest/Morris Park,Weekend,3,8,8,6,2,31,38.5
242,Bronx,Van Nest/Morris Park,Weekend,4,8,8,3,5,28,36.5
242,Bronx,Van Nest/Morris Park,Weekend,5,8,8,5,5,42,46.5
242,Bronx,Van Nest/Morris Park,Weekend,6,8,8,8,7,51,60.5
242,Bronx,Van Nest/Morris Park,Weekend,7,8,8,7,3,73,77.0
242,Bronx,Van Nest/Morris Park,Weekend,8,8,8,2,3,71,86.0
242,Bronx,Van Nest/Morris Park,Weekend,9,8,8,6,3,62,87.0
242,Bronx,Van Nest/Morris Park,Weekend,10,8,8,3,5,71,86.5
242,Bronx,Van Nest/Morris Park,Weekend,11,8,8,2,1,94,114.5
242,Bronx,Van Nest/Morris Park,Weekend,12,8,8,4,1,112,126.0
242,Bronx,Van Nest/Morris Park,Weekend,13,8,8,4,2,90,134.0
242,Bronx,Van Nest/Morris Park,Weekend,14,8,8,0,0,97,131.0
242,Bronx,Van Nest/Morris Park,Weekend,15,8,8,2,2,97,138.0
242,Bronx,Van Nest/Morris Park,Weekend,16,8,8,2,4,88,128.5
242,Bronx,Van Nest/Morris Park,Weekend,17,8,8,1,1,89,125.0
242,Bronx,Van Nest/Morris Park,Weekend,18,8,8,4,2,91,110.5
242,Bronx,Van Nest/Morris Park,Weekend,19,8,8,5,3,104,128.0
242,Bronx,Van Nest/Morris Park,Weekend,20,8,8,8,6,94,135.0
242,Bronx,Van Nest/Morris Park,Weekend,21,8,8,8,5,88,113.0
242,Bronx,Van Nest/Morris Park,Weekend,22,8,8,8,5,78,107.5
242,Bronx,Van Nest/Morris Park,Weekend,23,8,8,8,7,84,109.5
243,Manhattan,Washington Heights North,Weekday,0,22,22,8,4,68,99.0
243,Manhattan,Washington Heights North,Weekday,1,22,22,16,12,42,72.0
243,Manhattan,Washington Heights North,Weekday,2,22,22,15,14,30,47.0
243,Manhattan,Washington Heights North,Weekday,3,22,22,17,18,22,38.0
243,Manhattan,Washington Heights North,Weekday,4,22,22,9,12,34,43.5
243,Manhattan,Washington Heights North,Weekday,5,22,22,12,15,51,73.0
243,Manhattan,Washington Heights North,Weekday,6,22,22,13,13,122,150.0
243,Manhattan,Washington Heights North,Weekday,7,22,22,9,9,136,246.5
243,Manhattan,Washington Heights North,Weekday,8,22,22,6,8,211,262.5
243,Manhattan,Washington Heights North,Weekday,9,22,22,8,12,180,210.0
243,Manhattan,Washington Heights North,Weekday,10,22,22,12,11,144,166.5
243,Manhattan,Washington Heights North,Weekday,11,22,22,8,9,129,148.0
243,Manhattan,Washington Heights North,Weekday,12,22,22,14,13,126,151.0
243,Manhattan,Washington Heights North,Weekday,13,22,22,14,16,127,159.0
243,Manhattan,Washington Heights North,Weekday,14,22,22,18,16,142,176.5
243,Manhattan,Washington Heights North,Weekday,15,22,22,18,18,128,170.5
243,Manhattan,Washington Heights North,Weekday,16,22,22,22,19,134,164.5
243,Manhattan,Washington Heights North,Weekday,17,22,22,21,21,149,181.0
243,Manhattan,Washington Heights North,Weekday,18,22,22,20,19,129,180.0
243,Manhattan,Washington Heights North,Weekday,19,22,22,20,18,137,169.5
243,Manhattan,Washington Heights North,Weekday,20,22,22,18,15,118,161.0
243,Manhattan,Washington Heights North,Weekday,21,22,22,13,13,114,164.5
243,Manhattan,Washington Heights North,Weekday,22,22,22,7,10,101,161.5
243,Manhattan,Washington Heights North,Weekday,23,22,22,6,10,114,152.0
243,Manhattan,Washington Heights North,Weekend,0,8,8,0,0,154,207.5
243,Manhattan,Washington Heights North,Weekend,1,8,8,1,1,134,170.5
243,Manhattan,Washington Heights North,Weekend,2,8,8,3,5,120,147.5
243,Manhattan,Washington Heights North,Weekend,3,8,8,6,5,93,124.0
243,Manhattan,Washington Heights North,Weekend,4,8,8,6,6,79,108.0
243,Manhattan,Washington Heights North,Weekend,5,8,8,5,7,57,77.5
243,Manhattan,Washington Heights North,Weekend,6,8,8,3,3,81,94.0
243,Manhattan,Washington Heights North,Weekend,7,8,8,4,4,107,120.0
243,Manhattan,Washington Heights North,Weekend,8,8,8,3,4,120,153.0
243,Manhattan,Washington Heights North,Weekend,9,8,8,3,4,160,194.5
243,Manhattan,Washington Heights North,Weekend,10,8,8,5,6,175,186.5
243,Manhattan,Washington Heights North,Weekend,11,8,8,4,5,147,193.0
243,Manhattan,Washington Heights North,Weekend,12,8,8,8,8,177,221.5
243,Manhattan,Washington Heights North,Weekend,13,8,8,7,5,176,195.5
243,Manhattan,Washington Heights North,Weekend,14,8,8,7,7,167,206.5
243,Manhattan,Washington Heights North,Weekend,15,8,8,6,7,171,214.5
243,Manhattan,Washington Heights North,Weekend,16,8,8,7,8,142,195.5
243,Manhattan,Washington Heights North,Weekend,17,8,8,7,7,152,213.0
243,Manhattan,Washington Heights North,Weekend,18,8,8,8,7,144,197.0
243,Manhattan,Washington Heights North,Weekend,19,8,8,7,6,166,207.0
243,Manhattan,Washington Heights North,Weekend,20,8,8,7,6,168,225.0
243,Manhattan,Washington Heights North,Weekend,21,8,8,4,4,145,230.0
243,Manhattan,Washington Heights North,Weekend,22,8,8,3,3,165,230.0
243,Manhattan,Washington Heights North,Weekend,23,8,8,1,2,154,194.5
244,Manhattan,Washington Heights South,Weekday,0,22,22,5,4,113,137.0
244,Manhattan,Washington Heights South,Weekday,1,22,22,12,6,55,79.0
244,Manhattan,Washington Heights South,Weekday,2,22,22,8,9,39,56.5
244,Manhattan,Washington Heights South,Weekday,3,22,22,8,13,43,53.0
244,Manhattan,Washington Heights South,Weekday,4,22,22,3,8,48,63.0
244,Manhattan,Washington Heights South,Weekday,5,22,22,5,14,93,112.0
244,Manhattan,Washington Heights South,Weekday,6,22,22,4,5,159,182.0
244,Manhattan,Washington Heights South,Weekday,7,22,22,3,3,214,313.0
244,Manhattan,Washington Heights South,Weekday,8,22,22,0,1,247,330.5
244,Manhattan,Washington Heights South,Weekday,9,22,22,0,0,240,280.5
244,Manhattan,Washington Heights South,Weekday,10,22,22,5,7,214,259.0
244,Manhattan,Washington Heights South,Weekday,11,22,22,7,9,193,234.0
244,Manhattan,Washington Heights South,Weekday,12,22,22,7,13,205,240.0
244,Manhattan,Washington Heights South,Weekday,13,22,22,10,16,207,246.5
244,Manhattan,Washington Heights South,Weekday,14,22,22,15,19,235,266.5
244,Manhattan,Washington Heights South,Weekday,15,22,22,21,20,236,276.0
244,Manhattan,Washington Heights South,Weekday,16,22,22,21,21,265,296.0
244,Manhattan,Washington Heights South,Weekday,17,22,22,22,22,257,298.5
244,Manhattan,Washington Heights South,Weekday,18,22,22,18,18,225,283.5
244,Manhattan,Washington Heights South,Weekday,19,22,22,21,16,256,278.5
244,Manhattan,Washington Heights South,Weekday,20,22,22,15,11,206,244.5
244,Manhattan,Washington Heights South,Weekday,21,22,22,7,8,179,221.0
244,Manhattan,Washington Heights South,Weekday,22,22,22,6,6,189,247.0
244,Manhattan,Washington Heights South,Weekday,23,22,22,5,6,174,216.5
244,Manhattan,Washington Heights South,Weekend,0,8,8,2,2,213,248.5
244,Manhattan,Washington Heights South,Weekend,1,8,8,0,4,137,177.5
244,Manhattan,Washington Heights South,Weekend,2,8,8,1,2,109,123.0
244,Manhattan,Washington Heights South,Weekend,3,8,8,0,1,74,103.0
244,Manhattan,Washington Heights South,Weekend,4,8,8,2,4,72,93.5
244,Manhattan,Washington Heights South,Weekend,5,8,8,1,2,64,96.0
244,Manhattan,Washington Heights South,Weekend,6,8,8,1,2,126,137.5
244,Manhattan,Washington Heights South,Weekend,7,8,8,1,3,166,184.0
244,Manhattan,Washington Heights South,Weekend,8,8,8,2,4,169,206.0
244,Manhattan,Washington Heights South,Weekend,9,8,8,2,3,209,216.5
244,Manhattan,Washington Heights South,Weekend,10,8,8,4,5,219,256.0
244,Manhattan,Washington Heights South,Weekend,11,8,8,1,3,218,236.5
244,Manhattan,Washington Heights South,Weekend,12,8,8,6,6,203,227.5
244,Manhattan,Washington Heights South,Weekend,13,8,8,7,7,205,244.0
244,Manhattan,Washington Heights South,Weekend,14,8,8,7,7,244,265.0
244,Manhattan,Washington Heights South,Weekend,15,8,8,8,8,233,266.0
244,Manhattan,Washington Heights South,Weekend,16,8,8,7,7,249,262.5
244,Manhattan,Washington Heights South,Weekend,17,8,8,8,8,217,265.5
244,Manhattan,Washington Heights South,Weekend,18,8,8,8,8,212,272.5
244,Manhattan,Washington Heights South,Weekend,19,8,8,4,6,241,279.5
244,Manhattan,Washington Heights South,Weekend,20,8,8,7,5,258,310.0
244,Manhattan,Washington Heights South,Weekend,21,8,8,4,3,244,278.0
244,Manhattan,Washington Heights South,Weekend,22,8,8,2,1,213,287.5
244,Manhattan,Washington Heights South,Weekend,23,8,8,2,1,198,255.5
245,Staten Island,West Brighton,Weekday,0,22,22,21,17,6,9.5
245,Staten Island,West Brighton,Weekday,1,22,22,21,14,1,7.0
245,Staten Island,West Brighton,Weekday,2,22,22,20,12,1,4.0
245,Staten Island,West Brighton,Weekday,3,22,22,19,16,1,3.5
245,Staten Island,West Brighton,Weekday,4,22,22,18,15,1,5.0
245,Staten Island,West Brighton,Weekday,5,22,22,22,12,9,14.5
245,Staten Island,West Brighton,Weekday,6,22,22,22,19,11,20.0
245,Staten Island,West Brighton,Weekday,7,22,22,22,21,20,30.5
245,Staten Island,West Brighton,Weekday,8,22,22,21,18,30,38.0
245,Staten Island,West Brighton,Weekday,9,22,22,12,8,23,30.0
245,Staten Island,West Brighton,Weekday,10,22,22,21,15,18,26.5
245,Staten Island,West Brighton,Weekday,11,22,22,21,21,21,29.0
245,Staten Island,West Brighton,Weekday,12,22,22,19,18,20,31.5
245,Staten Island,West Brighton,Weekday,13,22,22,21,17,23,31.0
245,Staten Island,West Brighton,Weekday,14,22,22,19,18,27,39.0
245,Staten Island,West Brighton,Weekday,15,22,22,17,17,25,40.0
245,Staten Island,West Brighton,Weekday,16,22,22,15,10,29,37.5
245,Staten Island,West Brighton,Weekday,17,22,22,16,11,25,34.5
245,Staten Island,West Brighton,Weekday,18,22,22,18,12,19,27.5
245,Staten Island,West Brighton,Weekday,19,22,22,21,16,15,24.5
245,Staten Island,West Brighton,Weekday,20,22,22,20,16,13,23.0
245,Staten Island,West Brighton,Weekday,21,22,22,17,13,10,22.0
245,Staten Island,West Brighton,Weekday,22,22,22,17,14,9,19.0
245,Staten Island,West Brighton,Weekday,23,22,22,20,14,11,18.5
245,Staten Island,West Brighton,Weekend,0,8,8,8,7,28,33.5
245,Staten Island,West Brighton,Weekend,1,8,8,8,7,20,27.5
245,Staten Island,West Brighton,Weekend,2,8,8,8,7,6,18.0
245,Staten Island,West Brighton,Weekend,3,8,8,7,8,4,7.5
245,Staten Island,West Brighton,Weekend,4,8,8,5,3,3,6.5
245,Staten Island,West Brighton,Weekend,5,8,8,7,6,4,8.5
245,Staten Island,West Brighton,Weekend,6,8,8,7,5,12,15.5
245,Staten Island,West Brighton,Weekend,7,8,8,8,7,16,20.0
245,Staten Island,West Brighton,Weekend,8,8,8,8,5,11,17.5
245,Staten Island,West Brighton,Weekend,9,8,8,8,5,13,21.5
245,Staten Island,West Brighton,Weekend,10,8,8,8,8,18,24.0
245,Staten Island,West Brighton,Weekend,11,8,8,8,6,15,28.0
245,Staten Island,West Brighton,Weekend,12,8,8,7,5,18,27.5
245,Staten Island,West Brighton,Weekend,13,8,8,6,4,19,30.5
245,Staten Island,West Brighton,Weekend,14,8,8,4,3,21,30.0
245,Staten Island,West Brighton,Weekend,15,8,8,6,5,20,31.5
245,Staten Island,West Brighton,Weekend,16,8,8,7,6,27,31.5
245,Staten Island,West Brighton,Weekend,17,8,8,6,6,25,34.5
245,Staten Island,West Brighton,Weekend,18,8,8,6,5,13,27.0
245,Staten Island,West Brighton,Weekend,19,8,8,7,6,20,27.0
245,Staten Island,West Brighton,Weekend,20,8,8,7,6,16,25.0
245,Staten Island,West Brighton,Weekend,21,8,8,8,6,18,27.5
245,Staten Island,West Brighton,Weekend,22,8,8,8,6,13,24.5
245,Staten Island,West Brighton,Weekend,23,8,8,7,5,11,28.5
246,Manhattan,West Chelsea/Hudson Yards,Weekday,0,22,22,5,1,55,170.0
246,Manhattan,West Chelsea/Hudson Yards,Weekday,1,22,22,3,1,31,86.5
246,Manhattan,West Chelsea/Hudson Yards,Weekday,2,22,22,5,2,26,53.0
246,Manhattan,West Chelsea/Hudson Yards,Weekday,3,22,22,1,0,15,40.5
246,Manhattan,West Chelsea/Hudson Yards,Weekday,4,22,22,4,0,21,40.5
246,Manhattan,West Chelsea/Hudson Yards,Weekday,5,22,22,2,0,51,62.0
246,Manhattan,West Chelsea/Hudson Yards,Weekday,6,22,22,0,0,87,122.5
246,Manhattan,West Chelsea/Hudson Yards,Weekday,7,22,22,0,0,128,241.0
246,Manhattan,West Chelsea/Hudson Yards,Weekday,8,22,22,0,0,201,337.0
246,Manhattan,West Chelsea/Hudson Yards,Weekday,9,22,22,0,0,210,275.5
246,Manhattan,West Chelsea/Hudson Yards,Weekday,10,22,22,0,0,187,240.5
246,Manhattan,West Chelsea/Hudson Yards,Weekday,11,22,22,0,0,199,268.0
246,Manhattan,West Chelsea/Hudson Yards,Weekday,12,22,22,0,0,203,269.0
246,Manhattan,West Chelsea/Hudson Yards,Weekday,13,22,22,1,1,198,309.5
246,Manhattan,West Chelsea/Hudson Yards,Weekday,14,22,22,2,1,230,359.0
246,Manhattan,West Chelsea/Hudson Yards,Weekday,15,22,22,4,2,307,385.5
246,Manhattan,West Chelsea/Hudson Yards,Weekday,16,22,22,9,4,362,472.5
246,Manhattan,West Chelsea/Hudson Yards,Weekday,17,22,22,13,10,381,538.5
246,Manhattan,West Chelsea/Hudson Yards,Weekday,18,22,22,10,5,425,577.0
246,Manhattan,West Chelsea/Hudson Yards,Weekday,19,22,22,4,1,360,545.0
246,Manhattan,West Chelsea/Hudson Yards,Weekday,20,22,22,3,1,374,591.0
246,Manhattan,West Chelsea/Hudson Yards,Weekday,21,22,22,15,9,372,586.5
246,Manhattan,West Chelsea/Hudson Yards,Weekday,22,22,22,17,6,293,417.0
246,Manhattan,West Chelsea/Hudson Yards,Weekday,23,22,22,10,4,224,294.0
246,Manhattan,West Chelsea/Hudson Yards,Weekend,0,8,8,2,1,267,283.5
246,Manhattan,West Chelsea/Hudson Yards,Weekend,1,8,8,1,1,226,247.5
246,Manhattan,West Chelsea/Hudson Yards,Weekend,2,8,8,0,0,177,187.5
246,Manhattan,West Chelsea/Hudson Yards,Weekend,3,8,8,0,0,145,157.0
246,Manhattan,West Chelsea/Hudson Yards,Weekend,4,8,8,1,1,57,67.0
246,Manhattan,West Chelsea/Hudson Yards,Weekend,5,8,8,0,0,32,47.5
246,Manhattan,West Chelsea/Hudson Yards,Weekend,6,8,8,0,0,44,59.0
246,Manhattan,West Chelsea/Hudson Yards,Weekend,7,8,8,0,0,57,73.5
246,Manhattan,West Chelsea/Hudson Yards,Weekend,8,8,8,0,0,97,107.5
246,Manhattan,West Chelsea/Hudson Yards,Weekend,9,8,8,0,0,138,177.0
246,Manhattan,West Chelsea/Hudson Yards,Weekend,10,8,8,0,0,195,229.0
246,Manhattan,West Chelsea/Hudson Yards,Weekend,11,8,8,1,0,225,308.5
246,Manhattan,West Chelsea/Hudson Yards,Weekend,12,8,8,0,0,279,353.5
246,Manhattan,West Chelsea/Hudson Yards,Weekend,13,8,8,1,1,280,389.0
246,Manhattan,West Chelsea/Hudson Yards,Weekend,14,8,8,0,1,293,362.5
246,Manhattan,West Chelsea/Hudson Yards,Weekend,15,8,8,1,2,303,390.0
246,Manhattan,West Chelsea/Hudson Yards,Weekend,16,8,8,5,2,273,430.5
246,Manhattan,West Chelsea/Hudson Yards,Weekend,17,8,8,1,2,293,494.0
246,Manhattan,West Chelsea/Hudson Yards,Weekend,18,8,8,0,0,269,421.0
246,Manhattan,West Chelsea/Hudson Yards,Weekend,19,8,8,0,0,257,406.5
246,Manhattan,West Chelsea/Hudson Yards,Weekend,20,8,8,0,0,251,374.0
246,Manhattan,West Chelsea/Hudson Yards,Weekend,21,8,8,0,0,193,321.5
246,Manhattan,West Chelsea/Hudson Yards,Weekend,22,8,8,3,1,176,337.5
246,Manhattan,West Chelsea/Hudson Yards,Weekend,23,8,8,4,2,137,287.5
247,Bronx,West Concourse,Weekday,0,22,22,16,2,70,132.5
247,Bronx,West Concourse,Weekday,1,22,22,17,3,47,73.5
247,Bronx,West Concourse,Weekday,2,22,22,6,8,32,45.5
247,Bronx,West Concourse,Weekday,3,22,22,8,5,26,40.5
247,Bronx,West Concourse,Weekday,4,22,22,16,16,29,41.0
247,Bronx,West Concourse,Weekday,5,22,22,15,13,56,65.0
247,Bronx,West Concourse,Weekday,6,22,22,20,16,108,136.5
247,Bronx,West Concourse,Weekday,7,22,22,20,20,145,221.5
247,Bronx,West Concourse,Weekday,8,22,22,13,11,199,240.0
247,Bronx,West Concourse,Weekday,9,22,22,4,10,141,167.5
247,Bronx,West Concourse,Weekday,10,22,22,12,12,115,140.5
247,Bronx,West Concourse,Weekday,11,22,22,16,15,99,131.0
247,Bronx,West Concourse,Weekday,12,22,22,18,18,106,143.5
247,Bronx,West Concourse,Weekday,13,22,22,20,16,129,157.0
247,Bronx,West Concourse,Weekday,14,22,22,19,18,136,174.0
247,Bronx,West Concourse,Weekday,15,22,22,22,22,157,201.5
247,Bronx,West Concourse,Weekday,16,22,22,22,22,156,196.5
247,Bronx,West Concourse,Weekday,17,22,22,22,21,177,214.5
247,Bronx,West Concourse,Weekday,18,22,22,22,20,159,203.0
247,Bronx,West Concourse,Weekday,19,22,22,22,20,155,195.0
247,Bronx,West Concourse,Weekday,20,22,22,22,22,142,210.0
247,Bronx,West Concourse,Weekday,21,22,22,17,14,153,220.0
247,Bronx,West Concourse,Weekday,22,22,22,18,13,160,251.5
247,Bronx,West Concourse,Weekday,23,22,22,18,9,125,200.5
247,Bronx,West Concourse,Weekend,0,8,8,7,5,155,202.0
247,Bronx,West Concourse,Weekend,1,8,8,4,2,109,138.5
247,Bronx,West Concourse,Weekend,2,8,8,3,0,78,95.0
247,Bronx,West Concourse,Weekend,3,8,8,1,1,64,84.5
247,Bronx,West Concourse,Weekend,4,8,8,5,2,53,69.0
247,Bronx,West Concourse,Weekend,5,8,8,6,6,47,58.5
247,Bronx,West Concourse,Weekend,6,8,8,6,5,57,74.0
247,Bronx,West Concourse,Weekend,7,8,8,8,8,73,98.5
247,Bronx,West Concourse,Weekend,8,8,8,7,4,85,126.0
247,Bronx,West Concourse,Weekend,9,8,8,7,5,129,154.0
247,Bronx,West Concourse,Weekend,10,8,8,6,5,142,155.5
247,Bronx,West Concourse,Weekend,11,8,8,6,5,139,176.5
247,Bronx,West Concourse,Weekend,12,8,8,8,7,139,181.5
247,Bronx,West Concourse,Weekend,13,8,8,8,8,147,179.0
247,Bronx,West Concourse,Weekend,14,8,8,8,8,165,195.5
247,Bronx,West Concourse,Weekend,15,8,8,8,8,190,218.0
247,Bronx,West Concourse,Weekend,16,8,8,8,8,185,231.5
247,Bronx,West Concourse,Weekend,17,8,8,8,8,171,244.5
247,Bronx,West Concourse,Weekend,18,8,8,8,8,184,260.0
247,Bronx,West Concourse,Weekend,19,8,8,8,8,210,252.0
247,Bronx,West Concourse,Weekend,20,8,8,7,7,188,239.5
247,Bronx,West Concourse,Weekend,21,8,8,6,5,167,222.0
247,Bronx,West Concourse,Weekend,22,8,8,4,4,169,224.5
247,Bronx,West Concourse,Weekend,23,8,8,3,3,150,192.0
248,Bronx,West Farms/Bronx River,Weekday,0,22,22,14,6,31,45.0
248,Bronx,West Farms/Bronx River,Weekday,1,22,22,17,14,11,27.0
248,Bronx,West Farms/Bronx River,Weekday,2,22,22,14,15,11,19.5
248,Bronx,West Farms/Bronx River,Weekday,3,22,22,17,14,15,21.5
248,Bronx,West Farms/Bronx River,Weekday,4,22,22,18,17,23,35.0
248,Bronx,West Farms/Bronx River,Weekday,5,22,22,20,16,46,60.5
248,Bronx,West Farms/Bronx River,Weekday,6,22,22,21,22,74,92.0
248,Bronx,West Farms/Bronx River,Weekday,7,22,22,22,22,94,126.0
248,Bronx,West Farms/Bronx River,Weekday,8,22,22,22,22,109,139.0
248,Bronx,West Farms/Bronx River,Weekday,9,22,22,22,17,90,105.0
248,Bronx,West Farms/Bronx River,Weekday,10,22,22,20,13,53,80.0
248,Bronx,West Farms/Bronx River,Weekday,11,22,22,18,8,53,68.0
248,Bronx,West Farms/Bronx River,Weekday,12,22,22,13,12,49,68.0
248,Bronx,West Farms/Bronx River,Weekday,13,22,22,17,16,55,79.5
248,Bronx,West Farms/Bronx River,Weekday,14,22,22,13,8,70,88.0
248,Bronx,West Farms/Bronx River,Weekday,15,22,22,12,10,58,81.0
248,Bronx,West Farms/Bronx River,Weekday,16,22,22,9,8,56,77.5
248,Bronx,West Farms/Bronx River,Weekday,17,22,22,11,11,61,84.0
248,Bronx,West Farms/Bronx River,Weekday,18,22,22,10,8,59,75.0
248,Bronx,West Farms/Bronx River,Weekday,19,22,22,18,14,54,77.0
248,Bronx,West Farms/Bronx River,Weekday,20,22,22,20,9,55,70.5
248,Bronx,West Farms/Bronx River,Weekday,21,22,22,11,7,54,70.0
248,Bronx,West Farms/Bronx River,Weekday,22,22,22,5,4,55,68.5
248,Bronx,West Farms/Bronx River,Weekday,23,22,22,12,7,34,63.0
248,Bronx,West Farms/Bronx River,Weekend,0,8,8,2,2,70,85.5
248,Bronx,West Farms/Bronx River,Weekend,1,8,8,2,2,49,69.5
248,Bronx,West Farms/Bronx River,Weekend,2,8,8,0,0,28,46.5
248,Bronx,West Farms/Bronx River,Weekend,3,8,8,1,2,32,52.0
248,Bronx,West Farms/Bronx River,Weekend,4,8,8,3,2,31,43.0
248,Bronx,West Farms/Bronx River,Weekend,5,8,8,7,4,36,48.5
248,Bronx,West Farms/Bronx River,Weekend,6,8,8,8,5,43,55.5
248,Bronx,West Farms/Bronx River,Weekend,7,8,8,8,6,57,62.0
248,Bronx,West Farms/Bronx River,Weekend,8,8,8,6,5,51,73.5
248,Bronx,West Farms/Bronx River,Weekend,9,8,8,6,5,76,81.0
248,Bronx,West Farms/Bronx River,Weekend,10,8,8,7,5,77,88.5
248,Bronx,West Farms/Bronx River,Weekend,11,8,8,5,3,78,90.5
248,Bronx,West Farms/Bronx River,Weekend,12,8,8,4,4,66,85.5
248,Bronx,West Farms/Bronx River,Weekend,13,8,8,7,6,75,94.0
248,Bronx,West Farms/Bronx River,Weekend,14,8,8,4,3,90,98.0
248,Bronx,West Farms/Bronx River,Weekend,15,8,8,4,3,78,87.5
248,Bronx,West Farms/Bronx River,Weekend,16,8,8,4,2,77,92.5
248,Bronx,West Farms/Bronx River,Weekend,17,8,8,5,5,74,83.5
248,Bronx,West Farms/Bronx River,Weekend,18,8,8,3,4,72,96.5
248,Bronx,West Farms/Bronx River,Weekend,19,8,8,6,3,81,96.5
248,Bronx,West Farms/Bronx River,Weekend,20,8,8,7,6,77,96.0
248,Bronx,West Farms/Bronx River,Weekend,21,8,8,5,2,74,101.5
248,Bronx,West Farms/Bronx River,Weekend,22,8,8,4,3,68,105.0
248,Bronx,West Farms/Bronx River,Weekend,23,8,8,5,2,70,101.5
249,Manhattan,West Village,Weekday,0,22,22,2,1,110,188.0
249,Manhattan,West Village,Weekday,1,22,22,0,0,81,116.5
249,Manhattan,West Village,Weekday,2,22,22,0,0,54,69.5
249,Manhattan,West Village,Weekday,3,22,22,0,0,28,50.0
249,Manhattan,West Village,Weekday,4,22,22,1,1,41,66.0
249,Manhattan,West Village,Weekday,5,22,22,3,0,68,79.5
249,Manhattan,West Village,Weekday,6,22,22,3,0,104,125.0
249,Manhattan,West Village,Weekday,7,22,22,0,0,112,163.5
249,Manhattan,West Village,Weekday,8,22,22,4,0,142,208.5
249,Manhattan,West Village,Weekday,9,22,22,0,0,161,204.0
249,Manhattan,West Village,Weekday,10,22,22,0,0,113,151.5
249,Manhattan,West Village,Weekday,11,22,22,0,0,108,137.5
249,Manhattan,West Village,Weekday,12,22,22,0,0,115,140.0
249,Manhattan,West Village,Weekday,13,22,22,0,0,121,142.5
249,Manhattan,West Village,Weekday,14,22,22,0,0,125,169.5
249,Manhattan,West Village,Weekday,15,22,22,0,1,139,181.5
249,Manhattan,West Village,Weekday,16,22,22,1,1,129,171.0
249,Manhattan,West Village,Weekday,17,22,22,1,0,152,203.5
249,Manhattan,West Village,Weekday,18,22,22,0,0,172,276.5
249,Manhattan,West Village,Weekday,19,22,22,0,0,198,339.5
249,Manhattan,West Village,Weekday,20,22,22,0,0,245,424.0
249,Manhattan,West Village,Weekday,21,22,22,5,4,293,492.0
249,Manhattan,West Village,Weekday,22,22,22,11,4,244,491.0
249,Manhattan,West Village,Weekday,23,22,22,9,3,180,395.0
249,Manhattan,West Village,Weekend,0,8,8,5,5,592,652.0
249,Manhattan,West Village,Weekend,1,8,8,8,6,564,649.5
249,Manhattan,West Village,Weekend,2,8,8,5,3,385,468.0
249,Manhattan,West Village,Weekend,3,8,8,1,1,263,325.0
249,Manhattan,West Village,Weekend,4,8,8,1,1,107,138.0
249,Manhattan,West Village,Weekend,5,8,8,0,0,54,65.0
249,Manhattan,West Village,Weekend,6,8,8,0,0,43,60.0
249,Manhattan,West Village,Weekend,7,8,8,0,0,61,68.0
249,Manhattan,West Village,Weekend,8,8,8,0,0,75,99.0
249,Manhattan,West Village,Weekend,9,8,8,0,0,97,148.5
249,Manhattan,West Village,Weekend,10,8,8,0,0,156,211.0
249,Manhattan,West Village,Weekend,11,8,8,0,0,186,217.5
249,Manhattan,West Village,Weekend,12,8,8,0,0,208,280.0
249,Manhattan,West Village,Weekend,13,8,8,0,0,242,280.0
249,Manhattan,West Village,Weekend,14,8,8,0,0,248,299.5
249,Manhattan,West Village,Weekend,15,8,8,0,0,261,315.5
249,Manhattan,West Village,Weekend,16,8,8,0,0,260,317.5
249,Manhattan,West Village,Weekend,17,8,8,0,0,229,364.0
249,Manhattan,West Village,Weekend,18,8,8,0,0,202,411.0
249,Manhattan,West Village,Weekend,19,8,8,0,0,258,465.5
249,Manhattan,West Village,Weekend,20,8,8,0,0,267,477.0
249,Manhattan,West Village,Weekend,21,8,8,0,0,280,519.0
249,Manhattan,West Village,Weekend,22,8,8,0,0,228,545.0
249,Manhattan,West Village,Weekend,23,8,8,1,0,180,451.0
250,Bronx,Westchester Village/Unionport,Weekday,0,22,22,16,7,32,48.5
250,Bronx,Westchester Village/Unionport,Weekday,1,22,22,18,13,17,23.5
250,Bronx,Westchester Village/Unionport,Weekday,2,22,22,19,12,5,22.0
250,Bronx,Westchester Village/Unionport,Weekday,3,22,22,16,9,8,18.0
250,Bronx,Westchester Village/Unionport,Weekday,4,22,22,13,7,17,26.0
250,Bronx,Westchester Village/Unionport,Weekday,5,22,22,11,9,34,48.5
250,Bronx,Westchester Village/Unionport,Weekday,6,22,22,12,12,68,80.5
250,Bronx,Westchester Village/Unionport,Weekday,7,22,22,17,20,75,115.0
250,Bronx,Westchester Village/Unionport,Weekday,8,22,22,6,7,117,141.0
250,Bronx,Westchester Village/Unionport,Weekday,9,22,22,12,11,100,118.5
250,Bronx,Westchester Village/Unionport,Weekday,10,22,22,15,9,69,87.5
250,Bronx,Westchester Village/Unionport,Weekday,11,22,22,11,9,64,84.5
250,Bronx,Westchester Village/Unionport,Weekday,12,22,22,12,8,63,81.5
250,Bronx,Westchester Village/Unionport,Weekday,13,22,22,12,10,59,87.5
250,Bronx,Westchester Village/Unionport,Weekday,14,22,22,8,7,80,93.5
250,Bronx,Westchester Village/Unionport,Weekday,15,22,22,4,3,83,102.0
250,Bronx,Westchester Village/Unionport,Weekday,16,22,22,8,3,90,114.0
250,Bronx,Westchester Village/Unionport,Weekday,17,22,22,10,5,100,117.0
250,Bronx,Westchester Village/Unionport,Weekday,18,22,22,6,6,72,95.0
250,Bronx,Westchester Village/Unionport,Weekday,19,22,22,17,7,60,74.0
250,Bronx,Westchester Village/Unionport,Weekday,20,22,22,11,4,50,71.5
250,Bronx,Westchester Village/Unionport,Weekday,21,22,22,8,3,33,69.5
250,Bronx,Westchester Village/Unionport,Weekday,22,22,22,12,9,55,74.5
250,Bronx,Westchester Village/Unionport,Weekday,23,22,22,19,10,50,72.0
250,Bronx,Westchester Village/Unionport,Weekend,0,8,8,6,4,80,92.5
250,Bronx,Westchester Village/Unionport,Weekend,1,8,8,7,6,46,69.0
250,Bronx,Westchester Village/Unionport,Weekend,2,8,8,6,6,42,56.0
250,Bronx,Westchester Village/Unionport,Weekend,3,8,8,3,5,37,49.0
250,Bronx,Westchester Village/Unionport,Weekend,4,8,8,4,4,30,48.5
250,Bronx,Westchester Village/Unionport,Weekend,5,8,8,7,7,36,40.0
250,Bronx,Westchester Village/Unionport,Weekend,6,8,8,8,7,37,45.5
250,Bronx,Westchester Village/Unionport,Weekend,7,8,8,7,6,35,63.0
250,Bronx,Westchester Village/Unionport,Weekend,8,8,8,5,4,43,66.0
250,Bronx,Westchester Village/Unionport,Weekend,9,8,8,3,4,65,79.0
250,Bronx,Westchester Village/Unionport,Weekend,10,8,8,3,5,66,75.0
250,Bronx,Westchester Village/Unionport,Weekend,11,8,8,3,4,66,79.5
250,Bronx,Westchester Village/Unionport,Weekend,12,8,8,3,2,58,83.0
250,Bronx,Westchester Village/Unionport,Weekend,13,8,8,4,4,64,85.0
250,Bronx,Westchester Village/Unionport,Weekend,14,8,8,2,1,75,88.5
250,Bronx,Westchester Village/Unionport,Weekend,15,8,8,0,2,73,83.0
250,Bronx,Westchester Village/Unionport,Weekend,16,8,8,2,0,63,90.0
250,Bronx,Westchester Village/Unionport,Weekend,17,8,8,1,0,70,80.0
250,Bronx,Westchester Village/Unionport,Weekend,18,8,8,2,1,67,85.0
250,Bronx,Westchester Village/Unionport,Weekend,19,8,8,5,3,66,93.0
250,Bronx,Westchester Village/Unionport,Weekend,20,8,8,6,3,67,94.0
250,Bronx,Westchester Village/Unionport,Weekend,21,8,8,7,5,82,94.0
250,Bronx,Westchester Village/Unionport,Weekend,22,8,8,8,5,66,89.0
250,Bronx,Westchester Village/Unionport,Weekend,23,8,8,7,5,47,85.0
251,Staten Island,Westerleigh,Weekday,0,22,22,21,13,5,11.5
251,Staten Island,Westerleigh,Weekday,1,21,22,18,15,2,6.0
251,Staten Island,Westerleigh,Weekday,2,21,22,19,12,1,3.0
251,Staten Island,Westerleigh,Weekday,3,22,22,20,16,1,5.0
251,Staten Island,Westerleigh,Weekday,4,22,22,16,11,3,6.0
251,Staten Island,Westerleigh,Weekday,5,22,22,20,16,5,10.5
251,Staten Island,Westerleigh,Weekday,6,22,22,21,19,10,19.0
251,Staten Island,Westerleigh,Weekday,7,22,22,20,18,20,32.5
251,Staten Island,Westerleigh,Weekday,8,22,22,12,10,24,37.5
251,Staten Island,Westerleigh,Weekday,9,22,22,17,16,23,29.5
251,Staten Island,Westerleigh,Weekday,10,22,22,16,11,14,28.0
251,Staten Island,Westerleigh,Weekday,11,22,22,19,14,19,27.5
251,Staten Island,Westerleigh,Weekday,12,22,22,17,16,21,30.0
251,Staten Island,Westerleigh,Weekday,13,22,22,18,11,23,30.0
251,Staten Island,Westerleigh,Weekday,14,22,22,18,18,20,35.5
251,Staten Island,Westerleigh,Weekday,15,22,22,22,15,28,37.0
251,Staten Island,Westerleigh,Weekday,16,22,22,21,17,27,43.0
251,Staten Island,Westerleigh,Weekday,17,22,22,20,16,26,40.0
251,Staten Island,Westerleigh,Weekday,18,22,22,21,17,21,34.0
251,Staten Island,Westerleigh,Weekday,19,22,22,21,16,17,30.0
251,Staten Island,Westerleigh,Weekday,20,22,22,21,15,8,26.0
251,Staten Island,Westerleigh,Weekday,21,22,22,12,9,11,18.0
251,Staten Island,Westerleigh,Weekday,22,22,22,16,13,10,21.0
251,Staten Island,Westerleigh,Weekday,23,22,22,17,9,6,15.0
251,Staten Island,Westerleigh,Weekend,0,8,8,7,3,17,26.0
251,Staten Island,Westerleigh,Weekend,1,8,8,7,5,14,21.5
251,Staten Island,Westerleigh,Weekend,2,8,8,7,6,13,17.0
251,Staten Island,Westerleigh,Weekend,3,8,8,6,6,6,11.0
251,Staten Island,Westerleigh,Weekend,4,8,8,7,6,5,7.0
251,Staten Island,Westerleigh,Weekend,5,8,8,4,5,6,10.0
251,Staten Island,Westerleigh,Weekend,6,8,8,8,6,9,16.0
251,Staten Island,Westerleigh,Weekend,7,8,8,7,3,9,16.0
251,Staten Island,Westerleigh,Weekend,8,8,8,8,4,13,22.0
251,Staten Island,Westerleigh,Weekend,9,8,8,4,3,17,22.5
251,Staten Island,Westerleigh,Weekend,10,8,8,6,4,14,18.0
251,Staten Island,Westerleigh,Weekend,11,8,8,7,6,23,28.0
251,Staten Island,Westerleigh,Weekend,12,8,8,5,3,20,26.0
251,Staten Island,Westerleigh,Weekend,13,8,8,6,2,21,33.5
251,Staten Island,Westerleigh,Weekend,14,8,8,3,4,24,32.5
251,Staten Island,Westerleigh,Weekend,15,8,8,7,4,21,29.5
251,Staten Island,Westerleigh,Weekend,16,8,8,6,5,20,32.5
251,Staten Island,Westerleigh,Weekend,17,8,8,7,3,21,37.5
251,Staten Island,Westerleigh,Weekend,18,8,8,7,7,19,29.0
251,Staten Island,Westerleigh,Weekend,19,8,8,5,5,20,33.5
251,Staten Island,Westerleigh,Weekend,20,8,8,8,6,13,29.0
251,Staten Island,Westerleigh,Weekend,21,8,8,7,6,18,25.5
251,Staten Island,Westerleigh,Weekend,22,8,8,7,6,15,25.5
251,Staten Island,Westerleigh,Weekend,23,8,8,8,6,10,24.5
252,Queens,Whitestone,Weekday,0,22,22,22,17,5,13.5
252,Queens,Whitestone,Weekday,1,22,22,21,18,3,8.0
252,Queens,Whitestone,Weekday,2,22,22,19,17,1,5.5
252,Queens,Whitestone,Weekday,3,22,22,22,15,5,8.0
252,Queens,Whitestone,Weekday,4,22,22,16,13,4,10.0
252,Queens,Whitestone,Weekday,5,22,22,17,14,18,24.5
252,Queens,Whitestone,Weekday,6,22,22,20,15,32,41.5
252,Queens,Whitestone,Weekday,7,22,22,8,7,33,58.0
252,Queens,Whitestone,Weekday,8,22,22,15,12,46,60.0
252,Queens,Whitestone,Weekday,9,22,22,19,13,36,47.5
252,Queens,Whitestone,Weekday,10,22,22,22,19,32,44.0
252,Queens,Whitestone,Weekday,11,22,22,22,21,20,41.5
252,Queens,Whitestone,Weekday,12,22,22,22,19,29,42.5
252,Queens,Whitestone,Weekday,13,22,22,22,18,39,49.5
252,Queens,Whitestone,Weekday,14,22,22,22,19,38,54.0
252,Queens,Whitestone,Weekday,15,22,22,19,17,42,54.5
252,Queens,Whitestone,Weekday,16,22,22,21,15,35,54.0
252,Queens,Whitestone,Weekday,17,22,22,22,17,47,58.5
252,Queens,Whitestone,Weekday,18,22,22,22,19,37,57.5
252,Queens,Whitestone,Weekday,19,22,22,22,18,37,45.5
252,Queens,Whitestone,Weekday,20,22,22,22,20,32,44.5
252,Queens,Whitestone,Weekday,21,22,22,21,21,17,38.0
252,Queens,Whitestone,Weekday,22,22,22,20,18,20,31.0
252,Queens,Whitestone,Weekday,23,22,22,20,18,11,23.5
252,Queens,Whitestone,Weekend,0,8,8,6,3,19,25.0
252,Queens,Whitestone,Weekend,1,8,8,7,7,13,16.5
252,Queens,Whitestone,Weekend,2,8,8,6,5,9,17.0
252,Queens,Whitestone,Weekend,3,8,8,7,5,11,13.0
252,Queens,Whitestone,Weekend,4,8,8,7,5,10,17.5
252,Queens,Whitestone,Weekend,5,8,8,6,6,14,18.5
252,Queens,Whitestone,Weekend,6,8,8,5,2,19,20.0
252,Queens,Whitestone,Weekend,7,8,8,7,5,21,27.0
252,Queens,Whitestone,Weekend,8,8,8,8,5,20,39.5
252,Queens,Whitestone,Weekend,9,8,8,6,4,23,32.0
252,Queens,Whitestone,Weekend,10,8,8,7,8,29,41.5
252,Queens,Whitestone,Weekend,11,8,8,8,7,28,45.5
252,Queens,Whitestone,Weekend,12,8,8,6,6,30,48.0
252,Queens,Whitestone,Weekend,13,8,8,4,4,37,51.0
252,Queens,Whitestone,Weekend,14,8,8,6,6,37,51.0
252,Queens,Whitestone,Weekend,15,8,8,6,7,37,53.5
252,Queens,Whitestone,Weekend,16,8,8,7,6,36,54.5
252,Queens,Whitestone,Weekend,17,8,8,8,5,40,55.0
252,Queens,Whitestone,Weekend,18,8,8,8,7,38,61.5
252,Queens,Whitestone,Weekend,19,8,8,7,6,41,52.5
252,Queens,Whitestone,Weekend,20,8,8,8,8,40,53.0
252,Queens,Whitestone,Weekend,21,8,8,8,8,34,48.0
252,Queens,Whitestone,Weekend,22,8,8,8,8,25,43.5
252,Queens,Whitestone,Weekend,23,8,8,8,8,19,42.0
253,Queens,Willets Point,Weekday,0,4,22,4,1,1,1.0
253,Queens,Willets Point,Weekday,1,1,22,0,0,1,1.0
253,Queens,Willets Point,Weekday,2,1,22,0,0,1,1.0
253,Queens,Willets Point,Weekday,3,5,22,2,1,1,1.0
253,Queens,Willets Point,Weekday,4,2,22,1,0,1,1.0
253,Queens,Willets Point,Weekday,5,1,22,1,0,1,1.0
253,Queens,Willets Point,Weekday,6,21,22,4,0,1,1.0
253,Queens,Willets Point,Weekday,7,7,22,5,2,1,1.0
253,Queens,Willets Point,Weekday,8,18,22,13,3,1,1.5
253,Queens,Willets Point,Weekday,9,19,22,10,0,1,2.0
253,Queens,Willets Point,Weekday,10,18,22,14,2,1,2.0
253,Queens,Willets Point,Weekday,11,20,22,14,3,1,2.0
253,Queens,Willets Point,Weekday,12,19,22,15,5,1,2.0
253,Queens,Willets Point,Weekday,13,21,22,13,7,1,2.0
253,Queens,Willets Point,Weekday,14,21,22,14,4,1,2.0
253,Queens,Willets Point,Weekday,15,20,22,15,5,1,3.0
253,Queens,Willets Point,Weekday,16,20,22,11,3,1,3.0
253,Queens,Willets Point,Weekday,17,17,22,8,2,1,2.0
253,Queens,Willets Point,Weekday,18,13,22,9,4,1,2.0
253,Queens,Willets Point,Weekday,19,14,22,9,3,1,1.0
253,Queens,Willets Point,Weekday,20,14,22,11,3,1,1.0
253,Queens,Willets Point,Weekday,21,12,22,9,6,1,2.5
253,Queens,Willets Point,Weekday,22,13,22,9,6,1,2.0
253,Queens,Willets Point,Weekday,23,11,22,9,2,1,1.0
253,Queens,Willets Point,Weekend,0,1,8,1,0,1,1.0
253,Queens,Willets Point,Weekend,1,1,8,0,0,1,1.0
253,Queens,Willets Point,Weekend,2,1,8,1,1,1,1.0
253,Queens,Willets Point,Weekend,3,2,8,1,0,1,1.5
253,Queens,Willets Point,Weekend,4,1,8,1,0,1,1.0
253,Queens,Willets Point,Weekend,5,2,8,1,0,1,1.0
253,Queens,Willets Point,Weekend,6,5,8,1,1,1,1.0
253,Queens,Willets Point,Weekend,7,2,8,2,1,1,1.0
253,Queens,Willets Point,Weekend,8,2,8,2,0,1,1.5
253,Queens,Willets Point,Weekend,9,6,8,4,0,1,1.5
253,Queens,Willets Point,Weekend,10,4,8,2,0,1,2.0
253,Queens,Willets Point,Weekend,11,6,8,4,1,1,1.5
253,Queens,Willets Point,Weekend,12,5,8,4,3,1,2.0
253,Queens,Willets Point,Weekend,13,6,8,1,0,1,1.5
253,Queens,Willets Point,Weekend,14,5,8,3,1,1,2.0
253,Queens,Willets Point,Weekend,15,5,8,5,2,1,2.0
253,Queens,Willets Point,Weekend,16,6,8,4,2,1,1.5
253,Queens,Willets Point,Weekend,17,4,8,3,0,1,1.0
253,Queens,Willets Point,Weekend,18,4,8,3,2,1,1.5
253,Queens,Willets Point,Weekend,19,2,8,2,2,1,4.0
253,Queens,Willets Point,Weekend,20,5,8,4,1,1,1.0
253,Queens,Willets Point,Weekend,21,2,8,2,1,1,2.0
253,Queens,Willets Point,Weekend,22,6,8,3,1,1,1.5
253,Queens,Willets Point,Weekend,23,4,8,2,2,1,1.0
254,Bronx,Williamsbridge/Olinville,Weekday,0,22,22,18,8,66,84.5
254,Bronx,Williamsbridge/Olinville,Weekday,1,22,22,22,18,36,50.5
254,Bronx,Williamsbridge/Olinville,Weekday,2,22,22,21,19,22,37.0
254,Bronx,Williamsbridge/Olinville,Weekday,3,22,22,22,19,24,29.0
254,Bronx,Williamsbridge/Olinville,Weekday,4,22,22,22,22,37,51.0
254,Bronx,Williamsbridge/Olinville,Weekday,5,22,22,22,21,80,95.0
254,Bronx,Williamsbridge/Olinville,Weekday,6,22,22,22,22,150,180.0
254,Bronx,Williamsbridge/Olinville,Weekday,7,22,22,22,22,179,237.0
254,Bronx,Williamsbridge/Olinville,Weekday,8,22,22,20,21,225,271.0
254,Bronx,Williamsbridge/Olinville,Weekday,9,22,22,22,20,183,210.0
254,Bronx,Williamsbridge/Olinville,Weekday,10,22,22,22,16,137,164.5
254,Bronx,Williamsbridge/Olinville,Weekday,11,22,22,22,19,132,154.0
254,Bronx,Williamsbridge/Olinville,Weekday,12,22,22,21,21,138,156.0
254,Bronx,Williamsbridge/Olinville,Weekday,13,22,22,22,17,150,173.0
254,Bronx,Williamsbridge/Olinville,Weekday,14,22,22,21,17,165,214.0
254,Bronx,Williamsbridge/Olinville,Weekday,15,22,22,18,13,168,189.0
254,Bronx,Williamsbridge/Olinville,Weekday,16,22,22,18,5,148,189.0
254,Bronx,Williamsbridge/Olinville,Weekday,17,22,22,10,6,148,185.5
254,Bronx,Williamsbridge/Olinville,Weekday,18,22,22,15,10,142,169.5
254,Bronx,Williamsbridge/Olinville,Weekday,19,22,22,21,12,124,163.5
254,Bronx,Williamsbridge/Olinville,Weekday,20,22,22,21,9,123,146.0
254,Bronx,Williamsbridge/Olinville,Weekday,21,22,22,13,6,104,145.0
254,Bronx,Williamsbridge/Olinville,Weekday,22,22,22,18,17,114,151.0
254,Bronx,Williamsbridge/Olinville,Weekday,23,22,22,16,7,101,138.0
254,Bronx,Williamsbridge/Olinville,Weekend,0,8,8,6,3,139,149.5
254,Bronx,Williamsbridge/Olinville,Weekend,1,8,8,6,5,83,92.0
254,Bronx,Williamsbridge/Olinville,Weekend,2,8,8,8,6,57,70.5
254,Bronx,Williamsbridge/Olinville,Weekend,3,8,8,6,4,39,54.5
254,Bronx,Williamsbridge/Olinville,Weekend,4,8,8,7,7,44,57.5
254,Bronx,Williamsbridge/Olinville,Weekend,5,8,8,8,7,66,73.5
254,Bronx,Williamsbridge/Olinville,Weekend,6,8,8,8,8,97,122.0
254,Bronx,Williamsbridge/Olinville,Weekend,7,8,8,8,7,117,134.5
254,Bronx,Williamsbridge/Olinville,Weekend,8,8,8,8,7,106,148.5
254,Bronx,Williamsbridge/Olinville,Weekend,9,8,8,8,7,145,177.5
254,Bronx,Williamsbridge/Olinville,Weekend,10,8,8,8,7,160,188.5
254,Bronx,Williamsbridge/Olinville,Weekend,11,8,8,7,6,153,185.0
254,Bronx,Williamsbridge/Olinville,Weekend,12,8,8,5,5,139,183.0
254,Bronx,Williamsbridge/Olinville,Weekend,13,8,8,7,5,183,196.5
254,Bronx,Williamsbridge/Olinville,Weekend,14,8,8,7,8,199,218.5
254,Bronx,Williamsbridge/Olinville,Weekend,15,8,8,5,5,165,209.5
254,Bronx,Williamsbridge/Olinville,Weekend,16,8,8,7,3,160,196.5
254,Bronx,Williamsbridge/Olinville,Weekend,17,8,8,6,2,128,176.5
254,Bronx,Williamsbridge/Olinville,Weekend,18,8,8,7,7,113,186.5
254,Bronx,Williamsbridge/Olinville,Weekend,19,8,8,8,7,162,195.5
254,Bronx,Williamsbridge/Olinville,Weekend,20,8,8,8,8,125,181.0
254,Bronx,Williamsbridge/Olinville,Weekend,21,8,8,7,5,131,174.0
254,Bronx,Williamsbridge/Olinville,Weekend,22,8,8,8,8,145,184.0
254,Bronx,Williamsbridge/Olinville,Weekend,23,8,8,8,6,134,178.5
255,Brooklyn,Williamsburg (North Side),Weekday,0,22,22,0,0,100,182.5
255,Brooklyn,Williamsburg (North Side),Weekday,1,22,22,0,0,52,91.5
255,Brooklyn,Williamsburg (North Side),Weekday,2,22,22,0,0,33,58.5
255,Brooklyn,Williamsburg (North Side),Weekday,3,22,22,0,2,23,44.0
255,Brooklyn,Williamsburg (North Side),Weekday,4,22,22,3,1,32,56.0
255,Brooklyn,Williamsburg (North Side),Weekday,5,22,22,1,1,57,86.0
255,Brooklyn,Williamsburg (North Side),Weekday,6,22,22,8,2,90,116.0
255,Brooklyn,Williamsburg (North Side),Weekday,7,22,22,8,3,112,146.0
255,Brooklyn,Williamsburg (North Side),Weekday,8,22,22,14,11,153,178.0
255,Brooklyn,Williamsburg (North Side),Weekday,9,22,22,7,3,151,179.5
255,Brooklyn,Williamsburg (North Side),Weekday,10,22,22,0,0,128,165.5
255,Brooklyn,Williamsburg (North Side),Weekday,11,22,22,0,0,130,163.0
255,Brooklyn,Williamsburg (North Side),Weekday,12,22,22,0,0,127,165.5
255,Brooklyn,Williamsburg (North Side),Weekday,13,22,22,0,0,135,168.5
255,Brooklyn,Williamsburg (North Side),Weekday,14,22,22,0,0,141,186.0
255,Brooklyn,Williamsburg (North Side),Weekday,15,22,22,0,0,146,193.5
255,Brooklyn,Williamsburg (North Side),Weekday,16,22,22,0,0,167,213.0
255,Brooklyn,Williamsburg (North Side),Weekday,17,22,22,0,0,223,270.5
255,Brooklyn,Williamsburg (North Side),Weekday,18,22,22,0,0,246,321.0
255,Brooklyn,Williamsburg (North Side),Weekday,19,22,22,0,0,267,340.5
255,Brooklyn,Williamsburg (North Side),Weekday,20,22,22,1,1,286,389.5
255,Brooklyn,Williamsburg (North Side),Weekday,21,22,22,1,1,244,417.5
255,Brooklyn,Williamsburg (North Side),Weekday,22,22,22,1,1,222,475.5
255,Brooklyn,Williamsburg (North Side),Weekday,23,22,22,3,4,177,371.5
255,Brooklyn,Williamsburg (North Side),Weekend,0,8,8,8,6,821,913.0
255,Brooklyn,Williamsburg (North Side),Weekend,1,8,8,7,7,693,761.5
255,Brooklyn,Williamsburg (North Side),Weekend,2,8,8,8,7,471,585.5
255,Brooklyn,Williamsburg (North Side),Weekend,3,8,8,8,5,304,407.5
255,Brooklyn,Williamsburg (North Side),Weekend,4,8,8,7,3,130,173.0
255,Brooklyn,Williamsburg (North Side),Weekend,5,8,8,0,0,60,76.0
255,Brooklyn,Williamsburg (North Side),Weekend,6,8,8,0,0,64,70.5
255,Brooklyn,Williamsburg (North Side),Weekend,7,8,8,0,0,67,81.5
255,Brooklyn,Williamsburg (North Side),Weekend,8,8,8,0,1,97,129.0
255,Brooklyn,Williamsburg (North Side),Weekend,9,8,8,0,1,136,186.0
255,Brooklyn,Williamsburg (North Side),Weekend,10,8,8,1,1,204,240.5
255,Brooklyn,Williamsburg (North Side),Weekend,11,8,8,0,1,254,327.0
255,Brooklyn,Williamsburg (North Side),Weekend,12,8,8,1,0,284,344.5
255,Brooklyn,Williamsburg (North Side),Weekend,13,8,8,0,1,339,409.0
255,Brooklyn,Williamsburg (North Side),Weekend,14,8,8,1,1,344,410.5
255,Brooklyn,Williamsburg (North Side),Weekend,15,8,8,1,2,396,442.5
255,Brooklyn,Williamsburg (North Side),Weekend,16,8,8,1,1,395,462.5
255,Brooklyn,Williamsburg (North Side),Weekend,17,8,8,2,2,345,511.0
255,Brooklyn,Williamsburg (North Side),Weekend,18,8,8,2,1,310,558.5
255,Brooklyn,Williamsburg (North Side),Weekend,19,8,8,3,1,358,628.0
255,Brooklyn,Williamsburg (North Side),Weekend,20,8,8,0,0,329,610.5
255,Brooklyn,Williamsburg (North Side),Weekend,21,8,8,4,2,272,634.5
255,Brooklyn,Williamsburg (North Side),Weekend,22,8,8,6,4,270,656.0
255,Brooklyn,Williamsburg (North Side),Weekend,23,8,8,5,4,181,622.0
256,Brooklyn,Williamsburg (South Side),Weekday,0,22,22,0,0,97,147.5
256,Brooklyn,Williamsburg (South Side),Weekday,1,22,22,0,1,59,92.5
256,Brooklyn,Williamsburg (South Side),Weekday,2,22,22,0,2,34,66.0
256,Brooklyn,Williamsburg (South Side),Weekday,3,22,22,0,1,31,52.0
256,Brooklyn,Williamsburg (South Side),Weekday,4,22,22,5,6,44,62.5
256,Brooklyn,Williamsburg (South Side),Weekday,5,22,22,11,5,75,86.0
256,Brooklyn,Williamsburg (South Side),Weekday,6,22,22,19,13,101,129.5
256,Brooklyn,Williamsburg (South Side),Weekday,7,22,22,21,22,126,162.5
256,Brooklyn,Williamsburg (South Side),Weekday,8,22,22,19,20,153,193.5
256,Brooklyn,Williamsburg (South Side),Weekday,9,22,22,19,14,172,206.0
256,Brooklyn,Williamsburg (South Side),Weekday,10,22,22,5,2,145,186.5
256,Brooklyn,Williamsburg (South Side),Weekday,11,22,22,6,2,149,174.0
256,Brooklyn,Williamsburg (South Side),Weekday,12,22,22,1,4,137,163.0
256,Brooklyn,Williamsburg (South Side),Weekday,13,22,22,1,3,133,163.5
256,Brooklyn,Williamsburg (South Side),Weekday,14,22,22,3,4,136,164.0
256,Brooklyn,Williamsburg (South Side),Weekday,15,22,22,1,1,133,169.0
256,Brooklyn,Williamsburg (South Side),Weekday,16,22,22,1,0,158,187.0
256,Brooklyn,Williamsburg (South Side),Weekday,17,22,22,0,0,160,231.0
256,Brooklyn,Williamsburg (South Side),Weekday,18,22,22,0,0,202,280.0
256,Brooklyn,Williamsburg (South Side),Weekday,19,22,22,0,0,193,273.0
256,Brooklyn,Williamsburg (South Side),Weekday,20,22,22,1,1,204,305.5
256,Brooklyn,Williamsburg (South Side),Weekday,21,22,22,1,1,236,340.5
256,Brooklyn,Williamsburg (South Side),Weekday,22,22,22,0,0,190,382.5
256,Brooklyn,Williamsburg (South Side),Weekday,23,22,22,3,1,143,283.5
256,Brooklyn,Williamsburg (South Side),Weekend,0,8,8,5,6,535,600.5
256,Brooklyn,Williamsburg (South Side),Weekend,1,8,8,4,4,465,507.0
256,Brooklyn,Williamsburg (South Side),Weekend,2,8,8,7,6,358,412.5
256,Brooklyn,Williamsburg (South Side),Weekend,3,8,8,7,6,251,300.5
256,Brooklyn,Williamsburg (South Side),Weekend,4,8,8,2,3,135,178.5
256,Brooklyn,Williamsburg (South Side),Weekend,5,8,8,1,1,80,111.0
256,Brooklyn,Williamsburg (South Side),Weekend,6,8,8,0,1,84,102.0
256,Brooklyn,Williamsburg (South Side),Weekend,7,8,8,0,1,77,120.5
256,Brooklyn,Williamsburg (South Side),Weekend,8,8,8,0,1,119,150.0
256,Brooklyn,Williamsburg (South Side),Weekend,9,8,8,0,0,171,189.5
256,Brooklyn,Williamsburg (South Side),Weekend,10,8,8,1,2,232,247.0
256,Brooklyn,Williamsburg (South Side),Weekend,11,8,8,1,0,258,267.0
256,Brooklyn,Williamsburg (South Side),Weekend,12,8,8,1,1,242,302.0
256,Brooklyn,Williamsburg (South Side),Weekend,13,8,8,0,0,277,326.0
256,Brooklyn,Williamsburg (South Side),Weekend,14,8,8,2,1,260,319.0
256,Brooklyn,Williamsburg (South Side),Weekend,15,8,8,3,1,258,361.5
256,Brooklyn,Williamsburg (South Side),Weekend,16,8,8,1,0,305,343.0
256,Brooklyn,Williamsburg (South Side),Weekend,17,8,8,1,1,288,362.0
256,Brooklyn,Williamsburg (South Side),Weekend,18,8,8,0,0,263,426.0
256,Brooklyn,Williamsburg (South Side),Weekend,19,8,8,2,0,287,471.0
256,Brooklyn,Williamsburg (South Side),Weekend,20,8,8,1,0,312,440.5
256,Brooklyn,Williamsburg (South Side),Weekend,21,8,8,2,0,243,454.5
256,Brooklyn,Williamsburg (South Side),Weekend,22,8,8,5,3,284,491.0
256,Brooklyn,Williamsburg (South Side),Weekend,23,8,8,4,4,173,452.5
257,Brooklyn,Windsor Terrace,Weekday,0,22,22,9,4,8,15.0
257,Brooklyn,Windsor Terrace,Weekday,1,22,22,10,10,3,9.0
257,Brooklyn,Windsor Terrace,Weekday,2,22,22,15,7,2,7.5
257,Brooklyn,Windsor Terrace,Weekday,3,22,22,6,5,2,6.0
257,Brooklyn,Windsor Terrace,Weekday,4,22,22,8,9,6,12.0
257,Brooklyn,Windsor Terrace,Weekday,5,22,22,2,3,14,22.0
257,Brooklyn,Windsor Terrace,Weekday,6,22,22,0,0,26,38.0
257,Brooklyn,Windsor Terrace,Weekday,7,22,22,2,1,36,71.0
257,Brooklyn,Windsor Terrace,Weekday,8,22,22,4,2,54,72.5
257,Brooklyn,Windsor Terrace,Weekday,9,22,22,9,5,44,60.0
257,Brooklyn,Windsor Terrace,Weekday,10,22,22,10,6,41,50.0
257,Brooklyn,Windsor Terrace,Weekday,11,22,22,7,3,30,43.0
257,Brooklyn,Windsor Terrace,Weekday,12,22,22,7,4,25,39.5
257,Brooklyn,Windsor Terrace,Weekday,13,22,22,6,5,27,41.5
257,Brooklyn,Windsor Terrace,Weekday,14,22,22,6,8,33,47.5
257,Brooklyn,Windsor Terrace,Weekday,15,22,22,5,4,32,47.0
257,Brooklyn,Windsor Terrace,Weekday,16,22,22,4,1,31,49.5
257,Brooklyn,Windsor Terrace,Weekday,17,22,22,6,4,36,60.0
257,Brooklyn,Windsor Terrace,Weekday,18,22,22,3,4,43,55.0
257,Brooklyn,Windsor Terrace,Weekday,19,22,22,4,4,27,46.0
257,Brooklyn,Windsor Terrace,Weekday,20,22,22,2,1,33,45.5
257,Brooklyn,Windsor Terrace,Weekday,21,22,22,2,0,28,44.0
257,Brooklyn,Windsor Terrace,Weekday,22,22,22,0,1,26,42.0
257,Brooklyn,Windsor Terrace,Weekday,23,22,22,3,1,16,27.0
257,Brooklyn,Windsor Terrace,Weekend,0,8,8,2,1,33,44.5
257,Brooklyn,Windsor Terrace,Weekend,1,8,8,1,1,23,29.5
257,Brooklyn,Windsor Terrace,Weekend,2,8,8,0,1,9,21.0
257,Brooklyn,Windsor Terrace,Weekend,3,8,8,0,1,5,10.5
257,Brooklyn,Windsor Terrace,Weekend,4,8,8,2,0,5,11.0
257,Brooklyn,Windsor Terrace,Weekend,5,8,8,1,2,5,10.5
257,Brooklyn,Windsor Terrace,Weekend,6,8,8,0,0,19,21.5
257,Brooklyn,Windsor Terrace,Weekend,7,8,8,3,2,23,28.5
257,Brooklyn,Windsor Terrace,Weekend,8,8,8,3,1,30,40.5
257,Brooklyn,Windsor Terrace,Weekend,9,8,8,1,0,49,62.0
257,Brooklyn,Windsor Terrace,Weekend,10,8,8,3,2,56,73.0
257,Brooklyn,Windsor Terrace,Weekend,11,8,8,2,2,53,76.5
257,Brooklyn,Windsor Terrace,Weekend,12,8,8,2,4,54,78.0
257,Brooklyn,Windsor Terrace,Weekend,13,8,8,1,1,49,69.0
257,Brooklyn,Windsor Terrace,Weekend,14,8,8,0,0,51,75.5
257,Brooklyn,Windsor Terrace,Weekend,15,8,8,0,0,53,66.0
257,Brooklyn,Windsor Terrace,Weekend,16,8,8,0,0,50,67.5
257,Brooklyn,Windsor Terrace,Weekend,17,8,8,1,0,45,74.0
257,Brooklyn,Windsor Terrace,Weekend,18,8,8,0,0,43,68.0
257,Brooklyn,Windsor Terrace,Weekend,19,8,8,0,0,54,74.0
257,Brooklyn,Windsor Terrace,Weekend,20,8,8,1,1,36,68.0
257,Brooklyn,Windsor Terrace,Weekend,21,8,8,2,0,39,59.0
257,Brooklyn,Windsor Terrace,Weekend,22,8,8,1,0,30,55.0
257,Brooklyn,Windsor Terrace,Weekend,23,8,8,1,0,20,43.5
258,Queens,Woodhaven,Weekday,0,22,22,22,17,27,39.5
258,Queens,Woodhaven,Weekday,1,22,22,21,18,14,24.5
258,Queens,Woodhaven,Weekday,2,22,22,22,18,15,24.0
258,Queens,Woodhaven,Weekday,3,22,22,17,15,16,23.5
258,Queens,Woodhaven,Weekday,4,22,22,12,14,39,45.5
258,Queens,Woodhaven,Weekday,5,22,22,11,9,56,85.5
258,Queens,Woodhaven,Weekday,6,22,22,18,14,75,124.5
258,Queens,Woodhaven,Weekday,7,22,22,19,18,99,169.5
258,Queens,Woodhaven,Weekday,8,22,22,13,14,140,172.0
258,Queens,Woodhaven,Weekday,9,22,22,19,13,103,131.0
258,Queens,Woodhaven,Weekday,10,22,22,20,16,84,101.0
258,Queens,Woodhaven,Weekday,11,22,22,21,20,74,92.5
258,Queens,Woodhaven,Weekday,12,22,22,17,16,64,89.0
258,Queens,Woodhaven,Weekday,13,22,22,19,13,75,94.0
258,Queens,Woodhaven,Weekday,14,22,22,13,10,70,105.5
258,Queens,Woodhaven,Weekday,15,22,22,5,3,77,102.5
258,Queens,Woodhaven,Weekday,16,22,22,8,4,79,99.0
258,Queens,Woodhaven,Weekday,17,22,22,8,7,80,106.0
258,Queens,Woodhaven,Weekday,18,22,22,11,7,80,102.5
258,Queens,Woodhaven,Weekday,19,22,22,19,15,69,91.5
258,Queens,Woodhaven,Weekday,20,22,22,19,15,65,87.0
258,Queens,Woodhaven,Weekday,21,22,22,13,15,58,80.0
258,Queens,Woodhaven,Weekday,22,22,22,13,10,57,70.5
258,Queens,Woodhaven,Weekday,23,22,22,18,9,33,52.5
258,Queens,Woodhaven,Weekend,0,8,8,6,4,73,87.5
258,Queens,Woodhaven,Weekend,1,8,8,6,3,44,61.5
258,Queens,Woodhaven,Weekend,2,8,8,7,6,37,62.5
258,Queens,Woodhaven,Weekend,3,8,8,7,6,31,48.5
258,Queens,Woodhaven,Weekend,4,8,8,8,6,45,74.0
258,Queens,Woodhaven,Weekend,5,8,8,8,8,57,67.0
258,Queens,Woodhaven,Weekend,6,8,8,5,5,60,79.0
258,Queens,Woodhaven,Weekend,7,8,8,8,8,71,89.5
258,Queens,Woodhaven,Weekend,8,8,8,7,5,57,111.0
258,Queens,Woodhaven,Weekend,9,8,8,8,5,104,122.0
258,Queens,Woodhaven,Weekend,10,8,8,7,4,113,125.0
258,Queens,Woodhaven,Weekend,11,8,8,6,7,108,117.5
258,Queens,Woodhaven,Weekend,12,8,8,5,4,115,130.5
258,Queens,Woodhaven,Weekend,13,8,8,5,5,107,133.5
258,Queens,Woodhaven,Weekend,14,8,8,3,3,98,128.5
258,Queens,Woodhaven,Weekend,15,8,8,4,2,99,135.5
258,Queens,Woodhaven,Weekend,16,8,8,5,4,88,110.5
258,Queens,Woodhaven,Weekend,17,8,8,3,1,86,129.5
258,Queens,Woodhaven,Weekend,18,8,8,5,4,89,118.5
258,Queens,Woodhaven,Weekend,19,8,8,4,1,104,141.0
258,Queens,Woodhaven,Weekend,20,8,8,6,5,95,118.5
258,Queens,Woodhaven,Weekend,21,8,8,7,5,93,122.0
258,Queens,Woodhaven,Weekend,22,8,8,6,7,99,120.5
258,Queens,Woodhaven,Weekend,23,8,8,6,5,55,97.0
259,Bronx,Woodlawn/Wakefield,Weekday,0,22,22,22,14,41,60.0
259,Bronx,Woodlawn/Wakefield,Weekday,1,22,22,22,21,23,40.0
259,Bronx,Woodlawn/Wakefield,Weekday,2,22,22,22,21,15,25.5
259,Bronx,Woodlawn/Wakefield,Weekday,3,22,22,22,22,17,27.0
259,Bronx,Woodlawn/Wakefield,Weekday,4,22,22,22,22,25,36.0
259,Bronx,Woodlawn/Wakefield,Weekday,5,22,22,22,22,56,65.5
259,Bronx,Woodlawn/Wakefield,Weekday,6,22,22,22,22,111,137.5
259,Bronx,Woodlawn/Wakefield,Weekday,7,22,22,22,22,112,166.5
259,Bronx,Woodlawn/Wakefield,Weekday,8,22,22,22,21,157,205.5
259,Bronx,Woodlawn/Wakefield,Weekday,9,22,22,22,19,149,163.0
259,Bronx,Woodlawn/Wakefield,Weekday,10,22,22,22,19,86,118.0
259,Bronx,Woodlawn/Wakefield,Weekday,11,22,22,22,18,86,104.5
259,Bronx,Woodlawn/Wakefield,Weekday,12,22,22,22,18,91,108.0
259,Bronx,Woodlawn/Wakefield,Weekday,13,22,22,22,22,99,116.0
259,Bronx,Woodlawn/Wakefield,Weekday,14,22,22,22,19,106,133.5
259,Bronx,Woodlawn/Wakefield,Weekday,15,22,22,22,17,103,128.0
259,Bronx,Woodlawn/Wakefield,Weekday,16,22,22,22,16,105,125.0
259,Bronx,Woodlawn/Wakefield,Weekday,17,22,22,21,12,103,146.5
259,Bronx,Woodlawn/Wakefield,Weekday,18,22,22,22,15,95,118.0
259,Bronx,Woodlawn/Wakefield,Weekday,19,22,22,22,16,73,102.0
259,Bronx,Woodlawn/Wakefield,Weekday,20,22,22,22,17,63,96.0
259,Bronx,Woodlawn/Wakefield,Weekday,21,22,22,20,9,64,87.5
259,Bronx,Woodlawn/Wakefield,Weekday,22,22,22,22,18,76,106.0
259,Bronx,Woodlawn/Wakefield,Weekday,23,22,22,20,10,69,86.0
259,Bronx,Woodlawn/Wakefield,Weekend,0,8,8,7,5,79,103.0
259,Bronx,Woodlawn/Wakefield,Weekend,1,8,8,8,7,63,76.5
259,Bronx,Woodlawn/Wakefield,Weekend,2,8,8,8,8,41,52.0
259,Bronx,Woodlawn/Wakefield,Weekend,3,8,8,8,7,35,50.5
259,Bronx,Woodlawn/Wakefield,Weekend,4,8,8,8,7,32,52.0
259,Bronx,Woodlawn/Wakefield,Weekend,5,8,8,8,8,46,61.0
259,Bronx,Woodlawn/Wakefield,Weekend,6,8,8,8,8,71,87.5
259,Bronx,Woodlawn/Wakefield,Weekend,7,8,8,8,7,88,106.5
259,Bronx,Woodlawn/Wakefield,Weekend,8,8,8,8,8,91,107.5
259,Bronx,Woodlawn/Wakefield,Weekend,9,8,8,8,8,106,142.5
259,Bronx,Woodlawn/Wakefield,Weekend,10,8,8,8,4,113,138.0
259,Bronx,Woodlawn/Wakefield,Weekend,11,8,8,8,7,107,134.5
259,Bronx,Woodlawn/Wakefield,Weekend,12,8,8,7,5,101,127.5
259,Bronx,Woodlawn/Wakefield,Weekend,13,8,8,7,7,120,125.5
259,Bronx,Woodlawn/Wakefield,Weekend,14,8,8,8,6,120,138.0
259,Bronx,Woodlawn/Wakefield,Weekend,15,8,8,7,6,118,148.5
259,Bronx,Woodlawn/Wakefield,Weekend,16,8,8,7,6,106,125.5
259,Bronx,Woodlawn/Wakefield,Weekend,17,8,8,6,5,84,125.5
259,Bronx,Woodlawn/Wakefield,Weekend,18,8,8,7,6,103,120.5
259,Bronx,Woodlawn/Wakefield,Weekend,19,8,8,8,8,101,133.5
259,Bronx,Woodlawn/Wakefield,Weekend,20,8,8,8,7,118,130.5
259,Bronx,Woodlawn/Wakefield,Weekend,21,8,8,8,8,100,123.0
259,Bronx,Woodlawn/Wakefield,Weekend,22,8,8,8,8,90,124.0
259,Bronx,Woodlawn/Wakefield,Weekend,23,8,8,7,6,75,106.5
260,Queens,Woodside,Weekday,0,22,22,7,5,55,76.0
260,Queens,Woodside,Weekday,1,22,22,6,5,36,57.5
260,Queens,Woodside,Weekday,2,22,22,3,4,33,42.0
260,Queens,Woodside,Weekday,3,22,22,3,5,33,50.5
260,Queens,Woodside,Weekday,4,22,22,3,4,46,60.0
260,Queens,Woodside,Weekday,5,22,22,0,1,60,83.5
260,Queens,Woodside,Weekday,6,22,22,0,0,96,136.5
260,Queens,Woodside,Weekday,7,22,22,1,1,118,205.0
260,Queens,Woodside,Weekday,8,22,22,2,1,159,193.5
260,Queens,Woodside,Weekday,9,22,22,1,2,123,153.5
260,Queens,Woodside,Weekday,10,22,22,3,3,103,131.5
260,Queens,Woodside,Weekday,11,22,22,5,1,94,112.0
260,Queens,Woodside,Weekday,12,22,22,1,5,87,111.5
260,Queens,Woodside,Weekday,13,22,22,4,2,89,120.0
260,Queens,Woodside,Weekday,14,22,22,0,1,96,133.0
260,Queens,Woodside,Weekday,15,22,22,1,2,111,133.5
260,Queens,Woodside,Weekday,16,22,22,0,0,114,135.5
260,Queens,Woodside,Weekday,17,22,22,1,0,107,148.0
260,Queens,Woodside,Weekday,18,22,22,2,1,106,155.0
260,Queens,Woodside,Weekday,19,22,22,6,2,109,136.0
260,Queens,Woodside,Weekday,20,22,22,7,3,104,132.5
260,Queens,Woodside,Weekday,21,22,22,5,0,101,124.5
260,Queens,Woodside,Weekday,22,22,22,2,1,87,135.5
260,Queens,Woodside,Weekday,23,22,22,4,2,71,109.5
260,Queens,Woodside,Weekend,0,8,8,0,0,115,173.0
260,Queens,Woodside,Weekend,1,8,8,2,1,106,151.5
260,Queens,Woodside,Weekend,2,8,8,0,0,96,116.0
260,Queens,Woodside,Weekend,3,8,8,3,2,80,122.0
260,Queens,Woodside,Weekend,4,8,8,5,4,96,110.0
260,Queens,Woodside,Weekend,5,8,8,0,0,68,94.0
260,Queens,Woodside,Weekend,6,8,8,0,0,87,96.5
260,Queens,Woodside,Weekend,7,8,8,1,0,77,105.5
260,Queens,Woodside,Weekend,8,8,8,0,1,103,130.5
260,Queens,Woodside,Weekend,9,8,8,2,1,134,142.5
260,Queens,Woodside,Weekend,10,8,8,0,0,158,173.0
260,Queens,Woodside,Weekend,11,8,8,0,1,144,164.0
260,Queens,Woodside,Weekend,12,8,8,0,0,145,170.0
260,Queens,Woodside,Weekend,13,8,8,0,0,155,193.5
260,Queens,Woodside,Weekend,14,8,8,0,0,152,185.5
260,Queens,Woodside,Weekend,15,8,8,0,0,157,178.0
260,Queens,Woodside,Weekend,16,8,8,0,0,140,171.0
260,Queens,Woodside,Weekend,17,8,8,0,1,143,163.5
260,Queens,Woodside,Weekend,18,8,8,2,0,146,187.5
260,Queens,Woodside,Weekend,19,8,8,2,1,149,178.5
260,Queens,Woodside,Weekend,20,8,8,5,3,124,185.0
260,Queens,Woodside,Weekend,21,8,8,5,2,130,189.5
260,Queens,Woodside,Weekend,22,8,8,1,1,121,173.0
260,Queens,Woodside,Weekend,23,8,8,0,0,104,156.0
261,Manhattan,World Trade Center,Weekday,0,22,22,4,1,16,65.5
261,Manhattan,World Trade Center,Weekday,1,22,22,6,3,12,39.5
261,Manhattan,World Trade Center,Weekday,2,22,22,8,5,7,18.0
261,Manhattan,World Trade Center,Weekday,3,22,22,5,6,6,15.5
261,Manhattan,World Trade Center,Weekday,4,22,22,2,1,12,21.0
261,Manhattan,World Trade Center,Weekday,5,22,22,9,2,19,34.0
261,Manhattan,World Trade Center,Weekday,6,22,22,5,0,35,52.0
261,Manhattan,World Trade Center,Weekday,7,22,22,0,0,36,67.0
261,Manhattan,World Trade Center,Weekday,8,22,22,4,4,62,93.0
261,Manhattan,World Trade Center,Weekday,9,22,22,2,5,56,81.0
261,Manhattan,World Trade Center,Weekday,10,22,22,2,5,54,76.0
261,Manhattan,World Trade Center,Weekday,11,22,22,2,3,73,93.5
261,Manhattan,World Trade Center,Weekday,12,22,22,2,4,79,101.0
261,Manhattan,World Trade Center,Weekday,13,22,22,2,5,82,110.5
261,Manhattan,World Trade Center,Weekday,14,22,22,2,5,90,122.5
261,Manhattan,World Trade Center,Weekday,15,22,22,8,11,98,121.0
261,Manhattan,World Trade Center,Weekday,16,22,22,16,15,98,138.5
261,Manhattan,World Trade Center,Weekday,17,22,22,18,16,120,166.5
261,Manhattan,World Trade Center,Weekday,18,22,22,18,13,129,174.0
261,Manhattan,World Trade Center,Weekday,19,22,22,7,5,108,154.5
261,Manhattan,World Trade Center,Weekday,20,22,22,8,1,137,194.5
261,Manhattan,World Trade Center,Weekday,21,22,22,6,1,100,171.0
261,Manhattan,World Trade Center,Weekday,22,22,22,4,0,80,146.0
261,Manhattan,World Trade Center,Weekday,23,22,22,5,2,79,111.0
261,Manhattan,World Trade Center,Weekend,0,8,8,7,2,72,111.5
261,Manhattan,World Trade Center,Weekend,1,8,8,4,3,40,73.5
261,Manhattan,World Trade Center,Weekend,2,8,8,4,1,20,44.0
261,Manhattan,World Trade Center,Weekend,3,8,8,1,1,12,25.5
261,Manhattan,World Trade Center,Weekend,4,8,8,1,0,18,25.0
261,Manhattan,World Trade Center,Weekend,5,8,8,2,2,21,30.5
261,Manhattan,World Trade Center,Weekend,6,8,8,1,0,27,37.0
261,Manhattan,World Trade Center,Weekend,7,8,8,1,0,24,50.0
261,Manhattan,World Trade Center,Weekend,8,8,8,2,1,47,67.0
261,Manhattan,World Trade Center,Weekend,9,8,8,2,1,67,82.5
261,Manhattan,World Trade Center,Weekend,10,8,8,0,0,85,113.0
261,Manhattan,World Trade Center,Weekend,11,8,8,5,4,105,132.0
261,Manhattan,World Trade Center,Weekend,12,8,8,5,4,115,141.5
261,Manhattan,World Trade Center,Weekend,13,8,8,5,4,111,136.0
261,Manhattan,World Trade Center,Weekend,14,8,8,5,3,102,132.5
261,Manhattan,World Trade Center,Weekend,15,8,8,4,4,104,130.5
261,Manhattan,World Trade Center,Weekend,16,8,8,2,1,106,127.5
261,Manhattan,World Trade Center,Weekend,17,8,8,4,2,85,142.5
261,Manhattan,World Trade Center,Weekend,18,8,8,3,0,82,129.5
261,Manhattan,World Trade Center,Weekend,19,8,8,2,0,88,128.0
261,Manhattan,World Trade Center,Weekend,20,8,8,2,2,72,105.5
261,Manhattan,World Trade Center,Weekend,21,8,8,1,0,58,97.0
261,Manhattan,World Trade Center,Weekend,22,8,8,0,0,46,89.0
261,Manhattan,World Trade Center,Weekend,23,8,8,1,0,30,71.5
262,Manhattan,Yorkville East,Weekday,0,22,22,5,3,14,22.0
262,Manhattan,Yorkville East,Weekday,1,22,22,9,8,7,10.0
262,Manhattan,Yorkville East,Weekday,2,22,22,13,8,5,8.5
262,Manhattan,Yorkville East,Weekday,3,22,22,2,3,7,12.5
262,Manhattan,Yorkville East,Weekday,4,22,22,6,1,13,28.5
262,Manhattan,Yorkville East,Weekday,5,22,22,14,3,39,55.0
262,Manhattan,Yorkville East,Weekday,6,22,22,1,0,77,112.0
262,Manhattan,Yorkville East,Weekday,7,22,22,8,4,95,169.0
262,Manhattan,Yorkville East,Weekday,8,22,22,19,16,132,208.5
262,Manhattan,Yorkville East,Weekday,9,22,22,19,11,134,157.0
262,Manhattan,Yorkville East,Weekday,10,22,22,12,4,103,120.5
262,Manhattan,Yorkville East,Weekday,11,22,22,14,4,86,108.5
262,Manhattan,Yorkville East,Weekday,12,22,22,10,5,65,96.0
262,Manhattan,Yorkville East,Weekday,13,22,22,11,6,75,87.5
262,Manhattan,Yorkville East,Weekday,14,22,22,9,2,71,90.5
262,Manhattan,Yorkville East,Weekday,15,22,22,19,3,89,115.5
262,Manhattan,Yorkville East,Weekday,16,22,22,9,2,96,112.0
262,Manhattan,Yorkville East,Weekday,17,22,22,16,4,103,147.0
262,Manhattan,Yorkville East,Weekday,18,22,22,17,6,105,144.5
262,Manhattan,Yorkville East,Weekday,19,22,22,17,3,76,115.5
262,Manhattan,Yorkville East,Weekday,20,22,22,11,3,76,100.0
262,Manhattan,Yorkville East,Weekday,21,22,22,2,1,53,93.5
262,Manhattan,Yorkville East,Weekday,22,22,22,1,0,37,72.0
262,Manhattan,Yorkville East,Weekday,23,22,22,2,2,23,51.0
262,Manhattan,Yorkville East,Weekend,0,8,8,0,0,56,79.0
262,Manhattan,Yorkville East,Weekend,1,8,8,0,1,36,45.0
262,Manhattan,Yorkville East,Weekend,2,8,8,0,1,18,27.5
262,Manhattan,Yorkville East,Weekend,3,8,8,0,0,7,21.5
262,Manhattan,Yorkville East,Weekend,4,8,8,0,0,12,23.5
262,Manhattan,Yorkville East,Weekend,5,8,8,3,1,27,34.0
262,Manhattan,Yorkville East,Weekend,6,8,8,0,2,41,51.0
262,Manhattan,Yorkville East,Weekend,7,8,8,0,0,49,67.5
262,Manhattan,Yorkville East,Weekend,8,8,8,4,0,68,88.0
262,Manhattan,Yorkville East,Weekend,9,8,8,2,0,104,137.0
262,Manhattan,Yorkville East,Weekend,10,8,8,4,1,114,158.0
262,Manhattan,Yorkville East,Weekend,11,8,8,6,1,121,149.0
262,Manhattan,Yorkville East,Weekend,12,8,8,7,3,118,147.0
262,Manhattan,Yorkville East,Weekend,13,8,8,7,3,134,152.0
262,Manhattan,Yorkville East,Weekend,14,8,8,3,4,98,117.0
262,Manhattan,Yorkville East,Weekend,15,8,8,4,1,80,123.5
262,Manhattan,Yorkville East,Weekend,16,8,8,3,2,102,137.0
262,Manhattan,Yorkville East,Weekend,17,8,8,3,0,110,137.5
262,Manhattan,Yorkville East,Weekend,18,8,8,6,4,104,131.0
262,Manhattan,Yorkville East,Weekend,19,8,8,3,1,87,128.5
262,Manhattan,Yorkville East,Weekend,20,8,8,2,0,78,117.5
262,Manhattan,Yorkville East,Weekend,21,8,8,0,0,54,88.0
262,Manhattan,Yorkville East,Weekend,22,8,8,0,0,55,86.5
262,Manhattan,Yorkville East,Weekend,23,8,8,0,0,34,66.0
263,Manhattan,Yorkville West,Weekday,0,22,22,0,0,37,66.0
263,Manhattan,Yorkville West,Weekday,1,22,22,2,2,26,37.5
263,Manhattan,Yorkville West,Weekday,2,22,22,2,3,15,26.0
263,Manhattan,Yorkville West,Weekday,3,22,22,2,1,19,28.0
263,Manhattan,Yorkville West,Weekday,4,22,22,3,1,38,51.5
263,Manhattan,Yorkville West,Weekday,5,22,22,10,3,72,85.0
263,Manhattan,Yorkville West,Weekday,6,22,22,7,0,136,163.0
263,Manhattan,Yorkville West,Weekday,7,22,22,11,2,141,222.0
263,Manhattan,Yorkville West,Weekday,8,22,22,19,10,168,228.0
263,Manhattan,Yorkville West,Weekday,9,22,22,18,7,164,197.0
263,Manhattan,Yorkville West,Weekday,10,22,22,9,0,108,149.0
263,Manhattan,Yorkville West,Weekday,11,22,22,10,3,98,136.5
263,Manhattan,Yorkville West,Weekday,12,22,22,13,9,84,126.5
263,Manhattan,Yorkville West,Weekday,13,22,22,14,3,91,129.0
263,Manhattan,Yorkville West,Weekday,14,22,22,14,3,106,129.5
263,Manhattan,Yorkville West,Weekday,15,22,22,14,4,123,140.0
263,Manhattan,Yorkville West,Weekday,16,22,22,7,2,115,143.0
263,Manhattan,Yorkville West,Weekday,17,22,22,5,5,141,183.5
263,Manhattan,Yorkville West,Weekday,18,22,22,7,2,148,198.5
263,Manhattan,Yorkville West,Weekday,19,22,22,3,0,130,176.0
263,Manhattan,Yorkville West,Weekday,20,22,22,1,0,113,173.5
263,Manhattan,Yorkville West,Weekday,21,22,22,0,0,107,191.5
263,Manhattan,Yorkville West,Weekday,22,22,22,0,0,88,151.0
263,Manhattan,Yorkville West,Weekday,23,22,22,0,0,61,110.5
263,Manhattan,Yorkville West,Weekend,0,8,8,0,0,172,222.5
263,Manhattan,Yorkville West,Weekend,1,8,8,0,0,123,162.0
263,Manhattan,Yorkville West,Weekend,2,8,8,0,0,82,123.5
263,Manhattan,Yorkville West,Weekend,3,8,8,0,0,57,89.5
263,Manhattan,Yorkville West,Weekend,4,8,8,0,0,57,64.0
263,Manhattan,Yorkville West,Weekend,5,8,8,1,1,46,55.0
263,Manhattan,Yorkville West,Weekend,6,8,8,0,0,75,85.5
263,Manhattan,Yorkville West,Weekend,7,8,8,0,0,62,103.0
263,Manhattan,Yorkville West,Weekend,8,8,8,2,0,100,123.5
263,Manhattan,Yorkville West,Weekend,9,8,8,0,0,122,168.5
263,Manhattan,Yorkville West,Weekend,10,8,8,0,0,159,199.5
263,Manhattan,Yorkville West,Weekend,11,8,8,2,0,169,217.0
263,Manhattan,Yorkville West,Weekend,12,8,8,4,1,170,221.0
263,Manhattan,Yorkville West,Weekend,13,8,8,6,0,153,205.0
263,Manhattan,Yorkville West,Weekend,14,8,8,1,1,151,173.0
263,Manhattan,Yorkville West,Weekend,15,8,8,1,0,158,178.5
263,Manhattan,Yorkville West,Weekend,16,8,8,2,2,150,197.5
263,Manhattan,Yorkville West,Weekend,17,8,8,1,0,157,209.5
263,Manhattan,Yorkville West,Weekend,18,8,8,2,1,171,225.5
263,Manhattan,Yorkville West,Weekend,19,8,8,1,0,145,201.5
263,Manhattan,Yorkville West,Weekend,20,8,8,0,0,128,194.5
263,Manhattan,Yorkville West,Weekend,21,8,8,0,0,117,188.5
263,Manhattan,Yorkville West,Weekend,22,8,8,0,0,101,191.0
263,Manhattan,Yorkville West,Weekend,23,8,8,0,0,62,172.0
