location_id,borough,zone,day_type,request_hour,n,calendar_occurrences,requests_per_occurrence,over_10_count,over_10_per_occurrence,median_wait_min,p90_wait_min,share_over_10,city_median_wait_min,city_p90_wait_min,city_share_over_10,median_excess_min,supply_metric_requests,prior_hour_dropoffs,supply_hours_observed,local_pressure,is_airport,pressure_decile,wait_decile,disagreement_type
46,Bronx,City Island,Weekend,23,105,8,13.125,73,9.125,12.733333333333333,22.256666666666668,0.6952380952380952,5.283333333333333,12.25,0.1677525269003699,7.449999999999999,105,106,8,0.9905660377358491,false,5,10,"high long-wait share, low-to-mid pressure"
46,Bronx,City Island,Weekday,22,220,22,10.0,111,5.045454545454546,10.208333333333332,21.138333333333332,0.5045454545454545,4.316666666666666,10.283333333333333,0.10747069193979303,5.891666666666666,220,218,22,1.0091743119266054,false,5,10,"high long-wait share, low-to-mid pressure"
46,Bronx,City Island,Weekend,19,144,8,18.0,68,8.5,9.108333333333334,21.233333333333345,0.4722222222222222,4.3,10.0,0.09964006490632837,4.8083333333333345,144,149,8,0.9664429530201343,false,4,10,"high long-wait share, low-to-mid pressure"
23,Staten Island,Bloomfield/Emerson Hill,Weekday,3,173,22,7.863636363636363,80,3.6363636363636362,9.216666666666667,19.296666666666667,0.4624277456647399,4.666666666666667,10.816666666666666,0.12186100419248215,4.55,173,189,22,0.9153439153439153,false,4,10,"high long-wait share, low-to-mid pressure"
109,Staten Island,Great Kills,Weekend,3,113,8,14.125,51,6.375,8.75,18.02,0.45132743362831856,5.016666666666667,11.416666666666666,0.14056691137983332,3.7333333333333334,113,145,8,0.7793103448275862,false,3,10,"high long-wait share, low-to-mid pressure"
115,Staten Island,Grymes Hill/Clifton,Weekday,3,105,22,4.7727272727272725,47,2.1363636363636362,8.916666666666666,18.03,0.44761904761904764,4.666666666666667,10.816666666666666,0.12186100419248215,4.249999999999999,105,142,22,0.7394366197183099,false,2,10,"high long-wait share, low-to-mid pressure"
46,Bronx,City Island,Weekend,20,143,8,17.875,64,8.0,8.95,18.946666666666665,0.44755244755244755,4.366666666666666,10.183333333333334,0.10420757738252621,4.583333333333333,143,145,8,0.9862068965517241,false,5,10,"high long-wait share, low-to-mid pressure"
118,Staten Island,Heartland Village/Todt Hill,Weekend,1,111,8,13.875,49,6.125,9.066666666666666,16.316666666666666,0.44144144144144143,4.466666666666667,10.033333333333333,0.10095353961802017,4.6,111,159,8,0.6981132075471698,false,2,10,"high long-wait share, low-to-mid pressure"
117,Queens,Hammels/Arverne,Weekday,2,312,22,14.181818181818182,134,6.090909090909091,8.858333333333334,19.111666666666668,0.42948717948717946,4.166666666666667,9.733333333333333,0.0917155118275068,4.691666666666667,312,649,22,0.48073959938366717,false,1,10,"high long-wait share, low-to-mid pressure"
117,Queens,Hammels/Arverne,Weekday,3,292,22,13.272727272727273,124,5.636363636363637,8.991666666666667,18.296666666666674,0.4246575342465753,4.666666666666667,10.816666666666666,0.12186100419248215,4.325,292,404,22,0.7227722772277227,false,2,10,"high long-wait share, low-to-mid pressure"
206,Staten Island,Saint George/New Brighton,Weekend,1,351,8,43.875,147,18.375,8.866666666666667,16.616666666666667,0.4188034188034188,4.466666666666667,10.033333333333333,0.10095353961802017,4.4,351,441,8,0.7959183673469388,false,3,10,"high long-wait share, low-to-mid pressure"
175,Queens,Oakland Gardens,Weekend,23,156,8,19.5,65,8.125,8.541666666666666,17.233333333333334,0.4166666666666667,5.283333333333333,12.25,0.1677525269003699,3.258333333333333,156,177,8,0.8813559322033898,false,3,10,"high long-wait share, low-to-mid pressure"
46,Bronx,City Island,Weekday,10,104,22,4.7272727272727275,43,1.9545454545454546,8.591666666666667,16.095000000000002,0.41346153846153844,3.45,7.633333333333334,0.04230817137064033,5.141666666666667,104,117,22,0.8888888888888888,false,3,10,"high long-wait share, low-to-mid pressure"
23,Staten Island,Bloomfield/Emerson Hill,Weekday,2,172,22,7.818181818181818,69,3.1363636363636362,8.675,19.038333333333334,0.4011627906976744,4.166666666666667,9.733333333333333,0.0917155118275068,4.508333333333334,172,357,22,0.48179271708683474,false,1,10,"high long-wait share, low-to-mid pressure"
46,Bronx,City Island,Weekday,19,200,22,9.090909090909092,80,3.6363636363636362,8.341666666666667,17.23333333333333,0.4,3.4833333333333334,8.0,0.05254564746723257,4.858333333333333,200,372,22,0.5376344086021505,false,1,10,"high long-wait share, low-to-mid pressure"
214,Staten Island,South Beach/Dongan Hills,Weekend,23,195,8,24.375,77,9.625,8.1,17.283333333333335,0.39487179487179486,5.283333333333333,12.25,0.1677525269003699,2.8166666666666664,195,200,8,0.975,false,4,10,"high long-wait share, low-to-mid pressure"
44,Staten Island,Charleston/Tottenville,Weekend,1,112,8,14.0,44,5.5,8.008333333333333,18.06666666666667,0.39285714285714285,4.466666666666667,10.033333333333333,0.10095353961802017,3.541666666666666,112,119,8,0.9411764705882353,false,4,10,"high long-wait share, low-to-mid pressure"
117,Queens,Hammels/Arverne,Weekend,22,467,8,58.375,183,22.875,8.45,18.62666666666667,0.39186295503211993,4.966666666666667,11.65,0.14563746000492248,3.4833333333333325,467,500,8,0.934,false,4,10,"high long-wait share, low-to-mid pressure"
201,Queens,Rockaway Park,Weekend,23,202,8,25.25,78,9.75,8.491666666666667,18.908333333333335,0.38613861386138615,5.283333333333333,12.25,0.1677525269003699,3.208333333333334,202,216,8,0.9351851851851852,false,4,10,"high long-wait share, low-to-mid pressure"
23,Staten Island,Bloomfield/Emerson Hill,Weekend,2,122,8,15.25,47,5.875,8.216666666666667,16.246666666666666,0.38524590163934425,4.666666666666667,10.383333333333333,0.11081332529840253,3.55,122,269,8,0.45353159851301117,false,1,10,"high long-wait share, low-to-mid pressure"
206,Staten Island,Saint George/New Brighton,Weekend,3,230,8,28.75,88,11.0,8.45,18.545,0.3826086956521739,5.016666666666667,11.416666666666666,0.14056691137983332,3.4333333333333327,230,232,8,0.9913793103448276,false,5,10,"high long-wait share, low-to-mid pressure"
206,Staten Island,Saint George/New Brighton,Weekend,2,265,8,33.125,101,12.625,8.316666666666666,16.549999999999997,0.38113207547169814,4.666666666666667,10.383333333333333,0.11081332529840253,3.6499999999999995,265,350,8,0.7571428571428571,false,2,10,"high long-wait share, low-to-mid pressure"
214,Staten Island,South Beach/Dongan Hills,Weekend,0,163,8,20.375,62,7.75,8.216666666666667,18.900000000000002,0.3803680981595092,4.833333333333333,10.8,0.12398178784175715,3.3833333333333337,163,191,8,0.8534031413612565,false,3,10,"high long-wait share, low-to-mid pressure"
6,Staten Island,Arrochar/Fort Wadsworth,Weekend,23,112,8,14.0,42,5.25,7.633333333333333,17.055,0.375,5.283333333333333,12.25,0.1677525269003699,2.3499999999999996,112,136,8,0.8235294117647058,false,3,10,"high long-wait share, low-to-mid pressure"
109,Staten Island,Great Kills,Weekend,23,142,8,17.75,53,6.625,7.683333333333334,16.428333333333335,0.3732394366197183,5.283333333333333,12.25,0.1677525269003699,2.4000000000000004,142,167,8,0.8502994011976048,false,3,10,"high long-wait share, low-to-mid pressure"
46,Bronx,City Island,Weekday,21,245,22,11.136363636363637,91,4.136363636363637,8.55,16.773333333333333,0.37142857142857144,4.0,9.65,0.09069898848801876,4.550000000000001,245,273,22,0.8974358974358975,false,4,10,"high long-wait share, low-to-mid pressure"
203,Queens,Rosedale,Weekend,23,411,8,51.375,152,19.0,8.166666666666666,15.733333333333333,0.36982968369829683,5.283333333333333,12.25,0.1677525269003699,2.883333333333333,411,412,8,0.9975728155339806,false,5,10,"high long-wait share, low-to-mid pressure"
101,Queens,Glen Oaks,Weekend,0,133,8,16.625,48,6.0,7.45,16.96,0.3609022556390977,4.833333333333333,10.8,0.12398178784175715,2.616666666666667,133,203,8,0.6551724137931034,false,2,10,"high long-wait share, low-to-mid pressure"
201,Queens,Rockaway Park,Weekend,22,194,8,24.25,70,8.75,8.233333333333334,17.028333333333336,0.36082474226804123,4.966666666666667,11.65,0.14563746000492248,3.2666666666666675,194,210,8,0.9238095238095239,false,4,10,"high long-wait share, low-to-mid pressure"
117,Queens,Hammels/Arverne,Weekend,21,490,8,61.25,176,22.0,7.55,17.455,0.35918367346938773,4.5,10.683333333333334,0.11742836553102828,3.05,490,489,8,1.0020449897750512,false,5,10,"high long-wait share, low-to-mid pressure"
117,Queens,Hammels/Arverne,Weekend,20,518,8,64.75,186,23.25,7.6,16.918333333333337,0.3590733590733591,4.366666666666666,10.183333333333334,0.10420757738252621,3.2333333333333334,518,518,8,1.0,false,5,10,"high long-wait share, low-to-mid pressure"
15,Queens,Bay Terrace/Fort Totten,Weekend,22,171,8,21.375,61,7.625,8.05,15.883333333333333,0.3567251461988304,4.966666666666667,11.65,0.14563746000492248,3.083333333333334,171,191,8,0.8952879581151832,false,4,10,"high long-wait share, low-to-mid pressure"
201,Queens,Rockaway Park,Weekend,20,208,8,26.0,74,9.25,7.625,19.673333333333336,0.3557692307692308,4.366666666666666,10.183333333333334,0.10420757738252621,3.2583333333333337,208,201,8,1.0348258706467661,false,5,10,"high long-wait share, low-to-mid pressure"
19,Queens,Bellerose,Weekday,3,134,22,6.090909090909091,47,2.1363636363636362,8.025,14.855,0.35074626865671643,4.666666666666667,10.816666666666666,0.12186100419248215,3.3583333333333334,134,131,22,1.0229007633587786,false,5,10,"high long-wait share, low-to-mid pressure"
118,Staten Island,Heartland Village/Todt Hill,Weekday,0,218,22,9.909090909090908,76,3.4545454545454546,7.533333333333333,15.888333333333334,0.3486238532110092,4.0,10.083333333333334,0.10177437556229296,3.533333333333333,208,288,21,0.7222222222222222,false,2,10,"high long-wait share, low-to-mid pressure"
118,Staten Island,Heartland Village/Todt Hill,Weekend,0,175,8,21.875,60,7.5,7.866666666666666,17.343333333333334,0.34285714285714286,4.833333333333333,10.8,0.12398178784175715,3.033333333333333,175,205,8,0.8536585365853658,false,3,10,"high long-wait share, low-to-mid pressure"
46,Bronx,City Island,Weekday,14,117,22,5.318181818181818,40,1.8181818181818181,7.866666666666666,16.053333333333335,0.3418803418803419,3.933333333333333,8.916666666666666,0.07243988855829954,3.933333333333333,117,138,22,0.8478260869565217,false,3,10,"high long-wait share, low-to-mid pressure"
86,Queens,Far Rockaway,Weekend,22,561,8,70.125,191,23.875,7.733333333333333,16.783333333333335,0.3404634581105169,4.966666666666667,11.65,0.14563746000492248,2.7666666666666666,561,603,8,0.9303482587064676,false,4,10,"high long-wait share, low-to-mid pressure"
15,Queens,Bay Terrace/Fort Totten,Weekend,23,141,8,17.625,48,6.0,7.416666666666667,15.05,0.3404255319148936,5.283333333333333,12.25,0.1677525269003699,2.1333333333333337,141,185,8,0.7621621621621621,false,2,10,"high long-wait share, low-to-mid pressure"
206,Staten Island,Saint George/New Brighton,Weekend,23,459,8,57.375,156,19.5,7.75,17.439999999999998,0.33986928104575165,5.283333333333333,12.25,0.1677525269003699,2.466666666666667,459,561,8,0.8181818181818182,false,3,10,"high long-wait share, low-to-mid pressure"
53,Queens,College Point,Weekend,23,462,8,57.75,157,19.625,7.708333333333334,16.810000000000002,0.3398268398268398,5.283333333333333,12.25,0.1677525269003699,2.4250000000000007,462,571,8,0.809106830122592,false,3,10,"high long-wait share, low-to-mid pressure"
44,Staten Island,Charleston/Tottenville,Weekend,21,115,8,14.375,39,4.875,7.7,16.753333333333334,0.3391304347826087,4.5,10.683333333333334,0.11742836553102828,3.2,115,117,8,0.9829059829059829,false,5,10,"high long-wait share, low-to-mid pressure"
98,Queens,Fresh Meadows,Weekday,3,116,22,5.2727272727272725,39,1.7727272727272727,7.3916666666666675,14.833333333333332,0.33620689655172414,4.666666666666667,10.816666666666666,0.12186100419248215,2.7250000000000005,116,134,22,0.8656716417910447,false,3,10,"high long-wait share, low-to-mid pressure"
46,Bronx,City Island,Weekend,15,102,8,12.75,34,4.25,6.883333333333333,15.41,0.3333333333333333,4.15,9.133333333333333,0.07782127108393573,2.7333333333333325,102,178,8,0.5730337078651685,false,1,10,"high long-wait share, low-to-mid pressure"
156,Staten Island,Mariners Harbor,Weekday,2,135,22,6.136363636363637,45,2.0454545454545454,7.15,16.910000000000007,0.3333333333333333,4.166666666666667,9.733333333333333,0.0917155118275068,2.9833333333333334,135,271,22,0.4981549815498155,false,1,10,"high long-wait share, low-to-mid pressure"
109,Staten Island,Great Kills,Weekend,21,172,8,21.5,57,7.125,7.583333333333333,20.24333333333334,0.3313953488372093,4.5,10.683333333333334,0.11742836553102828,3.083333333333333,172,190,8,0.9052631578947369,false,4,10,"high long-wait share, low-to-mid pressure"
109,Staten Island,Great Kills,Weekday,0,157,22,7.136363636363637,52,2.3636363636363638,7.733333333333333,17.156666666666666,0.33121019108280253,4.0,10.083333333333334,0.10177437556229296,3.7333333333333334,155,330,21,0.4696969696969697,false,1,10,"high long-wait share, low-to-mid pressure"
23,Staten Island,Bloomfield/Emerson Hill,Weekend,21,337,8,42.125,110,13.75,7.65,15.583333333333341,0.3264094955489614,4.5,10.683333333333334,0.11742836553102828,3.1500000000000004,337,359,8,0.9387186629526463,false,4,10,"high long-wait share, low-to-mid pressure"
172,Staten Island,New Dorp/Midland Beach,Weekday,23,289,22,13.136363636363637,94,4.2727272727272725,7.483333333333333,16.22333333333333,0.32525951557093424,4.3,10.3,0.1080249373933054,3.1833333333333336,289,325,22,0.8892307692307693,false,3,10,"high long-wait share, low-to-mid pressure"
206,Staten Island,Saint George/New Brighton,Weekday,2,286,22,13.0,93,4.2272727272727275,7.341666666666667,15.558333333333334,0.32517482517482516,4.166666666666667,9.733333333333333,0.0917155118275068,3.175,286,501,22,0.5708582834331337,false,1,10,"high long-wait share, low-to-mid pressure"
46,Bronx,City Island,Weekend,18,154,8,19.25,50,6.25,6.791666666666667,17.600000000000005,0.3246753246753247,4.066666666666666,9.2,0.07939565130134463,2.7250000000000005,154,159,8,0.9685534591194969,false,4,10,"high long-wait share, low-to-mid pressure"
183,Bronx,Pelham Bay,Weekend,23,302,8,37.75,98,12.25,7.5,14.625000000000004,0.32450331125827814,5.283333333333333,12.25,0.1677525269003699,2.216666666666667,302,318,8,0.949685534591195,false,4,10,"high long-wait share, low-to-mid pressure"
51,Bronx,Co-Op City,Weekday,3,405,22,18.40909090909091,131,5.954545454545454,7.583333333333333,15.616666666666667,0.3234567901234568,4.666666666666667,10.816666666666666,0.12186100419248215,2.916666666666666,405,434,22,0.9331797235023042,false,4,10,"high long-wait share, low-to-mid pressure"
46,Bronx,City Island,Weekday,15,124,22,5.636363636363637,40,1.8181818181818181,6.35,16.248333333333335,0.3225806451612903,3.816666666666667,8.583333333333334,0.0639323622332819,2.5333333333333328,124,166,22,0.7469879518072289,false,2,10,"high long-wait share, low-to-mid pressure"
46,Bronx,City Island,Weekend,16,122,8,15.25,39,4.875,6.824999999999999,18.53333333333334,0.319672131147541,4.016666666666667,9.066666666666666,0.07574087796968718,2.8083333333333327,122,147,8,0.8299319727891157,false,3,10,"high long-wait share, low-to-mid pressure"
23,Staten Island,Bloomfield/Emerson Hill,Weekday,1,216,22,9.818181818181818,69,3.1363636363636362,6.225,16.225,0.3194444444444444,3.9166666666666665,9.5,0.0863389263499033,2.308333333333333,216,529,22,0.40831758034026466,false,1,10,"high long-wait share, low-to-mid pressure"
187,Staten Island,Port Richmond,Weekend,23,166,8,20.75,53,6.625,7.466666666666667,14.533333333333335,0.3192771084337349,5.283333333333333,12.25,0.1677525269003699,2.1833333333333336,166,196,8,0.8469387755102041,false,3,10,"high long-wait share, low-to-mid pressure"
175,Queens,Oakland Gardens,Weekend,22,160,8,20.0,51,6.375,7.716666666666667,15.366666666666667,0.31875,4.966666666666667,11.65,0.14563746000492248,2.75,160,174,8,0.9195402298850575,false,4,10,"high long-wait share, low-to-mid pressure"
23,Staten Island,Bloomfield/Emerson Hill,Weekend,23,270,8,33.75,86,10.75,7.866666666666666,16.859999999999996,0.31851851851851853,5.283333333333333,12.25,0.1677525269003699,2.583333333333333,270,373,8,0.7238605898123325,false,2,10,"high long-wait share, low-to-mid pressure"
86,Queens,Far Rockaway,Weekday,3,366,22,16.636363636363637,116,5.2727272727272725,6.85,17.183333333333334,0.31693989071038253,4.666666666666667,10.816666666666666,0.12186100419248215,2.1833333333333327,366,469,22,0.7803837953091685,false,3,10,"high long-wait share, low-to-mid pressure"
206,Staten Island,Saint George/New Brighton,Weekend,22,608,8,76.0,192,24.0,7.1,16.03166666666667,0.3157894736842105,4.966666666666667,11.65,0.14563746000492248,2.133333333333333,608,650,8,0.9353846153846154,false,4,10,"high long-wait share, low-to-mid pressure"
176,Staten Island,Oakwood,Weekday,23,146,22,6.636363636363637,46,2.090909090909091,8.083333333333334,15.933333333333334,0.3150684931506849,4.3,10.3,0.1080249373933054,3.783333333333334,146,198,22,0.7373737373737373,false,2,10,"high long-wait share, low-to-mid pressure"
156,Staten Island,Mariners Harbor,Weekend,2,102,8,12.75,32,4.0,7.341666666666667,19.88166666666668,0.3137254901960784,4.666666666666667,10.383333333333333,0.11081332529840253,2.675,102,196,8,0.5204081632653061,false,1,10,"high long-wait share, low-to-mid pressure"
15,Queens,Bay Terrace/Fort Totten,Weekday,0,102,22,4.636363636363637,32,1.4545454545454546,6.966666666666667,16.150000000000002,0.3137254901960784,4.0,10.083333333333334,0.10177437556229296,2.966666666666667,100,354,21,0.2824858757062147,false,1,10,"high long-wait share, low-to-mid pressure"
245,Staten Island,West Brighton,Weekend,22,189,8,23.625,59,7.375,7.833333333333333,17.163333333333334,0.31216931216931215,4.966666666666667,11.65,0.14563746000492248,2.8666666666666663,189,222,8,0.8513513513513513,false,3,10,"high long-wait share, low-to-mid pressure"
115,Staten Island,Grymes Hill/Clifton,Weekend,23,164,8,20.5,51,6.375,6.7,16.720000000000013,0.31097560975609756,5.283333333333333,12.25,0.1677525269003699,1.416666666666667,164,198,8,0.8282828282828283,false,3,10,"high long-wait share, low-to-mid pressure"
172,Staten Island,New Dorp/Midland Beach,Weekday,0,158,22,7.181818181818182,49,2.227272727272727,7.108333333333333,15.588333333333338,0.310126582278481,4.0,10.083333333333334,0.10177437556229296,3.1083333333333334,151,191,20,0.7905759162303665,false,3,10,"high long-wait share, low-to-mid pressure"
86,Queens,Far Rockaway,Weekend,4,171,8,21.375,53,6.625,7.166666666666667,15.166666666666666,0.30994152046783624,5.366666666666666,12.066666666666666,0.1614305787534134,1.8000000000000007,171,267,8,0.6404494382022472,false,2,10,"high long-wait share, low-to-mid pressure"
200,Bronx,Riverdale/North Riverdale/Fieldston,Weekday,1,252,22,11.454545454545455,78,3.5454545454545454,6.558333333333334,15.108333333333334,0.30952380952380953,3.9166666666666665,9.5,0.0863389263499033,2.641666666666667,252,774,22,0.32558139534883723,false,1,10,"high long-wait share, low-to-mid pressure"
208,Bronx,Schuylerville/Edgewater Park,Weekend,22,1165,8,145.625,357,44.625,7.416666666666667,15.390000000000008,0.30643776824034336,4.966666666666667,11.65,0.14563746000492248,2.45,1165,1123,8,1.03739982190561,false,5,10,"high long-wait share, low-to-mid pressure"
23,Staten Island,Bloomfield/Emerson Hill,Weekend,1,141,8,17.625,43,5.375,6.533333333333333,16.016666666666666,0.3049645390070922,4.466666666666667,10.033333333333333,0.10095353961802017,2.0666666666666664,141,306,8,0.46078431372549017,false,1,10,"high long-wait share, low-to-mid pressure"
117,Queens,Hammels/Arverne,Weekend,3,161,8,20.125,49,6.125,7.816666666666666,17.266666666666666,0.30434782608695654,5.016666666666667,11.416666666666666,0.14056691137983332,2.8,161,310,8,0.5193548387096775,false,1,10,"high long-wait share, low-to-mid pressure"
117,Queens,Hammels/Arverne,Weekend,19,503,8,62.875,153,19.125,6.866666666666666,16.58,0.30417495029821073,4.3,10.0,0.09964006490632837,2.5666666666666664,503,525,8,0.9580952380952381,false,4,10,"high long-wait share, low-to-mid pressure"
19,Queens,Bellerose,Weekday,2,102,22,4.636363636363637,31,1.4090909090909092,6.575,14.341666666666667,0.30392156862745096,4.166666666666667,9.733333333333333,0.0917155118275068,2.408333333333333,102,185,22,0.5513513513513514,false,1,10,"high long-wait share, low-to-mid pressure"
115,Staten Island,Grymes Hill/Clifton,Weekend,22,218,8,27.25,66,8.25,7.316666666666666,16.43,0.30275229357798167,4.966666666666667,11.65,0.14563746000492248,2.3499999999999996,218,268,8,0.8134328358208955,false,3,10,"high long-wait share, low-to-mid pressure"
187,Staten Island,Port Richmond,Weekday,1,129,22,5.863636363636363,39,1.7727272727272727,7.033333333333333,16.386666666666667,0.3023255813953488,3.9166666666666665,9.5,0.0863389263499033,3.1166666666666667,129,281,22,0.45907473309608543,false,1,10,"high long-wait share, low-to-mid pressure"
46,Bronx,City Island,Weekday,20,235,22,10.681818181818182,71,3.227272727272727,7.3,15.099999999999998,0.3021276595744681,3.6166666666666667,8.516666666666667,0.06397281094931385,3.683333333333333,235,328,22,0.7164634146341463,false,2,10,"high long-wait share, low-to-mid pressure"
221,Staten Island,Stapleton,Weekday,2,169,22,7.681818181818182,51,2.3181818181818183,6.816666666666666,16.140000000000008,0.30177514792899407,4.166666666666667,9.733333333333333,0.0917155118275068,2.6499999999999995,169,270,21,0.6259259259259259,false,2,10,"high long-wait share, low-to-mid pressure"
53,Queens,College Point,Weekend,22,369,8,46.125,111,13.875,6.683333333333334,15.479999999999999,0.3008130081300813,4.966666666666667,11.65,0.14563746000492248,1.7166666666666668,369,483,8,0.7639751552795031,false,2,10,"high long-wait share, low-to-mid pressure"
6,Staten Island,Arrochar/Fort Wadsworth,Weekend,22,121,8,15.125,36,4.5,6.533333333333333,15.35,0.2975206611570248,4.966666666666667,11.65,0.14563746000492248,1.5666666666666664,121,149,8,0.8120805369127517,false,3,10,"high long-wait share, low-to-mid pressure"
44,Staten Island,Charleston/Tottenville,Weekday,23,212,22,9.636363636363637,63,2.8636363636363638,7.05,16.488333333333337,0.2971698113207547,4.3,10.3,0.1080249373933054,2.75,212,239,22,0.8870292887029289,false,3,10,"high long-wait share, low-to-mid pressure"
101,Queens,Glen Oaks,Weekday,0,290,22,13.181818181818182,86,3.909090909090909,7.183333333333334,15.316666666666674,0.296551724137931,4.0,10.083333333333334,0.10177437556229296,3.1833333333333336,272,459,21,0.5925925925925926,false,2,10,"high long-wait share, low-to-mid pressure"
64,Queens,Douglaston,Weekend,0,108,8,13.5,32,4.0,7.091666666666667,14.783333333333331,0.2962962962962963,4.833333333333333,10.8,0.12398178784175715,2.2583333333333337,108,176,8,0.6136363636363636,false,2,10,"high long-wait share, low-to-mid pressure"
5,Staten Island,Arden Heights,Weekday,21,132,22,6.0,39,1.7727272727272727,6.491666666666667,13.631666666666668,0.29545454545454547,4.0,9.65,0.09069898848801876,2.491666666666667,132,265,22,0.4981132075471698,false,1,10,"high long-wait share, low-to-mid pressure"
38,Queens,Cambria Heights,Weekend,23,183,8,22.875,54,6.75,7.033333333333333,15.093333333333335,0.29508196721311475,5.283333333333333,12.25,0.1677525269003699,1.75,183,250,8,0.732,false,2,10,"high long-wait share, low-to-mid pressure"
15,Queens,Bay Terrace/Fort Totten,Weekend,21,221,8,27.625,65,8.125,7.183333333333334,16.833333333333332,0.29411764705882354,4.5,10.683333333333334,0.11742836553102828,2.6833333333333336,221,213,8,1.0375586854460095,false,5,10,"high long-wait share, low-to-mid pressure"
58,Bronx,Country Club,Weekday,22,187,22,8.5,55,2.5,7.116666666666666,14.596666666666668,0.29411764705882354,4.316666666666666,10.283333333333333,0.10747069193979303,2.8,187,272,22,0.6875,false,2,10,"high long-wait share, low-to-mid pressure"
221,Staten Island,Stapleton,Weekday,3,194,22,8.818181818181818,57,2.590909090909091,7.458333333333334,15.883333333333333,0.29381443298969073,4.666666666666667,10.816666666666666,0.12186100419248215,2.791666666666667,194,197,22,0.9847715736040609,false,5,10,"high long-wait share, low-to-mid pressure"
46,Bronx,City Island,Weekday,16,160,22,7.2727272727272725,47,2.1363636363636362,6.841666666666667,16.36333333333333,0.29375,3.7666666666666666,8.533333333333333,0.06292970908776607,3.075,160,235,22,0.6808510638297872,false,2,10,"high long-wait share, low-to-mid pressure"
117,Queens,Hammels/Arverne,Weekend,4,167,8,20.875,49,6.125,7.083333333333333,15.440000000000001,0.2934131736526946,5.366666666666666,12.066666666666666,0.1614305787534134,1.7166666666666668,167,252,8,0.6626984126984127,false,2,10,"high long-wait share, low-to-mid pressure"
83,Queens,Elmhurst/Maspeth,Weekend,3,634,8,79.25,186,23.25,7.041666666666666,15.446666666666669,0.29337539432176657,5.016666666666667,11.416666666666666,0.14056691137983332,2.0249999999999995,634,681,8,0.9309838472834068,false,4,10,"high long-wait share, low-to-mid pressure"
201,Queens,Rockaway Park,Weekend,3,116,8,14.5,34,4.25,7.1,17.616666666666667,0.29310344827586204,5.016666666666667,11.416666666666666,0.14056691137983332,2.083333333333333,116,157,8,0.7388535031847133,false,2,10,"high long-wait share, low-to-mid pressure"
109,Staten Island,Great Kills,Weekday,1,113,22,5.136363636363637,33,1.5,7.833333333333333,16.416666666666664,0.2920353982300885,3.9166666666666665,9.5,0.0863389263499033,3.9166666666666665,113,200,19,0.565,false,1,10,"high long-wait share, low-to-mid pressure"
203,Queens,Rosedale,Weekend,4,209,8,26.125,61,7.625,7.55,15.223333333333334,0.291866028708134,5.366666666666666,12.066666666666666,0.1614305787534134,2.1833333333333336,209,205,8,1.0195121951219512,false,5,10,"high long-wait share, low-to-mid pressure"
118,Staten Island,Heartland Village/Todt Hill,Weekday,23,453,22,20.59090909090909,132,6.0,6.966666666666667,15.393333333333334,0.2913907284768212,4.3,10.3,0.1080249373933054,2.666666666666667,453,442,22,1.0248868778280542,false,5,10,"high long-wait share, low-to-mid pressure"
206,Staten Island,Saint George/New Brighton,Weekend,0,419,8,52.375,122,15.25,7.1,15.88333333333333,0.2911694510739857,4.833333333333333,10.8,0.12398178784175715,2.2666666666666666,419,582,8,0.7199312714776632,false,2,10,"high long-wait share, low-to-mid pressure"
109,Staten Island,Great Kills,Weekend,2,110,8,13.75,32,4.0,7.05,14.676666666666668,0.2909090909090909,4.666666666666667,10.383333333333333,0.11081332529840253,2.383333333333333,110,195,8,0.5641025641025641,false,1,10,"high long-wait share, low-to-mid pressure"
101,Queens,Glen Oaks,Weekday,1,131,22,5.954545454545454,38,1.7272727272727273,7.45,15.683333333333334,0.2900763358778626,3.9166666666666665,9.5,0.0863389263499033,3.5333333333333337,131,265,22,0.49433962264150944,false,1,10,"high long-wait share, low-to-mid pressure"
201,Queens,Rockaway Park,Weekend,19,197,8,24.625,57,7.125,6.15,15.66,0.2893401015228426,4.3,10.0,0.09964006490632837,1.8500000000000005,197,196,8,1.0051020408163265,false,5,10,"high long-wait share, low-to-mid pressure"
156,Staten Island,Mariners Harbor,Weekend,23,260,8,32.5,75,9.375,6.691666666666666,16.091666666666665,0.28846153846153844,5.283333333333333,12.25,0.1677525269003699,1.4083333333333332,260,320,8,0.8125,false,3,10,"high long-wait share, low-to-mid pressure"
155,Brooklyn,Marine Park/Mill Basin,Weekday,2,223,22,10.136363636363637,64,2.909090909090909,6.55,15.01666666666667,0.28699551569506726,4.166666666666667,9.733333333333333,0.0917155118275068,2.383333333333333,223,515,22,0.4330097087378641,false,1,10,"high long-wait share, low-to-mid pressure"
201,Queens,Rockaway Park,Weekday,0,157,22,7.136363636363637,45,2.0454545454545454,7.15,14.42666666666667,0.28662420382165604,4.0,10.083333333333334,0.10177437556229296,3.1500000000000004,152,353,21,0.43059490084985835,false,1,10,"high long-wait share, low-to-mid pressure"
201,Queens,Rockaway Park,Weekend,0,241,8,30.125,69,8.625,6.616666666666666,14.366666666666667,0.2863070539419087,4.833333333333333,10.8,0.12398178784175715,1.7833333333333332,241,312,8,0.7724358974358975,false,2,10,"high long-wait share, low-to-mid pressure"
117,Queens,Hammels/Arverne,Weekend,23,490,8,61.25,140,17.5,7.35,16.616666666666667,0.2857142857142857,5.283333333333333,12.25,0.1677525269003699,2.0666666666666664,490,502,8,0.9760956175298805,false,4,10,"high long-wait share, low-to-mid pressure"
156,Staten Island,Mariners Harbor,Weekend,0,207,8,25.875,59,7.375,6.433333333333334,13.983333333333334,0.28502415458937197,4.833333333333333,10.8,0.12398178784175715,1.6000000000000005,207,338,8,0.6124260355029586,false,2,10,"high long-wait share, low-to-mid pressure"
53,Queens,College Point,Weekday,3,377,22,17.136363636363637,107,4.863636363636363,7.216666666666667,14.536666666666669,0.2838196286472148,4.666666666666667,10.816666666666666,0.12186100419248215,2.55,377,396,22,0.952020202020202,false,4,10,"high long-wait share, low-to-mid pressure"
117,Queens,Hammels/Arverne,Weekday,1,370,22,16.818181818181817,105,4.7727272727272725,6.616666666666666,15.531666666666672,0.28378378378378377,3.9166666666666665,9.5,0.0863389263499033,2.6999999999999997,370,885,22,0.4180790960451977,false,1,10,"high long-wait share, low-to-mid pressure"
200,Bronx,Riverdale/North Riverdale/Fieldston,Weekday,3,134,22,6.090909090909091,38,1.7272727272727273,7.383333333333333,14.538333333333336,0.2835820895522388,4.666666666666667,10.816666666666666,0.12186100419248215,2.716666666666666,134,290,22,0.46206896551724136,false,1,10,"high long-wait share, low-to-mid pressure"
109,Staten Island,Great Kills,Weekend,22,166,8,20.75,47,5.875,7.75,15.708333333333334,0.28313253012048195,4.966666666666667,11.65,0.14563746000492248,2.783333333333333,166,210,8,0.7904761904761904,false,3,10,"high long-wait share, low-to-mid pressure"
208,Bronx,Schuylerville/Edgewater Park,Weekend,23,909,8,113.625,257,32.125,7.383333333333334,14.053333333333335,0.28272827282728275,5.283333333333333,12.25,0.1677525269003699,2.1000000000000005,909,962,8,0.9449064449064449,false,4,10,"high long-wait share, low-to-mid pressure"
222,Brooklyn,Starrett City,Weekend,23,267,8,33.375,75,9.375,7.55,15.296666666666667,0.2808988764044944,5.283333333333333,12.25,0.1677525269003699,2.2666666666666666,267,424,8,0.6297169811320755,false,2,10,"high long-wait share, low-to-mid pressure"
86,Queens,Far Rockaway,Weekend,23,475,8,59.375,133,16.625,6.833333333333333,15.493333333333332,0.28,5.283333333333333,12.25,0.1677525269003699,1.5499999999999998,475,583,8,0.8147512864493996,false,3,10,"high long-wait share, low-to-mid pressure"
53,Queens,College Point,Weekend,21,397,8,49.625,111,13.875,6.633333333333334,15.006666666666673,0.2795969773299748,4.5,10.683333333333334,0.11742836553102828,2.1333333333333337,397,532,8,0.7462406015037594,false,2,10,"high long-wait share, low-to-mid pressure"
122,Queens,Hollis,Weekday,3,247,22,11.227272727272727,69,3.1363636363636362,6.35,15.273333333333333,0.2793522267206478,4.666666666666667,10.816666666666666,0.12186100419248215,1.6833333333333327,247,246,22,1.0040650406504066,false,5,10,"high long-wait share, low-to-mid pressure"
221,Staten Island,Stapleton,Weekday,1,244,22,11.090909090909092,68,3.090909090909091,6.699999999999999,15.813333333333341,0.2786885245901639,3.9166666666666665,9.5,0.0863389263499033,2.7833333333333328,244,497,22,0.4909456740442656,false,1,10,"high long-wait share, low-to-mid pressure"
86,Queens,Far Rockaway,Weekday,2,323,22,14.681818181818182,90,4.090909090909091,6.966666666666667,15.61666666666667,0.2786377708978328,4.166666666666667,9.733333333333333,0.0917155118275068,2.8,323,728,22,0.44368131868131866,false,1,10,"high long-wait share, low-to-mid pressure"
70,Queens,East Elmhurst,Weekend,23,594,8,74.25,165,20.625,6.466666666666667,14.849999999999998,0.2777777777777778,5.283333333333333,12.25,0.1677525269003699,1.1833333333333336,594,843,8,0.7046263345195729,false,2,10,"high long-wait share, low-to-mid pressure"
201,Queens,Rockaway Park,Weekday,22,332,22,15.090909090909092,92,4.181818181818182,6.6416666666666675,15.415000000000012,0.27710843373493976,4.316666666666666,10.283333333333333,0.10747069193979303,2.325000000000001,332,385,22,0.8623376623376623,false,3,10,"high long-wait share, low-to-mid pressure"
222,Brooklyn,Starrett City,Weekend,20,358,8,44.75,99,12.375,6.65,14.701666666666668,0.276536312849162,4.366666666666666,10.183333333333334,0.10420757738252621,2.283333333333334,358,347,8,1.031700288184438,false,5,10,"high long-wait share, low-to-mid pressure"
81,Bronx,Eastchester,Weekday,3,444,22,20.181818181818183,122,5.545454545454546,6.425000000000001,15.036666666666665,0.2747747747747748,4.666666666666667,10.816666666666666,0.12186100419248215,1.7583333333333337,444,480,22,0.925,false,4,10,"high long-wait share, low-to-mid pressure"
115,Staten Island,Grymes Hill/Clifton,Weekday,0,193,22,8.772727272727273,53,2.409090909090909,5.966666666666667,16.66,0.27461139896373055,4.0,10.083333333333334,0.10177437556229296,1.9666666666666668,186,522,21,0.3563218390804598,false,1,10,"high long-wait share, low-to-mid pressure"
64,Queens,Douglaston,Weekday,0,146,22,6.636363636363637,40,1.8181818181818181,7.275,14.191666666666666,0.273972602739726,4.0,10.083333333333334,0.10177437556229296,3.2750000000000004,143,384,21,0.3723958333333333,false,1,10,"high long-wait share, low-to-mid pressure"
115,Staten Island,Grymes Hill/Clifton,Weekend,0,128,8,16.0,35,4.375,6.616666666666667,14.904999999999998,0.2734375,4.833333333333333,10.8,0.12398178784175715,1.783333333333334,128,279,8,0.45878136200716846,false,1,10,"high long-wait share, low-to-mid pressure"
117,Queens,Hammels/Arverne,Weekend,1,278,8,34.75,76,9.5,6.3916666666666675,15.311666666666667,0.2733812949640288,4.466666666666667,10.033333333333333,0.10095353961802017,1.9250000000000007,278,513,8,0.5419103313840156,false,1,10,"high long-wait share, low-to-mid pressure"
84,Staten Island,Eltingville/Annadale/Prince's Bay,Weekday,0,172,22,7.818181818181818,47,2.1363636363636362,6.866666666666667,13.971666666666668,0.27325581395348836,4.0,10.083333333333334,0.10177437556229296,2.866666666666667,159,168,21,0.9464285714285714,false,4,10,"high long-wait share, low-to-mid pressure"
118,Staten Island,Heartland Village/Todt Hill,Weekday,5,205,22,9.318181818181818,56,2.5454545454545454,6.833333333333333,13.853333333333333,0.2731707317073171,4.733333333333333,10.55,0.11488716657294443,2.0999999999999996,205,213,22,0.9624413145539906,false,4,10,"high long-wait share, low-to-mid pressure"
23,Staten Island,Bloomfield/Emerson Hill,Weekend,20,345,8,43.125,94,11.75,6.416666666666667,15.213333333333352,0.27246376811594203,4.366666666666666,10.183333333333334,0.10420757738252621,2.0500000000000007,345,415,8,0.8313253012048193,false,3,10,"high long-wait share, low-to-mid pressure"
202,Manhattan,Roosevelt Island,Weekend,22,195,8,24.375,53,6.625,7.1,14.143333333333333,0.2717948717948718,4.966666666666667,11.65,0.14563746000492248,2.133333333333333,195,215,8,0.9069767441860465,false,4,10,"high long-wait share, low-to-mid pressure"
19,Queens,Bellerose,Weekday,1,151,22,6.863636363636363,41,1.8636363636363635,7.016666666666667,14.083333333333334,0.271523178807947,3.9166666666666665,9.5,0.0863389263499033,3.1,151,322,22,0.468944099378882,false,1,10,"high long-wait share, low-to-mid pressure"
222,Brooklyn,Starrett City,Weekend,4,100,8,12.5,27,3.375,6.333333333333334,13.510000000000002,0.27,5.366666666666666,12.066666666666666,0.1614305787534134,0.9666666666666677,100,136,8,0.7352941176470589,false,2,10,"high long-wait share, low-to-mid pressure"
214,Staten Island,South Beach/Dongan Hills,Weekday,1,100,22,4.545454545454546,27,1.2272727272727273,7.25,13.268333333333336,0.27,3.9166666666666665,9.5,0.0863389263499033,3.3333333333333335,100,244,22,0.4098360655737705,false,1,10,"high long-wait share, low-to-mid pressure"
194,Manhattan,Randalls Island,Weekday,21,178,22,8.090909090909092,48,2.1818181818181817,7.366666666666666,13.843333333333334,0.2696629213483146,4.0,9.65,0.09069898848801876,3.3666666666666663,178,171,22,1.04093567251462,false,5,10,"high long-wait share, low-to-mid pressure"
6,Staten Island,Arrochar/Fort Wadsworth,Weekend,0,104,8,13.0,28,3.5,7.216666666666667,13.931666666666668,0.2692307692307692,4.833333333333333,10.8,0.12398178784175715,2.3833333333333337,104,148,8,0.7027027027027027,false,2,10,"high long-wait share, low-to-mid pressure"
245,Staten Island,West Brighton,Weekday,1,145,22,6.590909090909091,39,1.7727272727272727,7.466666666666667,15.559999999999999,0.2689655172413793,3.9166666666666665,9.5,0.0863389263499033,3.5500000000000003,145,268,22,0.5410447761194029,false,1,10,"high long-wait share, low-to-mid pressure"
204,Staten Island,Rossville/Woodrow,Weekday,22,112,22,5.090909090909091,30,1.3636363636363635,6.291666666666666,14.328333333333333,0.26785714285714285,4.316666666666666,10.283333333333333,0.10747069193979303,1.9749999999999996,112,172,22,0.6511627906976745,false,2,10,"high long-wait share, low-to-mid pressure"
206,Staten Island,Saint George/New Brighton,Weekday,1,437,22,19.863636363636363,117,5.318181818181818,6.816666666666666,14.830000000000005,0.26773455377574373,3.9166666666666665,9.5,0.0863389263499033,2.9,437,749,22,0.5834445927903872,false,1,10,"high long-wait share, low-to-mid pressure"
245,Staten Island,West Brighton,Weekday,0,228,22,10.363636363636363,61,2.772727272727273,6.3,14.443333333333335,0.2675438596491228,4.0,10.083333333333334,0.10177437556229296,2.3,220,377,21,0.583554376657825,false,1,10,"high long-wait share, low-to-mid pressure"
187,Staten Island,Port Richmond,Weekend,21,187,8,23.375,50,6.25,6.25,15.163333333333334,0.26737967914438504,4.5,10.683333333333334,0.11742836553102828,1.75,187,203,8,0.9211822660098522,false,4,10,"high long-wait share, low-to-mid pressure"
245,Staten Island,West Brighton,Weekend,2,131,8,16.375,35,4.375,6.883333333333334,13.333333333333334,0.26717557251908397,4.666666666666667,10.383333333333333,0.11081332529840253,2.216666666666667,131,157,8,0.8343949044585988,false,3,10,"high long-wait share, low-to-mid pressure"
139,Queens,Laurelton,Weekend,23,448,8,56.0,119,14.875,7.008333333333333,15.265,0.265625,5.283333333333333,12.25,0.1677525269003699,1.7249999999999996,448,453,8,0.9889624724061811,false,5,10,"high long-wait share, low-to-mid pressure"
214,Staten Island,South Beach/Dongan Hills,Weekend,1,102,8,12.75,27,3.375,6.433333333333334,14.065000000000001,0.2647058823529412,4.466666666666667,10.033333333333333,0.10095353961802017,1.9666666666666668,102,174,8,0.5862068965517241,false,1,10,"high long-wait share, low-to-mid pressure"
222,Brooklyn,Starrett City,Weekend,22,352,8,44.0,93,11.625,7.116666666666667,15.288333333333338,0.26420454545454547,4.966666666666667,11.65,0.14563746000492248,2.1500000000000004,352,422,8,0.8341232227488151,false,3,10,"high long-wait share, low-to-mid pressure"
215,Queens,South Jamaica,Weekend,23,656,8,82.0,173,21.625,6.7,14.2,0.26371951219512196,5.283333333333333,12.25,0.1677525269003699,1.416666666666667,656,836,8,0.784688995215311,false,3,10,"high long-wait share, low-to-mid pressure"
98,Queens,Fresh Meadows,Weekday,2,110,22,5.0,29,1.3181818181818181,6.441666666666666,14.196666666666669,0.2636363636363636,4.166666666666667,9.733333333333333,0.0917155118275068,2.2749999999999995,110,172,21,0.6395348837209303,false,2,10,"high long-wait share, low-to-mid pressure"
109,Staten Island,Great Kills,Weekend,1,148,8,18.5,39,4.875,6.733333333333333,13.365,0.2635135135135135,4.466666666666667,10.033333333333333,0.10095353961802017,2.2666666666666666,148,233,8,0.6351931330472103,false,2,10,"high long-wait share, low-to-mid pressure"
218,Queens,Springfield Gardens North,Weekend,23,498,8,62.25,131,16.375,6.883333333333334,14.436666666666666,0.26305220883534136,5.283333333333333,12.25,0.1677525269003699,1.6000000000000005,498,616,8,0.8084415584415584,false,3,10,"high long-wait share, low-to-mid pressure"
19,Queens,Bellerose,Weekend,23,194,8,24.25,51,6.375,7.216666666666667,14.271666666666679,0.26288659793814434,5.283333333333333,12.25,0.1677525269003699,1.9333333333333336,194,194,8,1.0,false,5,10,"high long-wait share, low-to-mid pressure"
53,Queens,College Point,Weekend,20,396,8,49.5,104,13.0,6.541666666666666,14.641666666666666,0.26262626262626265,4.366666666666666,10.183333333333334,0.10420757738252621,2.175,396,486,8,0.8148148148148148,false,3,10,"high long-wait share, low-to-mid pressure"
86,Queens,Far Rockaway,Weekday,1,587,22,26.681818181818183,154,7.0,6.683333333333334,15.853333333333332,0.262350936967632,3.9166666666666665,9.5,0.0863389263499033,2.766666666666667,587,1029,22,0.5704567541302236,false,1,10,"high long-wait share, low-to-mid pressure"
214,Staten Island,South Beach/Dongan Hills,Weekend,21,183,8,22.875,48,6.0,6.483333333333333,14.746666666666675,0.26229508196721313,4.5,10.683333333333334,0.11742836553102828,1.9833333333333334,183,175,8,1.0457142857142858,false,5,10,"high long-wait share, low-to-mid pressure"
46,Bronx,City Island,Weekday,17,168,22,7.636363636363637,44,2.0,6.324999999999999,14.67666666666667,0.2619047619047619,3.8333333333333335,8.566666666666666,0.0635390981593203,2.491666666666666,168,252,22,0.6666666666666666,false,2,10,"high long-wait share, low-to-mid pressure"
218,Queens,Springfield Gardens North,Weekend,22,551,8,68.875,144,18.0,6.783333333333333,14.916666666666666,0.2613430127041742,4.966666666666667,11.65,0.14563746000492248,1.8166666666666664,551,600,8,0.9183333333333333,false,4,10,"high long-wait share, low-to-mid pressure"
86,Queens,Far Rockaway,Weekend,0,406,8,50.75,106,13.25,5.816666666666666,14.891666666666666,0.26108374384236455,4.833333333333333,10.8,0.12398178784175715,0.9833333333333334,406,701,8,0.579172610556348,false,1,10,"high long-wait share, low-to-mid pressure"
92,Queens,Flushing,Weekend,23,1652,8,206.5,431,53.875,6.65,14.65,0.2608958837772397,5.283333333333333,12.25,0.1677525269003699,1.3666666666666671,1652,1624,8,1.0172413793103448,false,5,10,"high long-wait share, low-to-mid pressure"
23,Staten Island,Bloomfield/Emerson Hill,Weekend,0,234,8,29.25,61,7.625,6.541666666666666,14.973333333333347,0.2606837606837607,4.833333333333333,10.8,0.12398178784175715,1.708333333333333,234,384,8,0.609375,false,2,10,"high long-wait share, low-to-mid pressure"
32,Bronx,Bronxdale,Weekend,5,265,8,33.125,69,8.625,6.4,14.16,0.26037735849056604,4.85,10.833333333333334,0.12383196890763251,1.5500000000000007,265,342,8,0.7748538011695907,false,2,10,"high long-wait share, low-to-mid pressure"
117,Queens,Hammels/Arverne,Weekday,0,589,22,26.772727272727273,153,6.954545454545454,6.4,15.960000000000008,0.2597623089983022,4.0,10.083333333333334,0.10177437556229296,2.4000000000000004,566,1142,21,0.4956217162872154,false,1,10,"high long-wait share, low-to-mid pressure"
221,Staten Island,Stapleton,Weekend,22,362,8,45.25,94,11.75,6.516666666666667,15.42666666666667,0.2596685082872928,4.966666666666667,11.65,0.14563746000492248,1.5499999999999998,362,370,8,0.9783783783783784,false,5,10,"high long-wait share, low-to-mid pressure"
171,Queens,Murray Hill-Queens,Weekend,23,547,8,68.375,142,17.75,6.616666666666666,14.253333333333334,0.2595978062157221,5.283333333333333,12.25,0.1677525269003699,1.333333333333333,547,681,8,0.8032305433186491,false,3,10,"high long-wait share, low-to-mid pressure"
70,Queens,East Elmhurst,Weekend,21,763,8,95.375,198,24.75,6.45,15.433333333333334,0.2595019659239843,4.5,10.683333333333334,0.11742836553102828,1.9500000000000002,763,894,8,0.8534675615212528,false,3,10,"high long-wait share, low-to-mid pressure"
28,Queens,Briarwood/Jamaica Hills,Weekend,23,529,8,66.125,137,17.125,6.55,14.36333333333333,0.2589792060491493,5.283333333333333,12.25,0.1677525269003699,1.2666666666666666,529,842,8,0.6282660332541568,false,2,10,"high long-wait share, low-to-mid pressure"
117,Queens,Hammels/Arverne,Weekend,0,390,8,48.75,101,12.625,6.083333333333333,15.030000000000005,0.258974358974359,4.833333333333333,10.8,0.12398178784175715,1.25,390,669,8,0.5829596412556054,false,1,10,"high long-wait share, low-to-mid pressure"
173,Queens,North Corona,Weekend,22,981,8,122.625,254,31.75,6.85,14.616666666666667,0.25891946992864423,4.966666666666667,11.65,0.14563746000492248,1.8833333333333329,981,1040,8,0.9432692307692307,false,4,10,"high long-wait share, low-to-mid pressure"
121,Queens,Hillcrest/Pomonok,Weekday,3,302,22,13.727272727272727,78,3.5454545454545454,6.375,14.043333333333335,0.2582781456953642,4.666666666666667,10.816666666666666,0.12186100419248215,1.708333333333333,302,557,22,0.5421903052064632,false,1,10,"high long-wait share, low-to-mid pressure"
194,Manhattan,Randalls Island,Weekend,16,124,8,15.5,32,4.0,6.341666666666667,14.343333333333337,0.25806451612903225,4.016666666666667,9.066666666666666,0.07574087796968718,2.325,124,213,8,0.5821596244131455,false,1,10,"high long-wait share, low-to-mid pressure"
64,Queens,Douglaston,Weekday,22,380,22,17.272727272727273,98,4.454545454545454,6.824999999999999,13.866666666666667,0.2578947368421053,4.316666666666666,10.283333333333333,0.10747069193979303,2.508333333333333,380,381,22,0.9973753280839895,false,5,10,"high long-wait share, low-to-mid pressure"
221,Staten Island,Stapleton,Weekend,23,296,8,37.0,76,9.5,6.791666666666666,14.616666666666667,0.25675675675675674,5.283333333333333,12.25,0.1677525269003699,1.5083333333333329,296,400,8,0.74,false,2,10,"high long-wait share, low-to-mid pressure"
222,Brooklyn,Starrett City,Weekend,21,336,8,42.0,86,10.75,6.8,13.95,0.25595238095238093,4.5,10.683333333333334,0.11742836553102828,2.3,336,391,8,0.8593350383631714,false,3,10,"high long-wait share, low-to-mid pressure"
86,Queens,Far Rockaway,Weekday,22,1333,22,60.59090909090909,341,15.5,6.283333333333333,14.706666666666663,0.2558139534883721,4.316666666666666,10.283333333333333,0.10747069193979303,1.9666666666666668,1333,1429,22,0.9328201539538139,false,4,10,"high long-wait share, low-to-mid pressure"
19,Queens,Bellerose,Weekend,0,129,8,16.125,33,4.125,7.516666666666667,12.323333333333332,0.2558139534883721,4.833333333333333,10.8,0.12398178784175715,2.6833333333333336,129,214,8,0.602803738317757,false,2,10,"high long-wait share, low-to-mid pressure"
81,Bronx,Eastchester,Weekend,4,227,8,28.375,58,7.25,6.866666666666666,14.526666666666667,0.2555066079295154,5.366666666666666,12.066666666666666,0.1614305787534134,1.5,227,275,8,0.8254545454545454,false,3,10,"high long-wait share, low-to-mid pressure"
201,Queens,Rockaway Park,Weekend,1,192,8,24.0,49,6.125,5.616666666666667,15.745000000000006,0.2552083333333333,4.466666666666667,10.033333333333333,0.10095353961802017,1.1500000000000004,192,300,8,0.64,false,2,10,"high long-wait share, low-to-mid pressure"
53,Queens,College Point,Weekday,0,472,22,21.454545454545453,120,5.454545454545454,6.35,14.796666666666674,0.2542372881355932,4.0,10.083333333333334,0.10177437556229296,2.3499999999999996,452,1123,21,0.402493321460374,false,1,10,"high long-wait share, low-to-mid pressure"
214,Staten Island,South Beach/Dongan Hills,Weekday,23,481,22,21.863636363636363,122,5.545454545454546,6.466666666666667,14.666666666666666,0.25363825363825365,4.3,10.3,0.1080249373933054,2.166666666666667,481,567,22,0.8483245149911817,false,3,10,"high long-wait share, low-to-mid pressure"
173,Queens,North Corona,Weekend,23,901,8,112.625,228,28.5,6.683333333333334,14.7,0.25305216426193117,5.283333333333333,12.25,0.1677525269003699,1.4000000000000004,901,1067,8,0.8444236176194939,false,3,10,"high long-wait share, low-to-mid pressure"
31,Bronx,Bronx Park,Weekday,7,190,22,8.636363636363637,48,2.1818181818181817,6.458333333333334,15.58833333333333,0.25263157894736843,4.716666666666667,10.916666666666666,0.12505400636974198,1.7416666666666671,190,184,22,1.0326086956521738,false,5,10,"high long-wait share, low-to-mid pressure"
109,Staten Island,Great Kills,Weekday,23,242,22,11.0,61,2.772727272727273,6.958333333333334,16.278333333333336,0.25206611570247933,4.3,10.3,0.1080249373933054,2.658333333333334,242,443,22,0.54627539503386,false,1,10,"high long-wait share, low-to-mid pressure"
252,Queens,Whitestone,Weekday,2,135,22,6.136363636363637,34,1.5454545454545454,6.716666666666667,13.883333333333333,0.2518518518518518,4.166666666666667,9.733333333333333,0.0917155118275068,2.55,135,351,22,0.38461538461538464,false,1,10,"high long-wait share, low-to-mid pressure"
72,Brooklyn,East Flatbush/Remsen Village,Weekend,5,660,8,82.5,166,20.75,6.933333333333334,15.188333333333334,0.2515151515151515,4.85,10.833333333333334,0.12383196890763251,2.083333333333334,660,766,8,0.8616187989556136,false,3,10,"high long-wait share, low-to-mid pressure"
240,Bronx,Van Cortlandt Park,Weekend,6,116,8,14.5,29,3.625,6.5,14.808333333333334,0.25,4.633333333333334,10.583333333333334,0.11545263577412632,1.8666666666666663,116,119,8,0.9747899159663865,false,4,10,"high long-wait share, low-to-mid pressure"
51,Bronx,Co-Op City,Weekend,3,304,8,38.0,76,9.5,6.658333333333333,15.166666666666664,0.25,5.016666666666667,11.416666666666666,0.14056691137983332,1.6416666666666666,304,376,8,0.8085106382978723,false,3,10,"high long-wait share, low-to-mid pressure"
109,Staten Island,Great Kills,Weekend,0,184,8,23.0,46,5.75,6.666666666666666,14.781666666666666,0.25,4.833333333333333,10.8,0.12398178784175715,1.833333333333333,184,256,8,0.71875,false,2,10,"high long-wait share, low-to-mid pressure"
53,Queens,College Point,Weekday,1,352,22,16.0,88,4.0,6.3,14.178333333333335,0.25,3.9166666666666665,9.5,0.0863389263499033,2.3833333333333333,352,756,22,0.4656084656084656,false,1,10,"high long-wait share, low-to-mid pressure"
202,Manhattan,Roosevelt Island,Weekday,0,136,22,6.181818181818182,34,1.5454545454545454,6.85,15.600000000000001,0.25,4.0,10.083333333333334,0.10177437556229296,2.8499999999999996,128,554,21,0.23104693140794225,false,1,10,"high long-wait share, low-to-mid pressure"
203,Queens,Rosedale,Weekend,3,229,8,28.625,57,7.125,7.216666666666667,14.363333333333333,0.24890829694323144,5.016666666666667,11.416666666666666,0.14056691137983332,2.2,229,246,8,0.9308943089430894,false,4,10,"high long-wait share, low-to-mid pressure"
86,Queens,Far Rockaway,Weekend,3,221,8,27.625,55,6.875,6.2,14.366666666666667,0.248868778280543,5.016666666666667,11.416666666666666,0.14056691137983332,1.1833333333333336,221,304,8,0.7269736842105263,false,2,10,"high long-wait share, low-to-mid pressure"
117,Queens,Hammels/Arverne,Weekend,2,173,8,21.625,43,5.375,6.033333333333333,13.786666666666669,0.24855491329479767,4.666666666666667,10.383333333333333,0.11081332529840253,1.3666666666666663,173,426,8,0.4061032863849765,false,1,10,"high long-wait share, low-to-mid pressure"
124,Queens,Howard Beach,Weekend,0,338,8,42.25,84,10.5,7.025,13.131666666666668,0.2485207100591716,4.833333333333333,10.8,0.12398178784175715,2.1916666666666673,338,383,8,0.8825065274151436,false,3,10,"high long-wait share, low-to-mid pressure"
63,Brooklyn,Cypress Hills,Weekend,4,400,8,50.0,99,12.375,6.083333333333333,14.258333333333335,0.2475,5.366666666666666,12.066666666666666,0.1614305787534134,0.7166666666666668,400,571,8,0.7005253940455342,false,2,10,"high long-wait share, low-to-mid pressure"
252,Queens,Whitestone,Weekend,21,388,8,48.5,96,12.0,6.725,15.218333333333335,0.24742268041237114,4.5,10.683333333333334,0.11742836553102828,2.2249999999999996,388,378,8,1.0264550264550265,false,5,10,"high long-wait share, low-to-mid pressure"
222,Brooklyn,Starrett City,Weekday,2,194,22,8.818181818181818,48,2.1818181818181817,6.15,14.72666666666668,0.24742268041237114,4.166666666666667,9.733333333333333,0.0917155118275068,1.9833333333333334,194,416,22,0.46634615384615385,false,1,10,"high long-wait share, low-to-mid pressure"
109,Staten Island,Great Kills,Weekend,19,190,8,23.75,47,5.875,6.258333333333333,14.908333333333331,0.24736842105263157,4.3,10.0,0.09964006490632837,1.958333333333333,190,218,8,0.8715596330275229,false,3,10,"high long-wait share, low-to-mid pressure"
53,Queens,College Point,Weekend,4,174,8,21.75,43,5.375,6.199999999999999,14.288333333333338,0.2471264367816092,5.366666666666666,12.066666666666666,0.1614305787534134,0.833333333333333,174,259,8,0.6718146718146718,false,2,10,"high long-wait share, low-to-mid pressure"
219,Queens,Springfield Gardens South,Weekend,23,385,8,48.125,95,11.875,6.85,14.35666666666667,0.24675324675324675,5.283333333333333,12.25,0.1677525269003699,1.5666666666666664,385,460,8,0.8369565217391305,false,3,10,"high long-wait share, low-to-mid pressure"
73,Queens,East Flushing,Weekend,22,280,8,35.0,69,8.625,7.033333333333333,13.808333333333332,0.24642857142857144,4.966666666666667,11.65,0.14563746000492248,2.0666666666666664,280,347,8,0.8069164265129684,false,3,10,"high long-wait share, low-to-mid pressure"
214,Staten Island,South Beach/Dongan Hills,Weekday,0,199,22,9.045454545454545,49,2.227272727272727,6.583333333333333,14.290000000000003,0.24623115577889448,4.0,10.083333333333334,0.10177437556229296,2.583333333333333,193,357,21,0.5406162464985994,false,1,10,"high long-wait share, low-to-mid pressure"
117,Queens,Hammels/Arverne,Weekday,22,1179,22,53.59090909090909,290,13.181818181818182,6.483333333333333,14.39,0.24597116200169636,4.316666666666666,10.283333333333333,0.10747069193979303,2.166666666666667,1179,1329,22,0.8871331828442438,false,3,10,"high long-wait share, low-to-mid pressure"
205,Queens,Saint Albans,Weekend,23,944,8,118.0,231,28.875,6.6,14.411666666666669,0.24470338983050846,5.283333333333333,12.25,0.1677525269003699,1.3166666666666664,944,1093,8,0.8636779505946935,false,3,10,"high long-wait share, low-to-mid pressure"
19,Queens,Bellerose,Weekend,22,188,8,23.5,46,5.75,6.925000000000001,13.425,0.24468085106382978,4.966666666666667,11.65,0.14563746000492248,1.958333333333334,188,178,8,1.0561797752808988,false,5,10,"high long-wait share, low-to-mid pressure"
173,Queens,North Corona,Weekend,21,1015,8,126.875,247,30.875,6.65,14.726666666666667,0.24334975369458128,4.5,10.683333333333334,0.11742836553102828,2.1500000000000004,1015,1030,8,0.9854368932038835,false,5,10,"high long-wait share, low-to-mid pressure"
6,Staten Island,Arrochar/Fort Wadsworth,Weekday,0,136,22,6.181818181818182,33,1.5,5.925000000000001,14.408333333333333,0.2426470588235294,4.0,10.083333333333334,0.10177437556229296,1.9250000000000007,131,266,21,0.4924812030075188,false,1,10,"high long-wait share, low-to-mid pressure"
201,Queens,Rockaway Park,Weekday,21,367,22,16.681818181818183,89,4.045454545454546,5.916666666666667,14.373333333333335,0.24250681198910082,4.0,9.65,0.09069898848801876,1.916666666666667,367,425,22,0.8635294117647059,false,3,10,"high long-wait share, low-to-mid pressure"
81,Bronx,Eastchester,Weekend,3,223,8,27.875,54,6.75,6.183333333333334,12.96,0.242152466367713,5.016666666666667,11.416666666666666,0.14056691137983332,1.166666666666667,223,385,8,0.5792207792207792,false,1,10,"high long-wait share, low-to-mid pressure"
70,Queens,East Elmhurst,Weekend,22,674,8,84.25,163,20.375,6.458333333333334,13.861666666666668,0.24183976261127596,4.966666666666667,11.65,0.14563746000492248,1.4916666666666671,674,866,8,0.7782909930715936,false,3,10,"high long-wait share, low-to-mid pressure"
86,Queens,Far Rockaway,Weekday,0,816,22,37.09090909090909,197,8.954545454545455,6.116666666666666,14.225,0.24142156862745098,4.0,10.083333333333334,0.10177437556229296,2.1166666666666663,778,1381,21,0.5633598841419262,false,1,10,"high long-wait share, low-to-mid pressure"
44,Staten Island,Charleston/Tottenville,Weekend,20,116,8,14.5,28,3.5,5.85,18.916666666666664,0.2413793103448276,4.366666666666666,10.183333333333334,0.10420757738252621,1.4833333333333334,116,139,8,0.8345323741007195,false,3,10,"high long-wait share, low-to-mid pressure"
81,Bronx,Eastchester,Weekend,22,854,8,106.75,206,25.75,6.458333333333334,14.813333333333336,0.24121779859484777,4.966666666666667,11.65,0.14563746000492248,1.4916666666666671,854,835,8,1.022754491017964,false,5,10,"high long-wait share, low-to-mid pressure"
200,Bronx,Riverdale/North Riverdale/Fieldston,Weekend,4,108,8,13.5,26,3.25,6.908333333333333,13.84,0.24074074074074073,5.366666666666666,12.066666666666666,0.1614305787534134,1.541666666666667,108,223,8,0.484304932735426,false,1,10,"high long-wait share, low-to-mid pressure"
131,Queens,Jamaica Estates,Weekday,3,266,22,12.090909090909092,64,2.909090909090909,6.208333333333334,14.275,0.24060150375939848,4.666666666666667,10.816666666666666,0.12186100419248215,1.541666666666667,266,263,22,1.0114068441064639,false,5,10,"high long-wait share, low-to-mid pressure"
183,Bronx,Pelham Bay,Weekend,22,370,8,46.25,89,11.125,6.816666666666666,14.823333333333334,0.24054054054054055,4.966666666666667,11.65,0.14563746000492248,1.8499999999999996,370,364,8,1.0164835164835164,false,5,10,"high long-wait share, low-to-mid pressure"
187,Staten Island,Port Richmond,Weekday,0,192,22,8.727272727272727,46,2.090909090909091,6.2,14.160000000000004,0.23958333333333334,4.0,10.083333333333334,0.10177437556229296,2.2,183,369,21,0.4959349593495935,false,1,10,"high long-wait share, low-to-mid pressure"
34,Brooklyn,Brooklyn Navy Yard,Weekend,23,113,8,14.125,27,3.375,5.7,12.826666666666664,0.23893805309734514,5.283333333333333,12.25,0.1677525269003699,0.41666666666666696,113,186,8,0.6075268817204301,false,2,10,"high long-wait share, low-to-mid pressure"
117,Queens,Hammels/Arverne,Weekday,23,1035,22,47.04545454545455,247,11.227272727272727,6.316666666666666,14.403333333333332,0.23864734299516907,4.3,10.3,0.1080249373933054,2.0166666666666666,1035,1228,22,0.8428338762214984,false,3,10,"high long-wait share, low-to-mid pressure"
64,Queens,Douglaston,Weekday,1,109,22,4.954545454545454,26,1.1818181818181819,6.9,13.583333333333334,0.23853211009174313,3.9166666666666665,9.5,0.0863389263499033,2.983333333333334,109,238,22,0.4579831932773109,false,1,10,"high long-wait share, low-to-mid pressure"
77,Brooklyn,East New York/Pennsylvania Avenue,Weekend,3,575,8,71.875,137,17.125,6.366666666666666,13.473333333333336,0.2382608695652174,5.016666666666667,11.416666666666666,0.14056691137983332,1.3499999999999996,575,710,8,0.8098591549295775,false,3,10,"high long-wait share, low-to-mid pressure"
175,Queens,Oakland Gardens,Weekend,21,168,8,21.0,40,5.0,5.741666666666667,13.988333333333337,0.23809523809523808,4.5,10.683333333333334,0.11742836553102828,1.2416666666666671,168,176,8,0.9545454545454546,false,4,10,"high long-wait share, low-to-mid pressure"
220,Bronx,Spuyten Duyvil/Kingsbridge,Weekend,4,345,8,43.125,82,10.25,6.55,13.603333333333335,0.23768115942028986,5.366666666666666,12.066666666666666,0.1614305787534134,1.1833333333333336,345,339,8,1.0176991150442478,false,5,10,"high long-wait share, low-to-mid pressure"
194,Manhattan,Randalls Island,Weekday,13,101,22,4.590909090909091,24,1.0909090909090908,6.316666666666666,14.816666666666666,0.2376237623762376,3.7666666666666666,8.4,0.06083681462951353,2.55,101,152,22,0.6644736842105263,false,2,10,"high long-wait share, low-to-mid pressure"
126,Bronx,Hunts Point,Weekend,6,472,8,59.0,112,14.0,6.208333333333334,14.180000000000001,0.23728813559322035,4.633333333333334,10.583333333333334,0.11545263577412632,1.5750000000000002,472,607,8,0.7775947281713345,false,3,10,"high long-wait share, low-to-mid pressure"
51,Bronx,Co-Op City,Weekend,4,211,8,26.375,50,6.25,6.666666666666667,13.0,0.23696682464454977,5.366666666666666,12.066666666666666,0.1614305787534134,1.3000000000000007,211,314,8,0.6719745222929936,false,2,10,"high long-wait share, low-to-mid pressure"
15,Queens,Bay Terrace/Fort Totten,Weekend,0,114,8,14.25,27,3.375,7.008333333333333,14.395,0.23684210526315788,4.833333333333333,10.8,0.12398178784175715,2.175,114,210,8,0.5428571428571428,false,1,10,"high long-wait share, low-to-mid pressure"
135,Queens,Kew Gardens Hills,Weekend,23,338,8,42.25,80,10.0,6.633333333333333,13.545000000000002,0.23668639053254437,5.283333333333333,12.25,0.1677525269003699,1.3499999999999996,338,439,8,0.7699316628701595,false,2,10,"high long-wait share, low-to-mid pressure"
225,Brooklyn,Stuyvesant Heights,Weekday,4,1570,22,71.36363636363636,371,16.863636363636363,6.408333333333333,14.716666666666667,0.23630573248407644,5.033333333333333,11.283333333333333,0.13485731819576557,1.375,1570,1719,22,0.9133216986620128,false,4,10,"high long-wait share, low-to-mid pressure"
245,Staten Island,West Brighton,Weekend,0,271,8,33.875,64,8.0,6.466666666666667,13.133333333333333,0.23616236162361623,4.833333333333333,10.8,0.12398178784175715,1.6333333333333337,271,346,8,0.7832369942196532,false,3,10,"high long-wait share, low-to-mid pressure"
84,Staten Island,Eltingville/Annadale/Prince's Bay,Weekend,1,106,8,13.25,25,3.125,6.5,13.883333333333333,0.2358490566037736,4.466666666666667,10.033333333333333,0.10095353961802017,2.033333333333333,106,130,8,0.8153846153846154,false,3,10,"high long-wait share, low-to-mid pressure"
76,Brooklyn,East New York,Weekend,22,3266,8,408.25,770,96.25,6.333333333333333,14.366666666666667,0.23576240048989588,4.966666666666667,11.65,0.14563746000492248,1.3666666666666663,3266,3531,8,0.9249504389691305,false,4,10,"high long-wait share, low-to-mid pressure"
208,Bronx,Schuylerville/Edgewater Park,Weekend,0,1078,8,134.75,254,31.75,6.416666666666667,13.938333333333336,0.23562152133580705,4.833333333333333,10.8,0.12398178784175715,1.583333333333334,1078,1169,8,0.9221556886227545,false,4,10,"high long-wait share, low-to-mid pressure"
203,Queens,Rosedale,Weekday,2,293,22,13.318181818181818,69,3.1363636363636362,6.15,14.103333333333339,0.2354948805460751,4.166666666666667,9.733333333333333,0.0917155118275068,1.9833333333333334,293,444,22,0.6599099099099099,false,2,10,"high long-wait share, low-to-mid pressure"
259,Bronx,Woodlawn/Wakefield,Weekend,3,408,8,51.0,96,12.0,6.516666666666667,14.706666666666667,0.23529411764705882,5.016666666666667,11.416666666666666,0.14056691137983332,1.5,408,439,8,0.929384965831435,false,4,10,"high long-wait share, low-to-mid pressure"
206,Staten Island,Saint George/New Brighton,Weekday,0,663,22,30.136363636363637,156,7.090909090909091,6.233333333333333,13.976666666666668,0.23529411764705882,4.0,10.083333333333334,0.10177437556229296,2.2333333333333334,632,1039,21,0.6082771896053898,false,2,10,"high long-wait share, low-to-mid pressure"
15,Queens,Bay Terrace/Fort Totten,Weekday,23,255,22,11.590909090909092,60,2.727272727272727,6.166666666666667,13.639999999999999,0.23529411764705882,4.3,10.3,0.1080249373933054,1.8666666666666671,255,509,22,0.5009823182711198,false,1,10,"high long-wait share, low-to-mid pressure"
192,Queens,Queensboro Hill,Weekend,23,302,8,37.75,71,8.875,6.125,13.628333333333341,0.23509933774834438,5.283333333333333,12.25,0.1677525269003699,0.8416666666666668,302,366,8,0.825136612021858,false,3,10,"high long-wait share, low-to-mid pressure"
81,Bronx,Eastchester,Weekend,23,783,8,97.875,184,23.0,6.366666666666666,13.476666666666668,0.23499361430395913,5.283333333333333,12.25,0.1677525269003699,1.083333333333333,783,744,8,1.0524193548387097,false,5,10,"high long-wait share, low-to-mid pressure"
183,Bronx,Pelham Bay,Weekday,3,166,22,7.545454545454546,39,1.7727272727272727,6.216666666666667,14.175,0.23493975903614459,4.666666666666667,10.816666666666666,0.12186100419248215,1.5499999999999998,166,186,22,0.8924731182795699,false,4,10,"high long-wait share, low-to-mid pressure"
175,Queens,Oakland Gardens,Weekday,23,213,22,9.681818181818182,50,2.272727272727273,6.166666666666667,13.760000000000002,0.2347417840375587,4.3,10.3,0.1080249373933054,1.8666666666666671,213,557,22,0.38240574506283664,false,1,10,"high long-wait share, low-to-mid pressure"
156,Staten Island,Mariners Harbor,Weekend,21,341,8,42.625,80,10.0,6.216666666666667,14.9,0.23460410557184752,4.5,10.683333333333334,0.11742836553102828,1.7166666666666668,341,360,8,0.9472222222222222,false,4,10,"high long-wait share, low-to-mid pressure"
76,Brooklyn,East New York,Weekend,23,3013,8,376.625,705,88.125,6.3,14.063333333333336,0.23398606040491204,5.283333333333333,12.25,0.1677525269003699,1.0166666666666666,3013,3208,8,0.939214463840399,false,4,10,"high long-wait share, low-to-mid pressure"
202,Manhattan,Roosevelt Island,Weekend,19,244,8,30.5,57,7.125,6.458333333333334,13.850000000000001,0.2336065573770492,4.3,10.0,0.09964006490632837,2.158333333333334,244,253,8,0.9644268774703557,false,4,10,"high long-wait share, low-to-mid pressure"
221,Staten Island,Stapleton,Weekend,2,103,8,12.875,24,3.0,6.5,13.7,0.23300970873786409,4.666666666666667,10.383333333333333,0.11081332529840253,1.833333333333333,103,236,8,0.4364406779661017,false,1,10,"high long-wait share, low-to-mid pressure"
35,Brooklyn,Brownsville,Weekend,5,649,8,81.125,151,18.875,6.233333333333333,14.716666666666667,0.23266563944530047,4.85,10.833333333333334,0.12383196890763251,1.3833333333333337,649,768,8,0.8450520833333334,false,3,10,"high long-wait share, low-to-mid pressure"
5,Staten Island,Arden Heights,Weekday,20,142,22,6.454545454545454,33,1.5,5.633333333333334,14.4,0.2323943661971831,3.6166666666666667,8.516666666666667,0.06397281094931385,2.016666666666667,142,235,21,0.6042553191489362,false,2,10,"high long-wait share, low-to-mid pressure"
214,Staten Island,South Beach/Dongan Hills,Weekend,19,224,8,28.0,52,6.5,5.825,13.55666666666667,0.23214285714285715,4.3,10.0,0.09964006490632837,1.5250000000000004,224,243,8,0.9218106995884774,false,4,10,"high long-wait share, low-to-mid pressure"
58,Bronx,Country Club,Weekend,20,125,8,15.625,29,3.625,5.983333333333333,14.21,0.232,4.366666666666666,10.183333333333334,0.10420757738252621,1.6166666666666671,125,127,8,0.984251968503937,false,5,10,"high long-wait share, low-to-mid pressure"
3,Bronx,Allerton/Pelham Gardens,Weekday,3,250,22,11.363636363636363,58,2.6363636363636362,5.908333333333333,13.67,0.232,4.666666666666667,10.816666666666666,0.12186100419248215,1.2416666666666663,250,316,22,0.7911392405063291,false,3,10,"high long-wait share, low-to-mid pressure"
201,Queens,Rockaway Park,Weekend,2,151,8,18.875,35,4.375,6.4,14.116666666666667,0.23178807947019867,4.666666666666667,10.383333333333333,0.11081332529840253,1.7333333333333334,151,239,8,0.6317991631799164,false,2,10,"high long-wait share, low-to-mid pressure"
51,Bronx,Co-Op City,Weekend,1,588,8,73.5,136,17.0,6.366666666666667,13.388333333333346,0.23129251700680273,4.466666666666667,10.033333333333333,0.10095353961802017,1.9000000000000004,588,860,8,0.6837209302325581,false,2,10,"high long-wait share, low-to-mid pressure"
220,Bronx,Spuyten Duyvil/Kingsbridge,Weekend,3,451,8,56.375,104,13.0,6.266666666666667,13.566666666666666,0.23059866962305986,5.016666666666667,11.416666666666666,0.14056691137983332,1.25,451,510,8,0.884313725490196,false,3,10,"high long-wait share, low-to-mid pressure"
252,Queens,Whitestone,Weekend,1,139,8,17.375,32,4.0,5.633333333333334,13.553333333333335,0.2302158273381295,4.466666666666667,10.033333333333333,0.10095353961802017,1.166666666666667,139,341,8,0.40762463343108507,false,1,10,"high long-wait share, low-to-mid pressure"
205,Queens,Saint Albans,Weekday,3,765,22,34.77272727272727,176,8.0,6.633333333333334,13.936666666666667,0.23006535947712417,4.666666666666667,10.816666666666666,0.12186100419248215,1.9666666666666668,765,786,22,0.9732824427480916,false,4,10,"high long-wait share, low-to-mid pressure"
202,Manhattan,Roosevelt Island,Weekend,17,257,8,32.125,59,7.375,6.183333333333334,13.850000000000001,0.22957198443579765,4.1,9.216666666666667,0.07874347982951245,2.083333333333334,257,254,8,1.0118110236220472,false,5,10,"high long-wait share, low-to-mid pressure"
39,Brooklyn,Canarsie,Weekend,22,2013,8,251.625,462,57.75,6.216666666666667,14.499999999999996,0.22950819672131148,4.966666666666667,11.65,0.14563746000492248,1.25,2013,2374,8,0.8479359730412805,false,3,10,"high long-wait share, low-to-mid pressure"
139,Queens,Laurelton,Weekend,3,214,8,26.75,49,6.125,6.85,13.33166666666667,0.22897196261682243,5.016666666666667,11.416666666666666,0.14056691137983332,1.833333333333333,214,251,8,0.852589641434263,false,3,10,"high long-wait share, low-to-mid pressure"
70,Queens,East Elmhurst,Weekday,23,992,22,45.09090909090909,227,10.318181818181818,5.658333333333333,13.028333333333332,0.2288306451612903,4.3,10.3,0.1080249373933054,1.3583333333333334,992,2049,22,0.48413860419716936,false,1,10,"high long-wait share, low-to-mid pressure"
95,Queens,Forest Hills,Weekend,23,1438,8,179.75,329,41.125,6.55,14.05,0.22878998609179416,5.283333333333333,12.25,0.1677525269003699,1.2666666666666666,1438,1843,8,0.7802495930548019,false,3,10,"high long-wait share, low-to-mid pressure"
202,Manhattan,Roosevelt Island,Weekend,16,271,8,33.875,62,7.75,6.183333333333334,13.15,0.22878228782287824,4.016666666666667,9.066666666666666,0.07574087796968718,2.166666666666667,271,294,8,0.9217687074829932,false,4,10,"high long-wait share, low-to-mid pressure"
124,Queens,Howard Beach,Weekday,23,730,22,33.18181818181818,167,7.590909090909091,6.316666666666666,14.25,0.22876712328767124,4.3,10.3,0.1080249373933054,2.0166666666666666,730,840,22,0.8690476190476191,false,3,10,"high long-wait share, low-to-mid pressure"
198,Queens,Ridgewood,Weekend,4,1832,8,229.0,419,52.375,6.266666666666667,13.678333333333338,0.2287117903930131,5.366666666666666,12.066666666666666,0.1614305787534134,0.9000000000000004,1832,1938,8,0.9453044375644994,false,4,10,"high long-wait share, low-to-mid pressure"
155,Brooklyn,Marine Park/Mill Basin,Weekday,3,223,22,10.136363636363637,51,2.3181818181818183,6.433333333333334,13.98,0.22869955156950672,4.666666666666667,10.816666666666666,0.12186100419248215,1.7666666666666666,223,341,22,0.6539589442815249,false,2,10,"high long-wait share, low-to-mid pressure"
191,Queens,Queens Village,Weekend,22,726,8,90.75,166,20.75,5.808333333333334,13.583333333333334,0.22865013774104684,4.966666666666667,11.65,0.14563746000492248,0.8416666666666668,726,737,8,0.9850746268656716,false,5,10,"high long-wait share, low-to-mid pressure"
64,Queens,Douglaston,Weekday,23,280,22,12.727272727272727,64,2.909090909090909,6.7,14.353333333333332,0.22857142857142856,4.3,10.3,0.1080249373933054,2.4000000000000004,280,409,22,0.684596577017115,false,2,10,"high long-wait share, low-to-mid pressure"
194,Manhattan,Randalls Island,Weekday,20,219,22,9.954545454545455,50,2.272727272727273,7.116666666666666,13.483333333333336,0.228310502283105,3.6166666666666667,8.516666666666667,0.06397281094931385,3.4999999999999996,219,278,21,0.7877697841726619,false,3,10,"high long-wait share, low-to-mid pressure"
80,Brooklyn,East Williamsburg,Weekend,4,2081,8,260.125,472,59.0,6.216666666666667,13.7,0.2268140317155214,5.366666666666666,12.066666666666666,0.1614305787534134,0.8500000000000005,2081,2099,8,0.9914244878513578,false,5,10,"high long-wait share, low-to-mid pressure"
9,Queens,Auburndale,Weekend,23,190,8,23.75,43,5.375,6.466666666666667,14.403333333333332,0.22631578947368422,5.283333333333333,12.25,0.1677525269003699,1.1833333333333336,190,216,8,0.8796296296296297,false,3,10,"high long-wait share, low-to-mid pressure"
44,Staten Island,Charleston/Tottenville,Weekday,22,253,22,11.5,57,2.590909090909091,5.983333333333333,14.166666666666668,0.22529644268774704,4.316666666666666,10.283333333333333,0.10747069193979303,1.666666666666667,253,306,22,0.826797385620915,false,3,10,"high long-wait share, low-to-mid pressure"
84,Staten Island,Eltingville/Annadale/Prince's Bay,Weekend,22,111,8,13.875,25,3.125,6.966666666666667,16.233333333333334,0.22522522522522523,4.966666666666667,11.65,0.14563746000492248,2.0,111,117,8,0.9487179487179487,false,4,10,"high long-wait share, low-to-mid pressure"
56,Queens,Corona,Weekend,23,888,8,111.0,200,25.0,5.908333333333333,13.665000000000003,0.22522522522522523,5.283333333333333,12.25,0.1677525269003699,0.625,888,1294,8,0.6862442040185471,false,2,10,"high long-wait share, low-to-mid pressure"
203,Queens,Rosedale,Weekday,23,875,22,39.77272727272727,197,8.954545454545455,6.616666666666666,13.093333333333334,0.22514285714285714,4.3,10.3,0.1080249373933054,2.3166666666666664,875,998,22,0.8767535070140281,false,3,10,"high long-wait share, low-to-mid pressure"
102,Queens,Glendale,Weekend,4,200,8,25.0,45,5.625,6.475,14.033333333333331,0.225,5.366666666666666,12.066666666666666,0.1614305787534134,1.1083333333333334,200,414,8,0.4830917874396135,false,1,10,"high long-wait share, low-to-mid pressure"
252,Queens,Whitestone,Weekday,3,178,22,8.090909090909092,40,1.8181818181818181,6.716666666666667,15.361666666666668,0.2247191011235955,4.666666666666667,10.816666666666666,0.12186100419248215,2.05,178,253,22,0.7035573122529645,false,2,10,"high long-wait share, low-to-mid pressure"
56,Queens,Corona,Weekend,22,1073,8,134.125,241,30.125,6.4,13.113333333333333,0.22460391425908668,4.966666666666667,11.65,0.14563746000492248,1.4333333333333336,1073,1160,8,0.925,false,4,10,"high long-wait share, low-to-mid pressure"
259,Bronx,Woodlawn/Wakefield,Weekend,2,441,8,55.125,99,12.375,6.466666666666667,13.516666666666667,0.22448979591836735,4.666666666666667,10.383333333333333,0.11081332529840253,1.7999999999999998,441,664,8,0.6641566265060241,false,2,10,"high long-wait share, low-to-mid pressure"
121,Queens,Hillcrest/Pomonok,Weekend,4,196,8,24.5,44,5.5,6.083333333333334,13.566666666666666,0.22448979591836735,5.366666666666666,12.066666666666666,0.1614305787534134,0.7166666666666677,196,461,8,0.42516268980477223,false,1,10,"high long-wait share, low-to-mid pressure"
77,Brooklyn,East New York/Pennsylvania Avenue,Weekend,4,428,8,53.5,96,12.0,6.158333333333333,13.033333333333333,0.22429906542056074,5.366666666666666,12.066666666666666,0.1614305787534134,0.791666666666667,428,509,8,0.8408644400785854,false,3,10,"high long-wait share, low-to-mid pressure"
259,Bronx,Woodlawn/Wakefield,Weekday,2,562,22,25.545454545454547,126,5.7272727272727275,6.883333333333334,13.403333333333338,0.22419928825622776,4.166666666666667,9.733333333333333,0.0917155118275068,2.716666666666667,562,849,22,0.6619552414605419,false,2,10,"high long-wait share, low-to-mid pressure"
46,Bronx,City Island,Weekend,17,125,8,15.625,28,3.5,5.5,12.833333333333334,0.224,4.1,9.216666666666667,0.07874347982951245,1.4000000000000004,125,168,8,0.7440476190476191,false,2,10,"high long-wait share, low-to-mid pressure"
73,Queens,East Flushing,Weekday,0,250,22,11.363636363636363,56,2.5454545454545454,5.358333333333333,12.601666666666667,0.224,4.0,10.083333333333334,0.10177437556229296,1.3583333333333334,244,677,21,0.3604135893648449,false,1,10,"high long-wait share, low-to-mid pressure"
69,Bronx,East Concourse/Concourse Village,Weekend,5,563,8,70.375,126,15.75,5.6,13.653333333333332,0.22380106571936056,4.85,10.833333333333334,0.12383196890763251,0.75,563,705,8,0.798581560283688,false,3,10,"high long-wait share, low-to-mid pressure"
126,Bronx,Hunts Point,Weekend,23,849,8,106.125,190,23.75,5.933333333333334,13.313333333333338,0.22379269729093051,5.283333333333333,12.25,0.1677525269003699,0.6500000000000004,849,848,8,1.0011792452830188,false,5,10,"high long-wait share, low-to-mid pressure"
63,Brooklyn,Cypress Hills,Weekend,23,944,8,118.0,211,26.375,5.983333333333333,13.29666666666667,0.22351694915254236,5.283333333333333,12.25,0.1677525269003699,0.7000000000000002,944,1134,8,0.8324514991181657,false,3,10,"high long-wait share, low-to-mid pressure"
91,Brooklyn,Flatlands,Weekend,4,681,8,85.125,152,19.0,6.466666666666667,12.283333333333333,0.22320117474302498,5.366666666666666,12.066666666666666,0.1614305787534134,1.1000000000000005,681,705,8,0.9659574468085106,false,4,10,"high long-wait share, low-to-mid pressure"
205,Queens,Saint Albans,Weekend,22,1053,8,131.625,235,29.375,6.366666666666666,14.05666666666667,0.22317188983855651,4.966666666666667,11.65,0.14563746000492248,1.3999999999999995,1053,1084,8,0.9714022140221402,false,4,10,"high long-wait share, low-to-mid pressure"
184,Bronx,Pelham Bay Park,Weekend,14,121,8,15.125,27,3.375,5.65,13.366666666666667,0.2231404958677686,4.416666666666667,9.75,0.09279814435838042,1.2333333333333334,121,136,8,0.8897058823529411,false,4,10,"high long-wait share, low-to-mid pressure"
206,Staten Island,Saint George/New Brighton,Weekday,3,306,22,13.909090909090908,68,3.090909090909091,5.908333333333333,13.958333333333334,0.2222222222222222,4.666666666666667,10.816666666666666,0.12186100419248215,1.2416666666666663,306,295,22,1.0372881355932204,false,5,10,"high long-wait share, low-to-mid pressure"
202,Manhattan,Roosevelt Island,Weekend,0,153,8,19.125,34,4.25,6.716666666666667,14.283333333333335,0.2222222222222222,4.833333333333333,10.8,0.12398178784175715,1.8833333333333337,153,298,8,0.5134228187919463,false,1,10,"high long-wait share, low-to-mid pressure"
51,Bronx,Co-Op City,Weekday,2,320,22,14.545454545454545,71,3.227272727272727,6.458333333333334,12.705,0.221875,4.166666666666667,9.733333333333333,0.0917155118275068,2.291666666666667,320,714,22,0.4481792717086835,false,1,10,"high long-wait share, low-to-mid pressure"
109,Staten Island,Great Kills,Weekend,20,194,8,24.25,43,5.375,6.458333333333334,14.985,0.22164948453608246,4.366666666666666,10.183333333333334,0.10420757738252621,2.0916666666666677,194,212,8,0.9150943396226415,false,4,10,"high long-wait share, low-to-mid pressure"
147,Bronx,Longwood,Weekend,22,711,8,88.875,157,19.625,5.75,13.483333333333333,0.22081575246132207,4.966666666666667,11.65,0.14563746000492248,0.7833333333333332,711,733,8,0.9699863574351978,false,4,10,"high long-wait share, low-to-mid pressure"
191,Queens,Queens Village,Weekday,2,394,22,17.90909090909091,87,3.9545454545454546,5.425000000000001,13.689999999999998,0.22081218274111675,4.166666666666667,9.733333333333333,0.0917155118275068,1.2583333333333337,394,742,22,0.5309973045822103,false,1,10,"high long-wait share, low-to-mid pressure"
44,Staten Island,Charleston/Tottenville,Weekend,13,145,8,18.125,32,4.0,5.966666666666667,14.836666666666666,0.2206896551724138,4.383333333333334,9.633333333333333,0.0903739910730274,1.583333333333333,145,172,8,0.8430232558139535,false,3,10,"high long-wait share, low-to-mid pressure"
46,Bronx,City Island,Weekday,18,186,22,8.454545454545455,41,1.8636363636363635,5.708333333333334,13.633333333333333,0.22043010752688172,3.6333333333333333,8.183333333333334,0.05386722498473349,2.0750000000000006,186,320,22,0.58125,false,1,10,"high long-wait share, low-to-mid pressure"
202,Manhattan,Roosevelt Island,Weekend,23,159,8,19.875,35,4.375,7.0,13.34333333333334,0.22012578616352202,5.283333333333333,12.25,0.1677525269003699,1.7166666666666668,159,245,8,0.6489795918367347,false,2,10,"high long-wait share, low-to-mid pressure"
156,Staten Island,Mariners Harbor,Weekend,4,100,8,12.5,22,2.75,6.966666666666667,13.876666666666667,0.22,5.366666666666666,12.066666666666666,0.1614305787534134,1.6000000000000005,100,107,8,0.9345794392523364,false,4,10,"high long-wait share, low-to-mid pressure"
44,Staten Island,Charleston/Tottenville,Weekday,20,314,22,14.272727272727273,69,3.1363636363636362,6.208333333333334,12.876666666666663,0.2197452229299363,3.6166666666666667,8.516666666666667,0.06397281094931385,2.5916666666666672,314,366,22,0.8579234972677595,false,3,10,"high long-wait share, low-to-mid pressure"
200,Bronx,Riverdale/North Riverdale/Fieldston,Weekend,22,492,8,61.5,108,13.5,6.491666666666667,13.223333333333336,0.21951219512195122,4.966666666666667,11.65,0.14563746000492248,1.5250000000000004,492,483,8,1.0186335403726707,false,5,10,"high long-wait share, low-to-mid pressure"
206,Staten Island,Saint George/New Brighton,Weekend,21,690,8,86.25,151,18.875,5.933333333333334,14.543333333333337,0.21884057971014492,4.5,10.683333333333334,0.11742836553102828,1.4333333333333336,690,659,8,1.047040971168437,false,5,10,"high long-wait share, low-to-mid pressure"
254,Bronx,Williamsbridge/Olinville,Weekday,3,691,22,31.40909090909091,151,6.863636363636363,6.083333333333333,13.816666666666666,0.21852387843704776,4.666666666666667,10.816666666666666,0.12186100419248215,1.416666666666666,691,992,22,0.6965725806451613,false,2,10,"high long-wait share, low-to-mid pressure"
98,Queens,Fresh Meadows,Weekend,23,229,8,28.625,50,6.25,5.933333333333334,12.786666666666667,0.2183406113537118,5.283333333333333,12.25,0.1677525269003699,0.6500000000000004,229,241,8,0.950207468879668,false,4,10,"high long-wait share, low-to-mid pressure"
121,Queens,Hillcrest/Pomonok,Weekend,23,513,8,64.125,112,14.0,5.983333333333333,13.58,0.21832358674463936,5.283333333333333,12.25,0.1677525269003699,0.7000000000000002,513,658,8,0.7796352583586627,false,3,10,"high long-wait share, low-to-mid pressure"
57,Queens,Corona,Weekday,23,165,22,7.5,36,1.6363636363636365,5.583333333333333,13.813333333333329,0.21818181818181817,4.3,10.3,0.1080249373933054,1.2833333333333332,165,232,22,0.7112068965517241,false,2,10,"high long-wait share, low-to-mid pressure"
200,Bronx,Riverdale/North Riverdale/Fieldston,Weekend,2,110,8,13.75,24,3.0,6.433333333333334,12.10666666666668,0.21818181818181817,4.666666666666667,10.383333333333333,0.11081332529840253,1.7666666666666666,110,379,8,0.29023746701846964,false,1,10,"high long-wait share, low-to-mid pressure"
35,Brooklyn,Brownsville,Weekday,3,1152,22,52.36363636363637,251,11.409090909090908,6.166666666666667,14.465000000000002,0.21788194444444445,4.666666666666667,10.816666666666666,0.12186100419248215,1.5,1152,1341,22,0.8590604026845637,false,3,10,"high long-wait share, low-to-mid pressure"
98,Queens,Fresh Meadows,Weekday,0,317,22,14.409090909090908,69,3.1363636363636362,5.533333333333333,13.056666666666668,0.21766561514195584,4.0,10.083333333333334,0.10177437556229296,1.5333333333333332,305,437,21,0.6979405034324943,false,2,10,"high long-wait share, low-to-mid pressure"
201,Queens,Rockaway Park,Weekday,23,285,22,12.954545454545455,62,2.8181818181818183,6.566666666666666,13.91333333333333,0.21754385964912282,4.3,10.3,0.1080249373933054,2.2666666666666666,285,403,22,0.707196029776675,false,2,10,"high long-wait share, low-to-mid pressure"
55,Brooklyn,Coney Island,Weekday,1,529,22,24.045454545454547,115,5.2272727272727275,5.316666666666666,13.34,0.21739130434782608,3.9166666666666665,9.5,0.0863389263499033,1.4,529,1245,22,0.4248995983935743,false,1,10,"high long-wait share, low-to-mid pressure"
38,Queens,Cambria Heights,Weekday,2,198,22,9.0,43,1.9545454545454546,6.225,13.365,0.21717171717171718,4.166666666666667,9.733333333333333,0.0917155118275068,2.0583333333333327,198,335,22,0.591044776119403,false,2,10,"high long-wait share, low-to-mid pressure"
37,Brooklyn,Bushwick South,Weekend,4,3505,8,438.125,761,95.125,6.25,13.493333333333332,0.21711840228245363,5.366666666666666,12.066666666666666,0.1614305787534134,0.8833333333333337,3505,4186,8,0.8373148590539895,false,3,10,"high long-wait share, low-to-mid pressure"
200,Bronx,Riverdale/North Riverdale/Fieldston,Weekday,2,152,22,6.909090909090909,33,1.5,6.858333333333333,12.753333333333334,0.21710526315789475,4.166666666666667,9.733333333333333,0.0917155118275068,2.6916666666666664,152,450,22,0.3377777777777778,false,1,10,"high long-wait share, low-to-mid pressure"
19,Queens,Bellerose,Weekday,0,258,22,11.727272727272727,56,2.5454545454545454,6.283333333333333,12.986666666666666,0.21705426356589147,4.0,10.083333333333334,0.10177437556229296,2.283333333333333,243,444,21,0.5472972972972973,false,1,10,"high long-wait share, low-to-mid pressure"
245,Staten Island,West Brighton,Weekend,21,212,8,26.5,46,5.75,6.308333333333334,13.630000000000003,0.2169811320754717,4.5,10.683333333333334,0.11742836553102828,1.8083333333333336,212,224,8,0.9464285714285714,false,4,10,"high long-wait share, low-to-mid pressure"
203,Queens,Rosedale,Weekend,2,203,8,25.375,44,5.5,6.366666666666666,12.013333333333335,0.21674876847290642,4.666666666666667,10.383333333333333,0.11081332529840253,1.6999999999999993,203,331,8,0.6132930513595166,false,2,10,"high long-wait share, low-to-mid pressure"
72,Brooklyn,East Flatbush/Remsen Village,Weekday,3,974,22,44.27272727272727,211,9.590909090909092,6.041666666666666,14.190000000000001,0.2166324435318275,4.666666666666667,10.816666666666666,0.12186100419248215,1.3749999999999991,974,1085,22,0.8976958525345622,false,4,10,"high long-wait share, low-to-mid pressure"
252,Queens,Whitestone,Weekday,0,282,22,12.818181818181818,61,2.772727272727273,6.283333333333333,13.215,0.21631205673758866,4.0,10.083333333333334,0.10177437556229296,2.283333333333333,276,625,21,0.4416,false,1,10,"high long-wait share, low-to-mid pressure"
245,Staten Island,West Brighton,Weekend,1,227,8,28.375,49,6.125,7.15,13.370000000000001,0.21585903083700442,4.466666666666667,10.033333333333333,0.10095353961802017,2.6833333333333336,227,237,8,0.9578059071729957,false,4,10,"high long-wait share, low-to-mid pressure"
156,Staten Island,Mariners Harbor,Weekday,1,227,22,10.318181818181818,49,2.227272727272727,6.133333333333334,13.726666666666667,0.21585903083700442,3.9166666666666665,9.5,0.0863389263499033,2.2166666666666672,227,529,22,0.42911153119092627,false,1,10,"high long-wait share, low-to-mid pressure"
81,Bronx,Eastchester,Weekend,21,802,8,100.25,173,21.625,5.8916666666666675,13.666666666666666,0.21571072319201995,4.5,10.683333333333334,0.11742836553102828,1.3916666666666675,802,864,8,0.9282407407407407,false,4,10,"high long-wait share, low-to-mid pressure"
98,Queens,Fresh Meadows,Weekend,0,204,8,25.5,44,5.5,5.666666666666667,12.970000000000002,0.21568627450980393,4.833333333333333,10.8,0.12398178784175715,0.8333333333333339,204,271,8,0.7527675276752768,false,2,10,"high long-wait share, low-to-mid pressure"
102,Queens,Glendale,Weekend,22,747,8,93.375,161,20.125,6.15,14.079999999999998,0.21552878179384202,4.966666666666667,11.65,0.14563746000492248,1.1833333333333336,747,919,8,0.8128400435255713,false,3,10,"high long-wait share, low-to-mid pressure"
23,Staten Island,Bloomfield/Emerson Hill,Weekday,0,348,22,15.818181818181818,75,3.409090909090909,6.233333333333333,13.625,0.21551724137931033,4.0,10.083333333333334,0.10177437556229296,2.2333333333333334,339,735,21,0.46122448979591835,false,1,10,"high long-wait share, low-to-mid pressure"
86,Queens,Far Rockaway,Weekday,23,1147,22,52.13636363636363,247,11.227272727272727,5.833333333333333,13.596666666666671,0.2153443766346992,4.3,10.3,0.1080249373933054,1.5333333333333332,1147,1490,22,0.7697986577181208,false,2,10,"high long-wait share, low-to-mid pressure"
259,Bronx,Woodlawn/Wakefield,Weekday,1,864,22,39.27272727272727,186,8.454545454545455,6.291666666666666,14.175000000000011,0.2152777777777778,3.9166666666666665,9.5,0.0863389263499033,2.3749999999999996,864,1552,22,0.5567010309278351,false,1,10,"high long-wait share, low-to-mid pressure"
44,Staten Island,Charleston/Tottenville,Weekend,9,107,8,13.375,23,2.875,5.95,13.016666666666667,0.21495327102803738,3.85,8.35,0.060274067890929324,2.1,107,138,8,0.7753623188405797,false,2,10,"high long-wait share, low-to-mid pressure"
155,Brooklyn,Marine Park/Mill Basin,Weekend,4,149,8,18.625,32,4.0,6.516666666666667,14.0,0.21476510067114093,5.366666666666666,12.066666666666666,0.1614305787534134,1.1500000000000004,149,260,8,0.573076923076923,false,1,10,"high long-wait share, low-to-mid pressure"
200,Bronx,Riverdale/North Riverdale/Fieldston,Weekend,23,387,8,48.375,83,10.375,6.35,12.770000000000003,0.2144702842377261,5.283333333333333,12.25,0.1677525269003699,1.0666666666666664,387,532,8,0.7274436090225563,false,2,10,"high long-wait share, low-to-mid pressure"
155,Brooklyn,Marine Park/Mill Basin,Weekend,23,505,8,63.125,108,13.5,6.1,13.783333333333335,0.21386138613861386,5.283333333333333,12.25,0.1677525269003699,0.8166666666666664,505,585,8,0.8632478632478633,false,3,10,"high long-wait share, low-to-mid pressure"
203,Queens,Rosedale,Weekday,22,912,22,41.45454545454545,195,8.863636363636363,6.091666666666667,14.059999999999999,0.2138157894736842,4.316666666666666,10.283333333333333,0.10747069193979303,1.7750000000000004,912,1064,22,0.8571428571428571,false,3,10,"high long-wait share, low-to-mid pressure"
122,Queens,Hollis,Weekend,23,262,8,32.75,56,7.0,5.758333333333333,13.245000000000001,0.21374045801526717,5.283333333333333,12.25,0.1677525269003699,0.47499999999999964,262,402,8,0.6517412935323383,false,2,10,"high long-wait share, low-to-mid pressure"
84,Staten Island,Eltingville/Annadale/Prince's Bay,Weekday,5,103,22,4.681818181818182,22,1.0,6.65,12.736666666666666,0.21359223300970873,4.733333333333333,10.55,0.11488716657294443,1.916666666666667,103,100,22,1.03,false,5,10,"high long-wait share, low-to-mid pressure"
156,Staten Island,Mariners Harbor,Weekday,3,136,22,6.181818181818182,29,1.3181818181818181,6.525,12.825,0.21323529411764705,4.666666666666667,10.816666666666666,0.12186100419248215,1.8583333333333334,136,165,22,0.8242424242424242,false,3,10,"high long-wait share, low-to-mid pressure"
254,Bronx,Williamsbridge/Olinville,Weekend,4,466,8,58.25,99,12.375,6.183333333333334,13.2,0.21244635193133046,5.366666666666666,12.066666666666666,0.1614305787534134,0.8166666666666673,466,527,8,0.8842504743833017,false,3,10,"high long-wait share, low-to-mid pressure"
10,Queens,Baisley Park,Weekend,22,848,8,106.0,180,22.5,6.133333333333334,13.770000000000005,0.21226415094339623,4.966666666666667,11.65,0.14563746000492248,1.166666666666667,848,971,8,0.8733264675592173,false,3,10,"high long-wait share, low-to-mid pressure"
56,Queens,Corona,Weekend,21,1019,8,127.375,216,27.0,5.95,12.99,0.21197252208047104,4.5,10.683333333333334,0.11742836553102828,1.4500000000000002,1019,1186,8,0.8591905564924115,false,3,10,"high long-wait share, low-to-mid pressure"
6,Staten Island,Arrochar/Fort Wadsworth,Weekend,19,151,8,18.875,32,4.0,5.816666666666666,13.916666666666666,0.2119205298013245,4.3,10.0,0.09964006490632837,1.5166666666666666,151,147,8,1.0272108843537415,false,5,10,"high long-wait share, low-to-mid pressure"
139,Queens,Laurelton,Weekend,21,477,8,59.625,101,12.625,6.0,12.673333333333334,0.21174004192872117,4.5,10.683333333333334,0.11742836553102828,1.5,477,479,8,0.9958246346555324,false,5,10,"high long-wait share, low-to-mid pressure"
31,Bronx,Bronx Park,Weekend,15,444,8,55.5,94,11.75,6.1,12.728333333333333,0.21171171171171171,4.15,9.133333333333333,0.07782127108393573,1.9499999999999993,444,527,8,0.8425047438330171,false,3,10,"high long-wait share, low-to-mid pressure"
51,Bronx,Co-Op City,Weekend,0,889,8,111.125,188,23.5,6.1,13.25,0.21147356580427445,4.833333333333333,10.8,0.12398178784175715,1.2666666666666666,889,1073,8,0.8285181733457595,false,3,10,"high long-wait share, low-to-mid pressure"
73,Queens,East Flushing,Weekend,21,265,8,33.125,56,7.0,5.566666666666666,14.099999999999998,0.21132075471698114,4.5,10.683333333333334,0.11742836553102828,1.0666666666666664,265,332,8,0.7981927710843374,false,3,10,"high long-wait share, low-to-mid pressure"
44,Staten Island,Charleston/Tottenville,Weekend,12,142,8,17.75,30,3.75,5.824999999999999,13.14,0.2112676056338028,4.2,9.216666666666667,0.07988908812951469,1.6249999999999991,142,155,8,0.9161290322580645,false,4,10,"high long-wait share, low-to-mid pressure"
15,Queens,Bay Terrace/Fort Totten,Weekday,20,516,22,23.454545454545453,109,4.954545454545454,5.991666666666667,12.433333333333334,0.21124031007751937,3.6166666666666667,8.516666666666667,0.06397281094931385,2.3750000000000004,516,584,22,0.8835616438356164,false,3,10,"high long-wait share, low-to-mid pressure"
23,Staten Island,Bloomfield/Emerson Hill,Weekday,23,677,22,30.772727272727273,143,6.5,5.716666666666667,12.969999999999999,0.21122599704579026,4.3,10.3,0.1080249373933054,1.416666666666667,677,902,22,0.7505543237250555,false,2,10,"high long-wait share, low-to-mid pressure"
152,Manhattan,Manhattanville,Weekend,23,573,8,71.625,121,15.125,5.316666666666666,12.923333333333336,0.2111692844677138,5.283333333333333,12.25,0.1677525269003699,0.033333333333333215,573,682,8,0.8401759530791789,false,3,10,"high long-wait share, low-to-mid pressure"
109,Staten Island,Great Kills,Weekend,18,199,8,24.875,42,5.25,5.866666666666666,14.986666666666672,0.21105527638190955,4.066666666666666,9.2,0.07939565130134463,1.7999999999999998,199,200,8,0.995,false,5,10,"high long-wait share, low-to-mid pressure"
121,Queens,Hillcrest/Pomonok,Weekend,5,294,8,36.75,62,7.75,5.983333333333333,13.02,0.2108843537414966,4.85,10.833333333333334,0.12383196890763251,1.1333333333333337,294,297,8,0.98989898989899,false,5,10,"high long-wait share, low-to-mid pressure"
171,Queens,Murray Hill-Queens,Weekend,22,641,8,80.125,135,16.875,5.95,13.75,0.21060842433697347,4.966666666666667,11.65,0.14563746000492248,0.9833333333333334,641,686,8,0.934402332361516,false,4,10,"high long-wait share, low-to-mid pressure"
76,Brooklyn,East New York,Weekend,3,1377,8,172.125,290,36.25,5.966666666666667,13.183333333333334,0.21060275962236746,5.016666666666667,11.416666666666666,0.14056691137983332,0.9500000000000002,1377,1872,8,0.7355769230769231,false,2,10,"high long-wait share, low-to-mid pressure"
185,Bronx,Pelham Parkway,Weekend,23,717,8,89.625,151,18.875,6.333333333333333,14.146666666666667,0.2105997210599721,5.283333333333333,12.25,0.1677525269003699,1.0499999999999998,717,754,8,0.9509283819628647,false,4,10,"high long-wait share, low-to-mid pressure"
84,Staten Island,Eltingville/Annadale/Prince's Bay,Weekday,23,247,22,11.227272727272727,52,2.3636363636363638,6.383333333333334,13.023333333333333,0.21052631578947367,4.3,10.3,0.1080249373933054,2.083333333333334,247,287,22,0.8606271777003485,false,3,10,"high long-wait share, low-to-mid pressure"
235,Bronx,University Heights/Morris Heights,Weekend,4,466,8,58.25,98,12.25,6.033333333333333,13.425,0.21030042918454936,5.366666666666666,12.066666666666666,0.1614305787534134,0.666666666666667,466,831,8,0.5607701564380265,false,1,10,"high long-wait share, low-to-mid pressure"
71,Brooklyn,East Flatbush/Farragut,Weekend,5,495,8,61.875,104,13.0,5.95,13.693333333333335,0.2101010101010101,4.85,10.833333333333334,0.12383196890763251,1.1000000000000005,495,555,8,0.8918918918918919,false,4,10,"high long-wait share, low-to-mid pressure"
176,Staten Island,Oakwood,Weekday,22,119,22,5.409090909090909,25,1.1363636363636365,6.3,15.469999999999999,0.21008403361344538,4.316666666666666,10.283333333333333,0.10747069193979303,1.9833333333333334,119,265,22,0.4490566037735849,false,1,10,"high long-wait share, low-to-mid pressure"
203,Queens,Rosedale,Weekend,0,400,8,50.0,84,10.5,6.433333333333334,12.573333333333334,0.21,4.833333333333333,10.8,0.12398178784175715,1.6000000000000005,400,467,8,0.8565310492505354,false,3,10,"high long-wait share, low-to-mid pressure"
10,Queens,Baisley Park,Weekend,23,681,8,85.125,143,17.875,5.916666666666667,13.383333333333333,0.20998531571218795,5.283333333333333,12.25,0.1677525269003699,0.6333333333333337,681,990,8,0.6878787878787879,false,2,10,"high long-wait share, low-to-mid pressure"
259,Bronx,Woodlawn/Wakefield,Weekend,23,886,8,110.75,186,23.25,6.083333333333333,13.058333333333334,0.20993227990970656,5.283333333333333,12.25,0.1677525269003699,0.7999999999999998,886,842,8,1.0522565320665083,false,5,10,"high long-wait share, low-to-mid pressure"
39,Brooklyn,Canarsie,Weekend,23,1792,8,224.0,376,47.0,6.033333333333333,13.64666666666667,0.20982142857142858,5.283333333333333,12.25,0.1677525269003699,0.75,1792,2084,8,0.8598848368522073,false,3,10,"high long-wait share, low-to-mid pressure"
124,Queens,Howard Beach,Weekend,1,205,8,25.625,43,5.375,6.05,13.676666666666662,0.2097560975609756,4.466666666666667,10.033333333333333,0.10095353961802017,1.583333333333333,205,313,8,0.6549520766773163,false,2,10,"high long-wait share, low-to-mid pressure"
168,Bronx,Mott Haven/Port Morris,Weekend,22,2074,8,259.25,434,54.25,5.65,13.173333333333334,0.20925747348119575,4.966666666666667,11.65,0.14563746000492248,0.6833333333333336,2074,2366,8,0.8765849535080305,false,3,10,"high long-wait share, low-to-mid pressure"
23,Staten Island,Bloomfield/Emerson Hill,Weekday,22,867,22,39.40909090909091,181,8.227272727272727,5.95,13.546666666666667,0.20876585928489041,4.316666666666666,10.283333333333333,0.10747069193979303,1.6333333333333337,867,947,22,0.9155227032734953,false,4,10,"high long-wait share, low-to-mid pressure"
139,Queens,Laurelton,Weekend,1,302,8,37.75,63,7.875,5.775,12.961666666666675,0.20860927152317882,4.466666666666667,10.033333333333333,0.10095353961802017,1.3083333333333336,302,462,8,0.6536796536796536,false,2,10,"high long-wait share, low-to-mid pressure"
208,Bronx,Schuylerville/Edgewater Park,Weekday,3,513,22,23.318181818181817,107,4.863636363636363,6.4,13.76666666666667,0.20857699805068225,4.666666666666667,10.816666666666666,0.12186100419248215,1.7333333333333334,513,579,22,0.8860103626943006,false,3,10,"high long-wait share, low-to-mid pressure"
86,Queens,Far Rockaway,Weekend,2,235,8,29.375,49,6.125,6.033333333333333,16.506666666666668,0.20851063829787234,4.666666666666667,10.383333333333333,0.11081332529840253,1.3666666666666663,235,482,8,0.487551867219917,false,1,10,"high long-wait share, low-to-mid pressure"
77,Brooklyn,East New York/Pennsylvania Avenue,Weekend,23,836,8,104.5,174,21.75,5.791666666666666,13.25,0.20813397129186603,5.283333333333333,12.25,0.1677525269003699,0.5083333333333329,836,1006,8,0.831013916500994,false,3,10,"high long-wait share, low-to-mid pressure"
206,Staten Island,Saint George/New Brighton,Weekend,5,226,8,28.25,47,5.875,5.758333333333333,13.175,0.2079646017699115,4.85,10.833333333333334,0.12383196890763251,0.9083333333333332,226,236,8,0.9576271186440678,false,4,10,"high long-wait share, low-to-mid pressure"
53,Queens,College Point,Weekend,19,457,8,57.125,95,11.875,5.683333333333334,12.546666666666667,0.20787746170678337,4.3,10.0,0.09964006490632837,1.3833333333333337,457,460,8,0.9934782608695653,false,5,10,"high long-wait share, low-to-mid pressure"
117,Queens,Hammels/Arverne,Weekday,21,1174,22,53.36363636363637,244,11.090909090909092,6.008333333333333,13.295,0.20783645655877342,4.0,9.65,0.09069898848801876,2.008333333333333,1174,1382,22,0.849493487698987,false,3,10,"high long-wait share, low-to-mid pressure"
55,Brooklyn,Coney Island,Weekend,23,660,8,82.5,137,17.125,5.958333333333334,13.540000000000001,0.20757575757575758,5.283333333333333,12.25,0.1677525269003699,0.6750000000000007,660,849,8,0.7773851590106007,false,3,10,"high long-wait share, low-to-mid pressure"
201,Queens,Rockaway Park,Weekend,8,106,8,13.25,22,2.75,5.291666666666667,12.116666666666667,0.20754716981132076,3.783333333333333,8.283333333333333,0.05778555961010838,1.5083333333333337,106,108,8,0.9814814814814815,false,5,10,"high long-wait share, low-to-mid pressure"
175,Queens,Oakland Gardens,Weekday,0,106,22,4.818181818181818,22,1.0,5.958333333333334,11.725000000000001,0.20754716981132076,4.0,10.083333333333334,0.10177437556229296,1.958333333333334,102,411,21,0.24817518248175183,false,1,10,"high long-wait share, low-to-mid pressure"
53,Queens,College Point,Weekday,23,874,22,39.72727272727273,181,8.227272727272727,6.0,12.906666666666668,0.20709382151029748,4.3,10.3,0.1080249373933054,1.7000000000000002,874,1489,22,0.5869711215580927,false,1,10,"high long-wait share, low-to-mid pressure"
98,Queens,Fresh Meadows,Weekday,1,198,22,9.0,41,1.8636363636363635,5.591666666666667,13.271666666666668,0.20707070707070707,3.9166666666666665,9.5,0.0863389263499033,1.6750000000000003,198,296,22,0.668918918918919,false,2,10,"high long-wait share, low-to-mid pressure"
6,Staten Island,Arrochar/Fort Wadsworth,Weekend,21,145,8,18.125,30,3.75,5.85,14.243333333333332,0.20689655172413793,4.5,10.683333333333334,0.11742836553102828,1.3499999999999996,145,144,8,1.0069444444444444,false,5,10,"high long-wait share, low-to-mid pressure"
53,Queens,College Point,Weekday,2,232,22,10.545454545454545,48,2.1818181818181817,6.366666666666667,13.661666666666667,0.20689655172413793,4.166666666666667,9.733333333333333,0.0917155118275068,2.2,232,566,22,0.4098939929328622,false,1,10,"high long-wait share, low-to-mid pressure"
152,Manhattan,Manhattanville,Weekday,4,411,22,18.681818181818183,85,3.8636363636363638,5.783333333333333,13.566666666666666,0.20681265206812652,5.033333333333333,11.283333333333333,0.13485731819576557,0.75,411,414,22,0.9927536231884058,false,5,10,"high long-wait share, low-to-mid pressure"
63,Brooklyn,Cypress Hills,Weekday,3,620,22,28.181818181818183,128,5.818181818181818,5.616666666666666,12.868333333333336,0.2064516129032258,4.666666666666667,10.816666666666666,0.12186100419248215,0.9499999999999993,620,737,22,0.841248303934871,false,3,10,"high long-wait share, low-to-mid pressure"
185,Bronx,Pelham Parkway,Weekend,4,223,8,27.875,46,5.75,5.9,11.770000000000003,0.2062780269058296,5.366666666666666,12.066666666666666,0.1614305787534134,0.5333333333333341,223,326,8,0.6840490797546013,false,2,10,"high long-wait share, low-to-mid pressure"
258,Queens,Woodhaven,Weekend,23,810,8,101.25,167,20.875,5.725,12.901666666666667,0.20617283950617285,5.283333333333333,12.25,0.1677525269003699,0.44166666666666643,810,1195,8,0.6778242677824268,false,2,10,"high long-wait share, low-to-mid pressure"
204,Staten Island,Rossville/Woodrow,Weekday,21,131,22,5.954545454545454,27,1.2272727272727273,5.966666666666667,14.166666666666666,0.20610687022900764,4.0,9.65,0.09069898848801876,1.9666666666666668,131,183,22,0.7158469945355191,false,2,10,"high long-wait share, low-to-mid pressure"
147,Bronx,Longwood,Weekend,23,573,8,71.625,118,14.75,5.666666666666667,13.3,0.20593368237347295,5.283333333333333,12.25,0.1677525269003699,0.38333333333333375,573,736,8,0.7785326086956522,false,3,10,"high long-wait share, low-to-mid pressure"
250,Bronx,Westchester Village/Unionport,Weekend,23,646,8,80.75,133,16.625,5.966666666666667,12.933333333333334,0.20588235294117646,5.283333333333333,12.25,0.1677525269003699,0.6833333333333336,646,722,8,0.8947368421052632,false,4,10,"high long-wait share, low-to-mid pressure"
194,Manhattan,Randalls Island,Weekend,15,170,8,21.25,35,4.375,5.6,13.396666666666667,0.20588235294117646,4.15,9.133333333333333,0.07782127108393573,1.4499999999999993,170,225,8,0.7555555555555555,false,2,10,"high long-wait share, low-to-mid pressure"
124,Queens,Howard Beach,Weekend,3,146,8,18.25,30,3.75,6.625,13.858333333333334,0.2054794520547945,5.016666666666667,11.416666666666666,0.14056691137983332,1.6083333333333334,146,176,8,0.8295454545454546,false,3,10,"high long-wait share, low-to-mid pressure"
202,Manhattan,Roosevelt Island,Weekend,18,224,8,28.0,46,5.75,6.066666666666666,13.38500000000001,0.20535714285714285,4.066666666666666,9.2,0.07939565130134463,2.0,224,302,8,0.7417218543046358,false,2,10,"high long-wait share, low-to-mid pressure"
203,Queens,Rosedale,Weekend,1,283,8,35.375,58,7.25,5.583333333333333,14.033333333333335,0.2049469964664311,4.466666666666667,10.033333333333333,0.10095353961802017,1.1166666666666663,283,423,8,0.6690307328605201,false,2,10,"high long-wait share, low-to-mid pressure"
155,Brooklyn,Marine Park/Mill Basin,Weekend,22,635,8,79.375,130,16.25,6.266666666666667,13.220000000000002,0.2047244094488189,4.966666666666667,11.65,0.14563746000492248,1.2999999999999998,635,628,8,1.0111464968152866,false,5,10,"high long-wait share, low-to-mid pressure"
219,Queens,Springfield Gardens South,Weekday,2,254,22,11.545454545454545,52,2.3636363636363638,5.941666666666666,13.25,0.2047244094488189,4.166666666666667,9.733333333333333,0.0917155118275068,1.7749999999999995,254,582,22,0.436426116838488,false,1,10,"high long-wait share, low-to-mid pressure"
258,Queens,Woodhaven,Weekend,4,562,8,70.25,115,14.375,6.341666666666667,13.248333333333333,0.20462633451957296,5.366666666666666,12.066666666666666,0.1614305787534134,0.9750000000000005,562,604,8,0.9304635761589404,false,4,10,"high long-wait share, low-to-mid pressure"
69,Bronx,East Concourse/Concourse Village,Weekend,23,1506,8,188.25,308,38.5,5.925000000000001,13.125,0.20451527224435592,5.283333333333333,12.25,0.1677525269003699,0.6416666666666675,1506,1764,8,0.8537414965986394,false,3,10,"high long-wait share, low-to-mid pressure"
32,Bronx,Bronxdale,Weekend,23,719,8,89.875,147,18.375,5.9,13.133333333333333,0.20445062586926285,5.283333333333333,12.25,0.1677525269003699,0.6166666666666671,719,840,8,0.8559523809523809,false,3,10,"high long-wait share, low-to-mid pressure"
6,Staten Island,Arrochar/Fort Wadsworth,Weekday,23,274,22,12.454545454545455,56,2.5454545454545454,5.733333333333333,13.423333333333336,0.20437956204379562,4.3,10.3,0.1080249373933054,1.4333333333333336,274,311,22,0.8810289389067524,false,3,10,"high long-wait share, low-to-mid pressure"
252,Queens,Whitestone,Weekend,5,147,8,18.375,30,3.75,5.95,11.91,0.20408163265306123,4.85,10.833333333333334,0.12383196890763251,1.1000000000000005,147,218,8,0.6743119266055045,false,2,10,"high long-wait share, low-to-mid pressure"
159,Bronx,Melrose South,Weekend,23,1235,8,154.375,252,31.5,5.583333333333333,13.203333333333337,0.2040485829959514,5.283333333333333,12.25,0.1677525269003699,0.2999999999999998,1235,1353,8,0.9127864005912787,false,4,10,"high long-wait share, low-to-mid pressure"
35,Brooklyn,Brownsville,Weekend,23,1657,8,207.125,338,42.25,5.916666666666667,12.79666666666667,0.203983101991551,5.283333333333333,12.25,0.1677525269003699,0.6333333333333337,1657,1857,8,0.8922994076467421,false,4,10,"high long-wait share, low-to-mid pressure"
55,Brooklyn,Coney Island,Weekend,1,407,8,50.875,83,10.375,5.833333333333333,13.100000000000005,0.20393120393120392,4.466666666666667,10.033333333333333,0.10095353961802017,1.3666666666666663,407,797,8,0.5106649937264742,false,1,10,"high long-wait share, low-to-mid pressure"
221,Staten Island,Stapleton,Weekend,0,255,8,31.875,52,6.5,6.466666666666667,14.046666666666665,0.20392156862745098,4.833333333333333,10.8,0.12398178784175715,1.6333333333333337,255,412,8,0.6189320388349514,false,2,10,"high long-wait share, low-to-mid pressure"
213,Bronx,Soundview/Castle Hill,Weekend,22,1428,8,178.5,291,36.375,5.966666666666667,12.80833333333333,0.20378151260504201,4.966666666666667,11.65,0.14563746000492248,1.0,1428,1427,8,1.0007007708479327,false,5,10,"high long-wait share, low-to-mid pressure"
215,Queens,South Jamaica,Weekend,22,801,8,100.125,163,20.375,6.083333333333333,13.75,0.2034956304619226,4.966666666666667,11.65,0.14563746000492248,1.1166666666666663,801,851,8,0.9412455934195064,false,4,10,"high long-wait share, low-to-mid pressure"
210,Brooklyn,Sheepshead Bay,Weekend,23,684,8,85.5,139,17.375,5.65,13.556666666666668,0.20321637426900585,5.283333333333333,12.25,0.1677525269003699,0.36666666666666714,684,874,8,0.782608695652174,false,3,10,"high long-wait share, low-to-mid pressure"
168,Bronx,Mott Haven/Port Morris,Weekend,23,1807,8,225.875,367,45.875,5.766666666666667,13.156666666666677,0.20309905921416713,5.283333333333333,12.25,0.1677525269003699,0.4833333333333334,1807,2179,8,0.8292794860027536,false,3,10,"high long-wait share, low-to-mid pressure"
195,Brooklyn,Red Hook,Weekday,2,197,22,8.954545454545455,40,1.8181818181818181,5.483333333333333,13.386666666666668,0.20304568527918782,4.166666666666667,9.733333333333333,0.0917155118275068,1.3166666666666664,197,575,22,0.3426086956521739,false,1,10,"high long-wait share, low-to-mid pressure"
201,Queens,Rockaway Park,Weekday,16,607,22,27.59090909090909,123,5.590909090909091,5.65,13.199999999999998,0.2026359143327842,3.7666666666666666,8.533333333333333,0.06292970908776607,1.8833333333333337,607,578,22,1.0501730103806228,false,5,10,"high long-wait share, low-to-mid pressure"
16,Queens,Bayside,Weekend,5,168,8,21.0,34,4.25,6.2,12.953333333333335,0.20238095238095238,4.85,10.833333333333334,0.12383196890763251,1.3500000000000005,168,190,8,0.8842105263157894,false,3,10,"high long-wait share, low-to-mid pressure"
93,Queens,Flushing Meadows-Corona Park,Weekend,16,435,8,54.375,88,11.0,5.683333333333334,15.43333333333334,0.20229885057471264,4.016666666666667,9.066666666666666,0.07574087796968718,1.666666666666667,435,628,8,0.6926751592356688,false,2,10,"high long-wait share, low-to-mid pressure"
53,Queens,College Point,Weekend,1,262,8,32.75,53,6.625,5.758333333333333,12.495000000000001,0.20229007633587787,4.466666666666667,10.033333333333333,0.10095353961802017,1.291666666666666,262,504,8,0.5198412698412699,false,1,10,"high long-wait share, low-to-mid pressure"
54,Brooklyn,Columbia Street,Weekend,23,193,8,24.125,39,4.875,5.65,12.440000000000001,0.20207253886010362,5.283333333333333,12.25,0.1677525269003699,0.36666666666666714,193,233,8,0.8283261802575107,false,3,10,"high long-wait share, low-to-mid pressure"
86,Queens,Far Rockaway,Weekday,21,1257,22,57.13636363636363,254,11.545454545454545,5.65,12.833333333333334,0.2020684168655529,4.0,9.65,0.09069898848801876,1.6500000000000004,1257,1499,22,0.8385590393595731,false,3,10,"high long-wait share, low-to-mid pressure"
6,Staten Island,Arrochar/Fort Wadsworth,Weekday,7,485,22,22.045454545454547,98,4.454545454545454,6.05,13.573333333333334,0.2020618556701031,4.716666666666667,10.916666666666666,0.12505400636974198,1.333333333333333,485,479,22,1.0125260960334028,false,5,10,"high long-wait share, low-to-mid pressure"
115,Staten Island,Grymes Hill/Clifton,Weekend,21,203,8,25.375,41,5.125,5.733333333333333,15.386666666666668,0.2019704433497537,4.5,10.683333333333334,0.11742836553102828,1.2333333333333334,203,290,8,0.7,false,2,10,"high long-wait share, low-to-mid pressure"
201,Queens,Rockaway Park,Weekday,13,431,22,19.59090909090909,87,3.9545454545454546,5.516666666666667,11.816666666666666,0.20185614849187936,3.7666666666666666,8.4,0.06083681462951353,1.75,431,445,22,0.9685393258426966,false,4,10,"high long-wait share, low-to-mid pressure"
122,Queens,Hollis,Weekend,4,119,8,14.875,24,3.0,6.516666666666667,13.50666666666667,0.20168067226890757,5.366666666666666,12.066666666666666,0.1614305787534134,1.1500000000000004,119,147,8,0.8095238095238095,false,3,10,"high long-wait share, low-to-mid pressure"
215,Queens,South Jamaica,Weekday,2,447,22,20.318181818181817,90,4.090909090909091,5.533333333333333,13.923333333333334,0.20134228187919462,4.166666666666667,9.733333333333333,0.0917155118275068,1.3666666666666663,447,1021,22,0.43780607247796277,false,1,10,"high long-wait share, low-to-mid pressure"
70,Queens,East Elmhurst,Weekday,21,1283,22,58.31818181818182,258,11.727272727272727,5.35,12.866666666666667,0.20109119251753702,4.0,9.65,0.09069898848801876,1.3499999999999996,1283,2052,22,0.6252436647173489,false,2,10,"high long-wait share, low-to-mid pressure"
195,Brooklyn,Red Hook,Weekday,3,204,22,9.272727272727273,41,1.8636363636363635,5.941666666666666,13.288333333333338,0.20098039215686275,4.666666666666667,10.816666666666666,0.12186100419248215,1.2749999999999995,204,279,22,0.7311827956989247,false,2,10,"high long-wait share, low-to-mid pressure"
187,Staten Island,Port Richmond,Weekday,23,339,22,15.409090909090908,68,3.090909090909091,5.8,13.243333333333332,0.20058997050147492,4.3,10.3,0.1080249373933054,1.5,339,492,22,0.6890243902439024,false,2,10,"high long-wait share, low-to-mid pressure"
15,Queens,Bay Terrace/Fort Totten,Weekday,21,494,22,22.454545454545453,99,4.5,5.916666666666667,13.296666666666665,0.20040485829959515,4.0,9.65,0.09069898848801876,1.916666666666667,494,531,22,0.9303201506591338,false,4,10,"high long-wait share, low-to-mid pressure"
58,Bronx,Country Club,Weekend,19,105,8,13.125,21,2.625,5.8,12.98,0.2,4.3,10.0,0.09964006490632837,1.5,105,116,8,0.9051724137931034,false,4,10,"high long-wait share, low-to-mid pressure"
44,Staten Island,Charleston/Tottenville,Weekend,10,110,8,13.75,22,2.75,5.4,13.211666666666668,0.2,3.8833333333333333,8.383333333333333,0.06003768772484154,1.516666666666667,110,127,8,0.8661417322834646,false,3,10,"high long-wait share, low-to-mid pressure"
215,Queens,South Jamaica,Weekday,3,535,22,24.318181818181817,107,4.863636363636363,5.75,12.776666666666667,0.2,4.666666666666667,10.816666666666666,0.12186100419248215,1.083333333333333,535,663,22,0.8069381598793364,false,3,10,"high long-wait share, low-to-mid pressure"
213,Bronx,Soundview/Castle Hill,Weekday,3,702,22,31.90909090909091,140,6.363636363636363,5.824999999999999,13.5,0.19943019943019943,4.666666666666667,10.816666666666666,0.12186100419248215,1.1583333333333323,702,1066,22,0.6585365853658537,false,2,10,"high long-wait share, low-to-mid pressure"
258,Queens,Woodhaven,Weekend,22,990,8,123.75,197,24.625,5.45,13.451666666666666,0.198989898989899,4.966666666666667,11.65,0.14563746000492248,0.4833333333333334,990,1243,8,0.7964601769911505,false,3,10,"high long-wait share, low-to-mid pressure"
213,Bronx,Soundview/Castle Hill,Weekend,5,583,8,72.875,116,14.5,6.083333333333333,13.126666666666669,0.19897084048027444,4.85,10.833333333333334,0.12383196890763251,1.2333333333333334,583,656,8,0.8887195121951219,false,3,10,"high long-wait share, low-to-mid pressure"
252,Queens,Whitestone,Weekend,4,151,8,18.875,30,3.75,6.033333333333333,13.3,0.1986754966887417,5.366666666666666,12.066666666666666,0.1614305787534134,0.666666666666667,151,229,8,0.6593886462882096,false,2,10,"high long-wait share, low-to-mid pressure"
121,Queens,Hillcrest/Pomonok,Weekend,22,594,8,74.25,118,14.75,5.625,13.15,0.19865319865319866,4.966666666666667,11.65,0.14563746000492248,0.6583333333333332,594,629,8,0.9443561208267091,false,4,10,"high long-wait share, low-to-mid pressure"
35,Brooklyn,Brownsville,Weekend,22,1864,8,233.0,370,46.25,5.791666666666666,13.411666666666669,0.1984978540772532,4.966666666666667,11.65,0.14563746000492248,0.8249999999999993,1864,1919,8,0.9713392391870767,false,4,10,"high long-wait share, low-to-mid pressure"
108,Brooklyn,Gravesend,Weekend,0,353,8,44.125,70,8.75,5.166666666666667,12.523333333333333,0.19830028328611898,4.833333333333333,10.8,0.12398178784175715,0.3333333333333339,353,522,8,0.6762452107279694,false,2,10,"high long-wait share, low-to-mid pressure"
175,Queens,Oakland Gardens,Weekday,22,353,22,16.045454545454547,70,3.1818181818181817,5.433333333333334,12.463333333333335,0.19830028328611898,4.316666666666666,10.283333333333333,0.10747069193979303,1.1166666666666671,353,548,22,0.6441605839416058,false,2,10,"high long-wait share, low-to-mid pressure"
139,Queens,Laurelton,Weekend,0,439,8,54.875,87,10.875,5.933333333333334,13.016666666666667,0.19817767653758542,4.833333333333333,10.8,0.12398178784175715,1.1000000000000005,439,503,8,0.8727634194831014,false,3,10,"high long-wait share, low-to-mid pressure"
232,Manhattan,Two Bridges/Seward Park,Weekend,0,1396,8,174.5,276,34.5,5.916666666666667,12.425,0.1977077363896848,4.833333333333333,10.8,0.12398178784175715,1.083333333333334,1396,1742,8,0.801377726750861,false,3,10,"high long-wait share, low-to-mid pressure"
70,Queens,East Elmhurst,Weekday,0,664,22,30.181818181818183,131,5.954545454545454,5.583333333333333,12.261666666666668,0.19728915662650603,4.0,10.083333333333334,0.10177437556229296,1.583333333333333,636,1579,21,0.40278657378087396,false,1,10,"high long-wait share, low-to-mid pressure"
203,Queens,Rosedale,Weekday,1,421,22,19.136363636363637,83,3.772727272727273,5.85,13.05,0.19714964370546317,3.9166666666666665,9.5,0.0863389263499033,1.9333333333333331,421,734,22,0.5735694822888283,false,1,10,"high long-wait share, low-to-mid pressure"
251,Staten Island,Westerleigh,Weekend,21,208,8,26.0,41,5.125,5.725,13.836666666666666,0.1971153846153846,4.5,10.683333333333334,0.11742836553102828,1.2249999999999996,208,204,8,1.0196078431372548,false,5,10,"high long-wait share, low-to-mid pressure"
35,Brooklyn,Brownsville,Weekend,4,675,8,84.375,133,16.625,6.133333333333334,13.213333333333335,0.19703703703703704,5.366666666666666,12.066666666666666,0.1614305787534134,0.7666666666666675,675,903,8,0.7475083056478405,false,2,10,"high long-wait share, low-to-mid pressure"
44,Staten Island,Charleston/Tottenville,Weekday,21,264,22,12.0,52,2.3636363636363638,5.708333333333334,13.701666666666672,0.19696969696969696,4.0,9.65,0.09069898848801876,1.708333333333334,264,311,22,0.8488745980707395,false,3,10,"high long-wait share, low-to-mid pressure"
243,Manhattan,Washington Heights North,Weekend,4,853,8,106.625,168,21.0,6.283333333333333,12.366666666666667,0.1969519343493552,5.366666666666666,12.066666666666666,0.1614305787534134,0.916666666666667,853,882,8,0.9671201814058957,false,4,10,"high long-wait share, low-to-mid pressure"
95,Queens,Forest Hills,Weekend,22,1788,8,223.5,352,44.0,5.916666666666667,13.221666666666666,0.19686800894854586,4.966666666666667,11.65,0.14563746000492248,0.9500000000000002,1788,1896,8,0.9430379746835443,false,4,10,"high long-wait share, low-to-mid pressure"
202,Manhattan,Roosevelt Island,Weekend,20,183,8,22.875,36,4.5,5.95,12.746666666666668,0.19672131147540983,4.366666666666666,10.183333333333334,0.10420757738252621,1.583333333333334,183,240,8,0.7625,false,2,10,"high long-wait share, low-to-mid pressure"
15,Queens,Bay Terrace/Fort Totten,Weekend,7,117,8,14.625,23,2.875,5.3,11.830000000000002,0.19658119658119658,4.05,9.066666666666666,0.07534228097389897,1.25,117,121,8,0.9669421487603306,false,4,10,"high long-wait share, low-to-mid pressure"
39,Brooklyn,Canarsie,Weekend,4,804,8,100.5,158,19.75,6.216666666666667,13.240000000000002,0.19651741293532338,5.366666666666666,12.066666666666666,0.1614305787534134,0.8500000000000005,804,971,8,0.8280123583934088,false,3,10,"high long-wait share, low-to-mid pressure"
198,Queens,Ridgewood,Weekend,3,2139,8,267.375,420,52.5,5.966666666666667,13.023333333333337,0.19635343618513323,5.016666666666667,11.416666666666666,0.14056691137983332,0.9500000000000002,2139,2594,8,0.8245952197378565,false,3,10,"high long-wait share, low-to-mid pressure"
196,Queens,Rego Park,Weekend,23,479,8,59.875,94,11.75,6.133333333333334,13.129999999999997,0.19624217118997914,5.283333333333333,12.25,0.1677525269003699,0.8500000000000005,479,640,8,0.7484375,false,2,10,"high long-wait share, low-to-mid pressure"
254,Bronx,Williamsbridge/Olinville,Weekend,23,1432,8,179.0,281,35.125,6.008333333333333,12.866666666666667,0.1962290502793296,5.283333333333333,12.25,0.1677525269003699,0.7249999999999996,1432,1369,8,1.0460189919649379,false,5,10,"high long-wait share, low-to-mid pressure"
42,Manhattan,Central Harlem North,Weekend,23,2544,8,318.0,499,62.375,5.65,13.078333333333338,0.19614779874213836,5.283333333333333,12.25,0.1677525269003699,0.36666666666666714,2544,2970,8,0.8565656565656565,false,3,10,"high long-wait share, low-to-mid pressure"
92,Queens,Flushing,Weekend,0,1703,8,212.875,334,41.75,6.083333333333333,13.266666666666667,0.19612448620082207,4.833333333333333,10.8,0.12398178784175715,1.25,1703,1768,8,0.9632352941176471,false,4,10,"high long-wait share, low-to-mid pressure"
124,Queens,Howard Beach,Weekday,22,928,22,42.18181818181818,182,8.272727272727273,5.733333333333333,12.793333333333337,0.1961206896551724,4.316666666666666,10.283333333333333,0.10747069193979303,1.416666666666667,928,1005,22,0.9233830845771144,false,4,10,"high long-wait share, low-to-mid pressure"
205,Queens,Saint Albans,Weekday,2,628,22,28.545454545454547,123,5.590909090909091,5.683333333333334,12.655000000000001,0.19585987261146498,4.166666666666667,9.733333333333333,0.0917155118275068,1.5166666666666666,628,1247,22,0.5036086607858862,false,1,10,"high long-wait share, low-to-mid pressure"
185,Bronx,Pelham Parkway,Weekday,3,368,22,16.727272727272727,72,3.272727272727273,5.5,12.688333333333336,0.1956521739130435,4.666666666666667,10.816666666666666,0.12186100419248215,0.833333333333333,368,446,22,0.8251121076233184,false,3,10,"high long-wait share, low-to-mid pressure"
156,Staten Island,Mariners Harbor,Weekend,1,138,8,17.25,27,3.375,5.708333333333334,14.31833333333333,0.1956521739130435,4.466666666666667,10.033333333333333,0.10095353961802017,1.2416666666666671,138,248,8,0.5564516129032258,false,1,10,"high long-wait share, low-to-mid pressure"
124,Queens,Howard Beach,Weekend,2,138,8,17.25,27,3.375,6.483333333333333,12.118333333333332,0.1956521739130435,4.666666666666667,10.383333333333333,0.11081332529840253,1.8166666666666664,138,268,8,0.5149253731343284,false,1,10,"high long-wait share, low-to-mid pressure"
192,Queens,Queensboro Hill,Weekend,0,225,8,28.125,44,5.5,5.666666666666667,11.626666666666665,0.19555555555555557,4.833333333333333,10.8,0.12398178784175715,0.8333333333333339,225,378,8,0.5952380952380952,false,2,10,"high long-wait share, low-to-mid pressure"
91,Brooklyn,Flatlands,Weekend,22,1274,8,159.25,249,31.125,5.833333333333333,13.166666666666666,0.19544740973312402,4.966666666666667,11.65,0.14563746000492248,0.8666666666666663,1274,1396,8,0.9126074498567335,false,4,10,"high long-wait share, low-to-mid pressure"
19,Queens,Bellerose,Weekday,22,425,22,19.318181818181817,83,3.772727272727273,5.65,12.883333333333333,0.1952941176470588,4.316666666666666,10.283333333333333,0.10747069193979303,1.333333333333334,425,447,22,0.9507829977628636,false,4,10,"high long-wait share, low-to-mid pressure"
160,Queens,Middle Village,Weekend,21,620,8,77.5,121,15.125,5.683333333333334,13.345000000000004,0.19516129032258064,4.5,10.683333333333334,0.11742836553102828,1.1833333333333336,620,806,8,0.7692307692307693,false,2,10,"high long-wait share, low-to-mid pressure"
37,Brooklyn,Bushwick South,Weekend,3,5069,8,633.625,989,123.625,6.116666666666666,13.169999999999996,0.1951075162753995,5.016666666666667,11.416666666666666,0.14056691137983332,1.0999999999999996,5069,5348,8,0.9478309648466716,false,4,10,"high long-wait share, low-to-mid pressure"
195,Brooklyn,Red Hook,Weekend,3,241,8,30.125,47,5.875,6.566666666666666,12.75,0.1950207468879668,5.016666666666667,11.416666666666666,0.14056691137983332,1.5499999999999998,241,238,8,1.0126050420168067,false,5,10,"high long-wait share, low-to-mid pressure"
200,Bronx,Riverdale/North Riverdale/Fieldston,Weekday,23,882,22,40.09090909090909,172,7.818181818181818,5.8,13.16333333333333,0.19501133786848074,4.3,10.3,0.1080249373933054,1.5,882,1463,22,0.6028708133971292,false,2,10,"high long-wait share, low-to-mid pressure"
3,Bronx,Allerton/Pelham Gardens,Weekend,21,600,8,75.0,117,14.625,5.433333333333334,12.451666666666666,0.195,4.5,10.683333333333334,0.11742836553102828,0.9333333333333336,600,642,8,0.9345794392523364,false,4,10,"high long-wait share, low-to-mid pressure"
124,Queens,Howard Beach,Weekday,1,200,22,9.090909090909092,39,1.7727272727272727,6.041666666666666,12.893333333333333,0.195,3.9166666666666665,9.5,0.0863389263499033,2.1249999999999996,200,502,22,0.398406374501992,false,1,10,"high long-wait share, low-to-mid pressure"
160,Queens,Middle Village,Weekend,23,590,8,73.75,115,14.375,5.791666666666666,12.878333333333337,0.19491525423728814,5.283333333333333,12.25,0.1677525269003699,0.5083333333333329,590,800,8,0.7375,false,2,10,"high long-wait share, low-to-mid pressure"
205,Queens,Saint Albans,Weekend,3,431,8,53.875,84,10.5,6.016666666666667,13.633333333333333,0.19489559164733178,5.016666666666667,11.416666666666666,0.14056691137983332,1.0,431,610,8,0.7065573770491803,false,2,10,"high long-wait share, low-to-mid pressure"
131,Queens,Jamaica Estates,Weekend,23,313,8,39.125,61,7.625,6.1,12.156666666666668,0.19488817891373802,5.283333333333333,12.25,0.1677525269003699,0.8166666666666664,313,406,8,0.770935960591133,false,2,10,"high long-wait share, low-to-mid pressure"
201,Queens,Rockaway Park,Weekday,9,426,22,19.363636363636363,83,3.772727272727273,5.658333333333333,13.7,0.19483568075117372,3.6333333333333333,7.916666666666667,0.04848680895202782,2.025,426,633,22,0.6729857819905213,false,2,10,"high long-wait share, low-to-mid pressure"
121,Queens,Hillcrest/Pomonok,Weekday,2,257,22,11.681818181818182,50,2.272727272727273,5.166666666666667,12.926666666666666,0.19455252918287938,4.166666666666667,9.733333333333333,0.0917155118275068,1.0,257,735,22,0.34965986394557824,false,1,10,"high long-wait share, low-to-mid pressure"
219,Queens,Springfield Gardens South,Weekend,0,360,8,45.0,70,8.75,5.658333333333333,12.49,0.19444444444444445,4.833333333333333,10.8,0.12398178784175715,0.8250000000000002,360,484,8,0.743801652892562,false,2,10,"high long-wait share, low-to-mid pressure"
208,Bronx,Schuylerville/Edgewater Park,Weekday,2,469,22,21.318181818181817,91,4.136363636363637,5.483333333333333,12.969999999999999,0.19402985074626866,4.166666666666667,9.733333333333333,0.0917155118275068,1.3166666666666664,469,881,22,0.5323496027241771,false,1,10,"high long-wait share, low-to-mid pressure"
19,Queens,Bellerose,Weekday,23,464,22,21.09090909090909,90,4.090909090909091,5.766666666666667,12.518333333333333,0.1939655172413793,4.3,10.3,0.1080249373933054,1.4666666666666668,464,439,22,1.0569476082004556,false,5,10,"high long-wait share, low-to-mid pressure"
124,Queens,Howard Beach,Weekday,2,155,22,7.045454545454546,30,1.3636363636363635,6.133333333333334,13.349999999999998,0.1935483870967742,4.166666666666667,9.733333333333333,0.0917155118275068,1.9666666666666668,155,347,22,0.44668587896253603,false,1,10,"high long-wait share, low-to-mid pressure"
155,Brooklyn,Marine Park/Mill Basin,Weekday,1,279,22,12.681818181818182,54,2.4545454545454546,5.616666666666666,12.613333333333333,0.1935483870967742,3.9166666666666665,9.5,0.0863389263499033,1.6999999999999997,279,827,22,0.3373639661426844,false,1,10,"high long-wait share, low-to-mid pressure"
240,Bronx,Van Cortlandt Park,Weekday,5,119,22,5.409090909090909,23,1.0454545454545454,5.65,11.700000000000001,0.19327731092436976,4.733333333333333,10.55,0.11488716657294443,0.916666666666667,119,171,22,0.695906432748538,false,2,10,"high long-wait share, low-to-mid pressure"
73,Queens,East Flushing,Weekend,23,238,8,29.75,46,5.75,5.708333333333334,13.490000000000002,0.19327731092436976,5.283333333333333,12.25,0.1677525269003699,0.4250000000000007,238,362,8,0.6574585635359116,false,2,10,"high long-wait share, low-to-mid pressure"
156,Staten Island,Mariners Harbor,Weekend,22,321,8,40.125,62,7.75,6.45,14.816666666666666,0.19314641744548286,4.966666666666667,11.65,0.14563746000492248,1.4833333333333334,321,318,8,1.009433962264151,false,5,10,"high long-wait share, low-to-mid pressure"
221,Staten Island,Stapleton,Weekend,3,114,8,14.25,22,2.75,6.558333333333334,14.608333333333338,0.19298245614035087,5.016666666666667,11.416666666666666,0.14056691137983332,1.541666666666667,114,159,8,0.7169811320754716,false,2,10,"high long-wait share, low-to-mid pressure"
66,Brooklyn,DUMBO/Vinegar Hill,Weekend,23,985,8,123.125,190,23.75,5.75,12.876666666666667,0.19289340101522842,5.283333333333333,12.25,0.1677525269003699,0.4666666666666668,985,960,8,1.0260416666666667,false,5,10,"high long-wait share, low-to-mid pressure"
77,Brooklyn,East New York/Pennsylvania Avenue,Weekday,3,576,22,26.181818181818183,111,5.045454545454546,5.683333333333334,12.633333333333333,0.19270833333333334,4.666666666666667,10.816666666666666,0.12186100419248215,1.0166666666666666,576,713,22,0.8078541374474053,false,3,10,"high long-wait share, low-to-mid pressure"
70,Queens,East Elmhurst,Weekday,22,1204,22,54.72727272727273,232,10.545454545454545,5.4,12.666666666666666,0.19269102990033224,4.316666666666666,10.283333333333333,0.10747069193979303,1.083333333333334,1204,2112,22,0.5700757575757576,false,1,10,"high long-wait share, low-to-mid pressure"
109,Staten Island,Great Kills,Weekday,22,353,22,16.045454545454547,68,3.090909090909091,5.666666666666667,13.696666666666667,0.19263456090651557,4.316666666666666,10.283333333333333,0.10747069193979303,1.3500000000000005,353,478,22,0.7384937238493724,false,2,10,"high long-wait share, low-to-mid pressure"
256,Brooklyn,Williamsburg (South Side),Weekend,23,3589,8,448.625,691,86.375,6.0,12.366666666666667,0.1925327389244915,5.283333333333333,12.25,0.1677525269003699,0.7166666666666668,3589,3690,8,0.9726287262872628,false,4,10,"high long-wait share, low-to-mid pressure"
31,Bronx,Bronx Park,Weekend,14,374,8,46.75,72,9.0,5.866666666666667,12.78,0.1925133689839572,4.416666666666667,9.75,0.09279814435838042,1.4500000000000002,374,524,8,0.7137404580152672,false,2,10,"high long-wait share, low-to-mid pressure"
176,Staten Island,Oakwood,Weekday,20,213,22,9.681818181818182,41,1.8636363636363635,5.433333333333334,13.07333333333334,0.19248826291079812,3.6166666666666667,8.516666666666667,0.06397281094931385,1.8166666666666669,213,239,22,0.891213389121339,false,4,10,"high long-wait share, low-to-mid pressure"
84,Staten Island,Eltingville/Annadale/Prince's Bay,Weekend,21,130,8,16.25,25,3.125,6.275,12.861666666666666,0.19230769230769232,4.5,10.683333333333334,0.11742836553102828,1.7750000000000004,130,128,8,1.015625,false,5,10,"high long-wait share, low-to-mid pressure"
23,Staten Island,Bloomfield/Emerson Hill,Weekend,19,349,8,43.625,67,8.375,5.633333333333334,13.79,0.19197707736389685,4.3,10.0,0.09964006490632837,1.333333333333334,349,522,8,0.6685823754789272,false,2,10,"high long-wait share, low-to-mid pressure"
77,Brooklyn,East New York/Pennsylvania Avenue,Weekend,22,944,8,118.0,181,22.625,6.133333333333334,12.953333333333337,0.1917372881355932,4.966666666666667,11.65,0.14563746000492248,1.166666666666667,944,1049,8,0.899904671115348,false,4,10,"high long-wait share, low-to-mid pressure"
215,Queens,South Jamaica,Weekend,3,282,8,35.25,54,6.75,5.441666666666666,13.238333333333333,0.19148936170212766,5.016666666666667,11.416666666666666,0.14056691137983332,0.4249999999999998,282,457,8,0.6170678336980306,false,2,10,"high long-wait share, low-to-mid pressure"
221,Staten Island,Stapleton,Weekend,21,350,8,43.75,67,8.375,5.616666666666667,12.780000000000005,0.19142857142857142,4.5,10.683333333333334,0.11742836553102828,1.1166666666666671,350,408,8,0.8578431372549019,false,3,10,"high long-wait share, low-to-mid pressure"
15,Queens,Bay Terrace/Fort Totten,Weekday,22,340,22,15.454545454545455,65,2.9545454545454546,5.85,12.405000000000001,0.19117647058823528,4.316666666666666,10.283333333333333,0.10747069193979303,1.5333333333333332,340,482,22,0.7053941908713693,false,2,10,"high long-wait share, low-to-mid pressure"
180,Queens,Ozone Park,Weekend,23,450,8,56.25,86,10.75,5.808333333333334,12.935,0.19111111111111112,5.283333333333333,12.25,0.1677525269003699,0.5250000000000004,450,488,8,0.9221311475409836,false,4,10,"high long-wait share, low-to-mid pressure"
126,Bronx,Hunts Point,Weekend,13,717,8,89.625,137,17.125,5.5,12.909999999999997,0.1910739191073919,4.383333333333334,9.633333333333333,0.0903739910730274,1.1166666666666663,717,721,8,0.9944521497919556,false,5,10,"high long-wait share, low-to-mid pressure"
213,Bronx,Soundview/Castle Hill,Weekend,23,1094,8,136.75,209,26.125,6.008333333333333,12.708333333333336,0.1910420475319927,5.283333333333333,12.25,0.1677525269003699,0.7249999999999996,1094,1394,8,0.7847919655667145,false,3,10,"high long-wait share, low-to-mid pressure"
102,Queens,Glendale,Weekend,23,602,8,75.25,115,14.375,5.866666666666667,13.028333333333332,0.19102990033222592,5.283333333333333,12.25,0.1677525269003699,0.5833333333333339,602,867,8,0.6943483275663207,false,2,10,"high long-wait share, low-to-mid pressure"
84,Staten Island,Eltingville/Annadale/Prince's Bay,Weekday,22,267,22,12.136363636363637,51,2.3181818181818183,5.783333333333333,13.503333333333337,0.19101123595505617,4.316666666666666,10.283333333333333,0.10747069193979303,1.4666666666666668,267,317,22,0.8422712933753943,false,3,10,"high long-wait share, low-to-mid pressure"
252,Queens,Whitestone,Weekday,1,178,22,8.090909090909092,34,1.5454545454545454,5.633333333333333,13.60666666666667,0.19101123595505617,3.9166666666666665,9.5,0.0863389263499033,1.7166666666666663,178,494,22,0.3603238866396761,false,1,10,"high long-wait share, low-to-mid pressure"
72,Brooklyn,East Flatbush/Remsen Village,Weekend,4,660,8,82.5,126,15.75,5.983333333333333,13.088333333333335,0.19090909090909092,5.366666666666666,12.066666666666666,0.1614305787534134,0.6166666666666671,660,780,8,0.8461538461538461,false,3,10,"high long-wait share, low-to-mid pressure"
183,Bronx,Pelham Bay,Weekday,2,173,22,7.863636363636363,33,1.5,5.483333333333333,12.923333333333336,0.1907514450867052,4.166666666666667,9.733333333333333,0.0917155118275068,1.3166666666666664,173,286,22,0.6048951048951049,false,2,10,"high long-wait share, low-to-mid pressure"
36,Brooklyn,Bushwick North,Weekend,5,1407,8,175.875,268,33.5,5.8,13.023333333333335,0.19047619047619047,4.85,10.833333333333334,0.12383196890763251,0.9500000000000002,1407,1853,8,0.7593092282784674,false,2,10,"high long-wait share, low-to-mid pressure"
221,Staten Island,Stapleton,Weekend,1,168,8,21.0,32,4.0,6.216666666666667,14.373333333333338,0.19047619047619047,4.466666666666667,10.033333333333333,0.10095353961802017,1.75,168,316,8,0.5316455696202531,false,1,10,"high long-wait share, low-to-mid pressure"
53,Queens,College Point,Weekend,0,290,8,36.25,55,6.875,5.9,13.286666666666667,0.1896551724137931,4.833333333333333,10.8,0.12398178784175715,1.0666666666666673,290,548,8,0.5291970802919708,false,1,10,"high long-wait share, low-to-mid pressure"
60,Bronx,Crotona Park East,Weekend,23,654,8,81.75,124,15.5,5.925000000000001,13.751666666666676,0.18960244648318042,5.283333333333333,12.25,0.1677525269003699,0.6416666666666675,654,732,8,0.8934426229508197,false,4,10,"high long-wait share, low-to-mid pressure"
202,Manhattan,Roosevelt Island,Weekday,23,322,22,14.636363636363637,61,2.772727272727273,6.074999999999999,12.348333333333334,0.18944099378881987,4.3,10.3,0.1080249373933054,1.7749999999999995,322,664,22,0.48493975903614456,false,1,10,"high long-wait share, low-to-mid pressure"
84,Staten Island,Eltingville/Annadale/Prince's Bay,Weekday,1,111,22,5.045454545454546,21,0.9545454545454546,6.4,15.5,0.1891891891891892,3.9166666666666665,9.5,0.0863389263499033,2.483333333333334,111,134,21,0.8283582089552238,false,3,10,"high long-wait share, low-to-mid pressure"
203,Queens,Rosedale,Weekday,0,656,22,29.818181818181817,124,5.636363636363637,5.875,12.391666666666666,0.18902439024390244,4.0,10.083333333333334,0.10177437556229296,1.875,627,894,21,0.7013422818791947,false,2,10,"high long-wait share, low-to-mid pressure"
235,Bronx,University Heights/Morris Heights,Weekend,22,1461,8,182.625,276,34.5,5.45,12.783333333333333,0.188911704312115,4.966666666666667,11.65,0.14563746000492248,0.4833333333333334,1461,1758,8,0.8310580204778157,false,3,10,"high long-wait share, low-to-mid pressure"
38,Queens,Cambria Heights,Weekend,0,180,8,22.5,34,4.25,5.316666666666666,12.68,0.18888888888888888,4.833333333333333,10.8,0.12398178784175715,0.4833333333333334,180,303,8,0.594059405940594,false,2,10,"high long-wait share, low-to-mid pressure"
70,Queens,East Elmhurst,Weekend,20,731,8,91.375,138,17.25,5.583333333333333,13.65,0.18878248974008208,4.366666666666666,10.183333333333334,0.10420757738252621,1.2166666666666668,731,730,8,1.0013698630136987,false,5,10,"high long-wait share, low-to-mid pressure"
214,Staten Island,South Beach/Dongan Hills,Weekend,20,175,8,21.875,33,4.125,5.833333333333333,13.959999999999994,0.18857142857142858,4.366666666666666,10.183333333333334,0.10420757738252621,1.4666666666666668,175,207,8,0.8454106280193237,false,3,10,"high long-wait share, low-to-mid pressure"
197,Queens,Richmond Hill,Weekend,23,1098,8,137.25,207,25.875,5.591666666666667,12.553333333333338,0.1885245901639344,5.283333333333333,12.25,0.1677525269003699,0.30833333333333357,1098,1532,8,0.716710182767624,false,2,10,"high long-wait share, low-to-mid pressure"
58,Bronx,Country Club,Weekday,23,138,22,6.2727272727272725,26,1.1818181818181819,6.241666666666667,11.866666666666667,0.18840579710144928,4.3,10.3,0.1080249373933054,1.9416666666666673,138,304,22,0.45394736842105265,false,1,10,"high long-wait share, low-to-mid pressure"
55,Brooklyn,Coney Island,Weekday,3,356,22,16.181818181818183,67,3.0454545454545454,5.8583333333333325,12.425,0.18820224719101122,4.666666666666667,10.816666666666666,0.12186100419248215,1.1916666666666655,356,515,22,0.6912621359223301,false,2,10,"high long-wait share, low-to-mid pressure"
115,Staten Island,Grymes Hill/Clifton,Weekend,18,218,8,27.25,41,5.125,5.416666666666666,12.531666666666668,0.18807339449541285,4.066666666666666,9.2,0.07939565130134463,1.3499999999999996,218,252,8,0.8650793650793651,false,3,10,"high long-wait share, low-to-mid pressure"
197,Queens,Richmond Hill,Weekday,3,894,22,40.63636363636363,168,7.636363636363637,5.591666666666667,12.710000000000006,0.18791946308724833,4.666666666666667,10.816666666666666,0.12186100419248215,0.9249999999999998,894,879,22,1.0170648464163823,false,5,10,"high long-wait share, low-to-mid pressure"
194,Manhattan,Randalls Island,Weekend,14,149,8,18.625,28,3.5,5.7,12.256666666666668,0.18791946308724833,4.416666666666667,9.75,0.09279814435838042,1.2833333333333332,149,238,8,0.6260504201680672,false,2,10,"high long-wait share, low-to-mid pressure"
202,Manhattan,Roosevelt Island,Weekday,22,463,22,21.045454545454547,87,3.9545454545454546,6.2,12.633333333333336,0.1879049676025918,4.316666666666666,10.283333333333333,0.10747069193979303,1.8833333333333337,463,679,22,0.6818851251840943,false,2,10,"high long-wait share, low-to-mid pressure"
177,Brooklyn,Ocean Hill,Weekday,3,820,22,37.27272727272727,154,7.0,5.45,13.0,0.1878048780487805,4.666666666666667,10.816666666666666,0.12186100419248215,0.7833333333333332,820,1174,22,0.6984667802385008,false,2,10,"high long-wait share, low-to-mid pressure"
76,Brooklyn,East New York,Weekend,4,1210,8,151.25,227,28.375,5.95,12.923333333333343,0.18760330578512396,5.366666666666666,12.066666666666666,0.1614305787534134,0.5833333333333339,1210,1529,8,0.7913669064748201,false,3,10,"high long-wait share, low-to-mid pressure"
191,Queens,Queens Village,Weekend,0,608,8,76.0,114,14.25,5.741666666666667,12.515000000000004,0.1875,4.833333333333333,10.8,0.12398178784175715,0.9083333333333341,608,850,8,0.7152941176470589,false,2,10,"high long-wait share, low-to-mid pressure"
155,Brooklyn,Marine Park/Mill Basin,Weekday,0,486,22,22.09090909090909,91,4.136363636363637,5.508333333333333,12.841666666666667,0.18724279835390947,4.0,10.083333333333334,0.10177437556229296,1.5083333333333329,463,1123,21,0.41228851291184326,false,1,10,"high long-wait share, low-to-mid pressure"
134,Queens,Kew Gardens,Weekend,23,508,8,63.5,95,11.875,6.05,12.986666666666666,0.18700787401574803,5.283333333333333,12.25,0.1677525269003699,0.7666666666666666,508,670,8,0.7582089552238805,false,2,10,"high long-wait share, low-to-mid pressure"
112,Brooklyn,Greenpoint,Weekend,23,3623,8,452.875,677,84.625,5.933333333333334,12.513333333333337,0.18686171680927408,5.283333333333333,12.25,0.1677525269003699,0.6500000000000004,3623,4257,8,0.8510688278130139,false,3,10,"high long-wait share, low-to-mid pressure"
195,Brooklyn,Red Hook,Weekday,9,1467,22,66.68181818181819,274,12.454545454545455,4.8,13.916666666666682,0.18677573278800272,3.6333333333333333,7.916666666666667,0.04848680895202782,1.1666666666666665,1467,1623,22,0.9038817005545287,false,4,10,"high long-wait share, low-to-mid pressure"
217,Brooklyn,South Williamsburg,Weekend,23,509,8,63.625,95,11.875,5.85,12.16,0.18664047151277013,5.283333333333333,12.25,0.1677525269003699,0.5666666666666664,509,582,8,0.8745704467353952,false,3,10,"high long-wait share, low-to-mid pressure"
23,Staten Island,Bloomfield/Emerson Hill,Weekday,21,885,22,40.22727272727273,165,7.5,5.533333333333333,13.653333333333336,0.1864406779661017,4.0,9.65,0.09069898848801876,1.5333333333333332,885,1011,22,0.8753709198813057,false,3,10,"high long-wait share, low-to-mid pressure"
131,Queens,Jamaica Estates,Weekend,4,118,8,14.75,22,2.75,5.975,12.045,0.1864406779661017,5.366666666666666,12.066666666666666,0.1614305787534134,0.6083333333333334,118,183,8,0.644808743169399,false,2,10,"high long-wait share, low-to-mid pressure"
121,Queens,Hillcrest/Pomonok,Weekend,0,413,8,51.625,77,9.625,5.75,12.73,0.1864406779661017,4.833333333333333,10.8,0.12398178784175715,0.916666666666667,413,743,8,0.5558546433378196,false,1,10,"high long-wait share, low-to-mid pressure"
243,Manhattan,Washington Heights North,Weekend,3,1041,8,130.125,194,24.25,5.616666666666666,12.9,0.18635926993275698,5.016666666666667,11.416666666666666,0.14056691137983332,0.5999999999999996,1041,1305,8,0.7977011494252874,false,3,10,"high long-wait share, low-to-mid pressure"
159,Bronx,Melrose South,Weekend,5,564,8,70.5,105,13.125,5.283333333333333,12.799999999999997,0.18617021276595744,4.85,10.833333333333334,0.12383196890763251,0.43333333333333357,564,563,8,1.0017761989342806,false,5,10,"high long-wait share, low-to-mid pressure"
78,Bronx,East Tremont,Weekend,23,1365,8,170.625,254,31.75,5.566666666666666,12.493333333333336,0.18608058608058609,5.283333333333333,12.25,0.1677525269003699,0.2833333333333332,1365,1459,8,0.9355723098012337,false,4,10,"high long-wait share, low-to-mid pressure"
73,Queens,East Flushing,Weekday,3,172,22,7.818181818181818,32,1.4545454545454546,5.583333333333333,11.986666666666668,0.18604651162790697,4.666666666666667,10.816666666666666,0.12186100419248215,0.9166666666666661,172,264,22,0.6515151515151515,false,2,10,"high long-wait share, low-to-mid pressure"
232,Manhattan,Two Bridges/Seward Park,Weekend,23,1011,8,126.375,188,23.5,5.383333333333334,12.216666666666667,0.18595450049455983,5.283333333333333,12.25,0.1677525269003699,0.10000000000000053,1011,1459,8,0.6929403701165182,false,2,10,"high long-wait share, low-to-mid pressure"
206,Staten Island,Saint George/New Brighton,Weekday,23,1049,22,47.68181818181818,195,8.863636363636363,5.416666666666667,12.52666666666667,0.18589132507149667,4.3,10.3,0.1080249373933054,1.1166666666666671,1049,1344,22,0.7805059523809523,false,3,10,"high long-wait share, low-to-mid pressure"
171,Queens,Murray Hill-Queens,Weekend,0,522,8,65.25,97,12.125,5.375,13.565000000000001,0.18582375478927204,4.833333333333333,10.8,0.12398178784175715,0.541666666666667,522,701,8,0.7446504992867332,false,2,10,"high long-wait share, low-to-mid pressure"
215,Queens,South Jamaica,Weekend,0,561,8,70.125,104,13.0,5.75,12.183333333333334,0.18538324420677363,4.833333333333333,10.8,0.12398178784175715,0.916666666666667,561,1077,8,0.520891364902507,false,1,10,"high long-wait share, low-to-mid pressure"
210,Brooklyn,Sheepshead Bay,Weekend,4,243,8,30.375,45,5.625,5.316666666666666,11.963333333333335,0.18518518518518517,5.366666666666666,12.066666666666666,0.1614305787534134,-0.04999999999999982,243,338,8,0.7189349112426036,false,2,10,"high long-wait share, low-to-mid pressure"
180,Queens,Ozone Park,Weekend,22,524,8,65.5,97,12.125,5.683333333333334,13.426666666666666,0.1851145038167939,4.966666666666667,11.65,0.14563746000492248,0.7166666666666668,524,502,8,1.043824701195219,false,5,10,"high long-wait share, low-to-mid pressure"
139,Queens,Laurelton,Weekday,2,335,22,15.227272727272727,62,2.8181818181818183,5.983333333333333,13.133333333333335,0.18507462686567164,4.166666666666667,9.733333333333333,0.0917155118275068,1.8166666666666664,335,517,22,0.6479690522243714,false,2,10,"high long-wait share, low-to-mid pressure"
258,Queens,Woodhaven,Weekday,2,535,22,24.318181818181817,99,4.5,5.216666666666667,11.61,0.18504672897196262,4.166666666666667,9.733333333333333,0.0917155118275068,1.0499999999999998,535,1076,22,0.4972118959107807,false,1,10,"high long-wait share, low-to-mid pressure"
55,Brooklyn,Coney Island,Weekend,22,762,8,95.25,141,17.625,5.633333333333334,12.366666666666667,0.18503937007874016,4.966666666666667,11.65,0.14563746000492248,0.666666666666667,762,952,8,0.8004201680672269,false,3,10,"high long-wait share, low-to-mid pressure"
66,Brooklyn,DUMBO/Vinegar Hill,Weekend,4,119,8,14.875,22,2.75,4.983333333333333,11.66666666666667,0.18487394957983194,5.366666666666666,12.066666666666666,0.1614305787534134,-0.38333333333333286,119,344,8,0.34593023255813954,false,1,10,"high long-wait share, low-to-mid pressure"
58,Bronx,Country Club,Weekday,21,157,22,7.136363636363637,29,1.3181818181818181,5.2,13.123333333333335,0.18471337579617833,4.0,9.65,0.09069898848801876,1.2000000000000002,157,352,22,0.4460227272727273,false,1,10,"high long-wait share, low-to-mid pressure"
71,Brooklyn,East Flatbush/Farragut,Weekday,3,796,22,36.18181818181818,147,6.681818181818182,5.533333333333333,12.333333333333332,0.18467336683417085,4.666666666666667,10.816666666666666,0.12186100419248215,0.8666666666666663,796,979,22,0.8130745658835546,false,3,10,"high long-wait share, low-to-mid pressure"
38,Queens,Cambria Heights,Weekend,3,130,8,16.25,24,3.0,5.916666666666666,12.060000000000004,0.18461538461538463,5.016666666666667,11.416666666666666,0.14056691137983332,0.8999999999999995,130,179,8,0.7262569832402235,false,2,10,"high long-wait share, low-to-mid pressure"
201,Queens,Rockaway Park,Weekend,15,168,8,21.0,31,3.875,5.491666666666667,13.405000000000005,0.18452380952380953,4.15,9.133333333333333,0.07782127108393573,1.3416666666666668,168,163,8,1.030674846625767,false,5,10,"high long-wait share, low-to-mid pressure"
250,Bronx,Westchester Village/Unionport,Weekend,22,754,8,94.25,139,17.375,5.683333333333334,12.613333333333337,0.1843501326259947,4.966666666666667,11.65,0.14563746000492248,0.7166666666666668,754,779,8,0.9679075738125802,false,4,10,"high long-wait share, low-to-mid pressure"
60,Bronx,Crotona Park East,Weekend,5,266,8,33.25,49,6.125,5.75,12.25,0.18421052631578946,4.85,10.833333333333334,0.12383196890763251,0.9000000000000004,266,274,8,0.9708029197080292,false,4,10,"high long-wait share, low-to-mid pressure"
55,Brooklyn,Coney Island,Weekend,0,641,8,80.125,118,14.75,5.55,12.25,0.18408736349453977,4.833333333333333,10.8,0.12398178784175715,0.7166666666666668,641,831,8,0.7713598074608905,false,2,10,"high long-wait share, low-to-mid pressure"
124,Queens,Howard Beach,Weekend,4,125,8,15.625,23,2.875,5.933333333333334,12.533333333333335,0.184,5.366666666666666,12.066666666666666,0.1614305787534134,0.5666666666666673,125,164,8,0.7621951219512195,false,2,10,"high long-wait share, low-to-mid pressure"
147,Bronx,Longwood,Weekend,5,261,8,32.625,48,6.0,5.266666666666667,12.6,0.1839080459770115,4.85,10.833333333333334,0.12383196890763251,0.41666666666666696,261,317,8,0.8233438485804416,false,3,10,"high long-wait share, low-to-mid pressure"
18,Bronx,Bedford Park,Weekend,21,1534,8,191.75,282,35.25,5.416666666666667,12.623333333333335,0.18383311603650587,4.5,10.683333333333334,0.11742836553102828,0.916666666666667,1534,1612,8,0.9516129032258065,false,4,10,"high long-wait share, low-to-mid pressure"
16,Queens,Bayside,Weekend,23,501,8,62.625,92,11.5,5.7,12.3,0.18363273453093812,5.283333333333333,12.25,0.1677525269003699,0.41666666666666696,501,557,8,0.8994614003590664,false,4,10,"high long-wait share, low-to-mid pressure"
91,Brooklyn,Flatlands,Weekday,3,818,22,37.18181818181818,150,6.818181818181818,5.775,12.571666666666667,0.18337408312958436,4.666666666666667,10.816666666666666,0.12186100419248215,1.1083333333333334,818,868,22,0.9423963133640553,false,4,10,"high long-wait share, low-to-mid pressure"
185,Bronx,Pelham Parkway,Weekend,22,731,8,91.375,134,16.75,5.533333333333333,13.183333333333334,0.18331053351573187,4.966666666666667,11.65,0.14563746000492248,0.5666666666666664,731,799,8,0.9148936170212766,false,4,10,"high long-wait share, low-to-mid pressure"
44,Staten Island,Charleston/Tottenville,Weekend,14,142,8,17.75,26,3.25,5.875,13.268333333333336,0.18309859154929578,4.416666666666667,9.75,0.09279814435838042,1.458333333333333,142,142,8,1.0,false,5,10,"high long-wait share, low-to-mid pressure"
152,Manhattan,Manhattanville,Weekday,3,350,22,15.909090909090908,64,2.909090909090909,5.05,12.423333333333334,0.18285714285714286,4.666666666666667,10.816666666666666,0.12186100419248215,0.38333333333333286,350,612,22,0.5718954248366013,false,1,10,"high long-wait share, low-to-mid pressure"
208,Bronx,Schuylerville/Edgewater Park,Weekend,21,1061,8,132.625,194,24.25,5.616666666666666,12.583333333333334,0.1828463713477851,4.5,10.683333333333334,0.11742836553102828,1.1166666666666663,1061,1273,8,0.8334642576590731,false,3,10,"high long-wait share, low-to-mid pressure"
160,Queens,Middle Village,Weekend,4,197,8,24.625,36,4.5,6.05,12.34,0.18274111675126903,5.366666666666666,12.066666666666666,0.1614305787534134,0.6833333333333336,197,416,8,0.4735576923076923,false,1,10,"high long-wait share, low-to-mid pressure"
218,Queens,Springfield Gardens North,Weekend,1,301,8,37.625,55,6.875,5.666666666666667,11.45,0.18272425249169436,4.466666666666667,10.033333333333333,0.10095353961802017,1.2000000000000002,301,547,8,0.5502742230347349,false,1,10,"high long-wait share, low-to-mid pressure"
55,Brooklyn,Coney Island,Weekday,2,405,22,18.40909090909091,74,3.3636363636363638,5.716666666666667,12.83666666666667,0.18271604938271604,4.166666666666667,9.733333333333333,0.0917155118275068,1.5499999999999998,405,725,22,0.5586206896551724,false,1,10,"high long-wait share, low-to-mid pressure"
80,Brooklyn,East Williamsburg,Weekend,2,4072,8,509.0,744,93.0,5.933333333333334,12.516666666666667,0.18271119842829076,4.666666666666667,10.383333333333333,0.11081332529840253,1.2666666666666666,4072,3933,8,1.03534197813374,false,5,10,"high long-wait share, low-to-mid pressure"
76,Brooklyn,East New York,Weekday,3,1971,22,89.5909090909091,360,16.363636363636363,5.5,12.616666666666667,0.182648401826484,4.666666666666667,10.816666666666666,0.12186100419248215,0.833333333333333,1971,2425,22,0.8127835051546392,false,3,10,"high long-wait share, low-to-mid pressure"
152,Manhattan,Manhattanville,Weekend,21,724,8,90.5,132,16.5,5.225,12.961666666666666,0.18232044198895028,4.5,10.683333333333334,0.11742836553102828,0.7249999999999996,724,723,8,1.0013831258644537,false,5,10,"high long-wait share, low-to-mid pressure"
94,Bronx,Fordham South,Weekday,3,373,22,16.954545454545453,68,3.090909090909091,4.95,13.000000000000002,0.18230563002680966,4.666666666666667,10.816666666666666,0.12186100419248215,0.2833333333333332,373,532,22,0.7011278195488722,false,2,10,"high long-wait share, low-to-mid pressure"
167,Bronx,Morrisania/Melrose,Weekend,23,1114,8,139.25,203,25.375,5.591666666666667,12.766666666666667,0.1822262118491921,5.283333333333333,12.25,0.1677525269003699,0.30833333333333357,1114,1373,8,0.8113619810633649,false,3,10,"high long-wait share, low-to-mid pressure"
56,Queens,Corona,Weekend,20,977,8,122.125,178,22.25,5.666666666666667,12.75,0.18219037871033777,4.366666666666666,10.183333333333334,0.10420757738252621,1.3000000000000007,977,1032,8,0.9467054263565892,false,4,10,"high long-wait share, low-to-mid pressure"
136,Bronx,Kingsbridge Heights,Weekend,22,829,8,103.625,151,18.875,5.283333333333333,12.77666666666667,0.18214716525934863,4.966666666666667,11.65,0.14563746000492248,0.31666666666666643,829,876,8,0.9463470319634704,false,4,10,"high long-wait share, low-to-mid pressure"
235,Bronx,University Heights/Morris Heights,Weekend,20,1406,8,175.75,256,32.0,5.5,12.366666666666667,0.18207681365576103,4.366666666666666,10.183333333333334,0.10420757738252621,1.1333333333333337,1406,1466,8,0.9590723055934516,false,4,10,"high long-wait share, low-to-mid pressure"
4,Manhattan,Alphabet City,Weekday,4,613,22,27.863636363636363,85,3.8636363636363638,4.966666666666667,11.616666666666667,0.13866231647634583,5.033333333333333,11.283333333333333,0.13485731819576557,-0.06666666666666643,613,275,22,2.229090909090909,false,10,8,"high pressure, normal-or-short median wait"
134,Queens,Kew Gardens,Weekday,4,652,22,29.636363636363637,86,3.909090909090909,5.025,10.889999999999997,0.13190184049079753,5.033333333333333,11.283333333333333,0.13485731819576557,-0.00833333333333286,652,280,22,2.3285714285714287,false,10,8,"high pressure, normal-or-short median wait"
94,Bronx,Fordham South,Weekday,6,1429,22,64.95454545454545,188,8.545454545454545,4.416666666666667,10.743333333333334,0.13156053184044786,4.416666666666667,10.1,0.10244755526542718,0.0,1429,393,22,3.6361323155216283,false,10,8,"high pressure, normal-or-short median wait"
153,Manhattan,Marble Hill,Weekday,5,191,22,8.681818181818182,25,1.1363636363636365,4.616666666666666,10.216666666666667,0.13089005235602094,4.733333333333333,10.55,0.11488716657294443,-0.11666666666666714,191,93,22,2.053763440860215,false,10,8,"high pressure, normal-or-short median wait"
147,Bronx,Longwood,Weekday,5,802,22,36.45454545454545,104,4.7272727272727275,4.716666666666667,11.266666666666667,0.12967581047381546,4.733333333333333,10.55,0.11488716657294443,-0.016666666666666607,802,294,22,2.727891156462585,false,10,8,"high pressure, normal-or-short median wait"
192,Queens,Queensboro Hill,Weekday,5,597,22,27.136363636363637,77,3.5,4.733333333333333,11.239999999999998,0.12897822445561138,4.733333333333333,10.55,0.11488716657294443,0.0,597,208,22,2.8701923076923075,false,10,8,"high pressure, normal-or-short median wait"
28,Queens,Briarwood/Jamaica Hills,Weekday,4,712,22,32.36363636363637,91,4.136363636363637,4.85,10.631666666666664,0.12780898876404495,5.033333333333333,11.283333333333333,0.13485731819576557,-0.18333333333333357,712,354,22,2.0112994350282487,false,10,8,"high pressure, normal-or-short median wait"
244,Manhattan,Washington Heights South,Weekday,5,2470,22,112.27272727272727,314,14.272727272727273,4.533333333333333,10.733333333333333,0.12712550607287448,4.733333333333333,10.55,0.11488716657294443,-0.20000000000000018,2470,1293,22,1.9102861562258313,false,10,8,"high pressure, normal-or-short median wait"
100,Manhattan,Garment District,Weekend,4,712,8,89.0,90,11.25,4.8,11.048333333333334,0.12640449438202248,5.366666666666666,12.066666666666666,0.1614305787534134,-0.5666666666666664,712,339,8,2.1002949852507373,false,10,8,"high pressure, normal-or-short median wait"
18,Bronx,Bedford Park,Weekday,5,1652,22,75.0909090909091,207,9.409090909090908,4.6,10.615000000000002,0.12530266343825666,4.733333333333333,10.55,0.11488716657294443,-0.13333333333333375,1652,860,22,1.9209302325581394,false,10,8,"high pressure, normal-or-short median wait"
242,Bronx,Van Nest/Morris Park,Weekday,5,1251,22,56.86363636363637,156,7.090909090909091,4.65,10.8,0.12470023980815348,4.733333333333333,10.55,0.11488716657294443,-0.08333333333333304,1251,550,22,2.2745454545454544,false,10,8,"high pressure, normal-or-short median wait"
183,Bronx,Pelham Bay,Weekday,5,518,22,23.545454545454547,64,2.909090909090909,4.458333333333334,10.671666666666667,0.12355212355212356,4.733333333333333,10.55,0.11488716657294443,-0.27499999999999947,518,190,22,2.7263157894736842,false,10,8,"high pressure, normal-or-short median wait"
136,Bronx,Kingsbridge Heights,Weekday,6,1930,22,87.72727272727273,233,10.590909090909092,4.366666666666666,10.54000000000001,0.12072538860103627,4.416666666666667,10.1,0.10244755526542718,-0.05000000000000071,1930,495,22,3.898989898989899,false,10,8,"high pressure, normal-or-short median wait"
73,Queens,East Flushing,Weekday,5,482,22,21.90909090909091,57,2.590909090909091,4.691666666666666,10.896666666666668,0.11825726141078838,4.733333333333333,10.55,0.11488716657294443,-0.04166666666666696,482,159,22,3.0314465408805034,false,10,8,"high pressure, normal-or-short median wait"
18,Bronx,Bedford Park,Weekday,6,3198,22,145.36363636363637,374,17.0,4.366666666666666,10.588333333333336,0.11694809255784866,4.416666666666667,10.1,0.10244755526542718,-0.05000000000000071,3198,1029,22,3.107871720116618,false,10,8,"high pressure, normal-or-short median wait"
243,Manhattan,Washington Heights North,Weekday,7,5120,22,232.72727272727272,597,27.136363636363637,4.691666666666666,10.585000000000008,0.1166015625,4.716666666666667,10.916666666666666,0.12505400636974198,-0.025000000000000355,5120,1140,22,4.491228070175438,false,10,8,"high pressure, normal-or-short median wait"
200,Bronx,Riverdale/North Riverdale/Fieldston,Weekday,5,535,22,24.318181818181817,62,2.8181818181818183,4.65,10.260000000000002,0.11588785046728972,4.733333333333333,10.55,0.11488716657294443,-0.08333333333333304,535,147,22,3.639455782312925,false,10,8,"high pressure, normal-or-short median wait"
216,Queens,South Ozone Park,Weekday,7,7157,22,325.3181818181818,817,37.13636363636363,4.683333333333334,10.466666666666667,0.11415397512924409,4.716666666666667,10.916666666666666,0.12505400636974198,-0.033333333333333215,7157,2473,22,2.8940558026688232,false,10,7,"high pressure, normal-or-short median wait"
114,Manhattan,Greenwich Village South,Weekend,3,1978,8,247.25,224,28.0,4.75,10.383333333333333,0.11324570273003033,5.016666666666667,11.416666666666666,0.14056691137983332,-0.2666666666666666,1978,1032,8,1.9166666666666667,false,10,7,"high pressure, normal-or-short median wait"
180,Queens,Ozone Park,Weekday,4,477,22,21.681818181818183,54,2.4545454545454546,5.0,10.403333333333334,0.11320754716981132,5.033333333333333,11.283333333333333,0.13485731819576557,-0.033333333333333215,477,218,22,2.188073394495413,false,10,7,"high pressure, normal-or-short median wait"
136,Bronx,Kingsbridge Heights,Weekday,5,984,22,44.72727272727273,107,4.863636363636363,4.324999999999999,10.273333333333335,0.10873983739837398,4.733333333333333,10.55,0.11488716657294443,-0.4083333333333341,984,392,22,2.510204081632653,false,10,7,"high pressure, normal-or-short median wait"
28,Queens,Briarwood/Jamaica Hills,Weekday,7,3220,22,146.36363636363637,347,15.772727272727273,4.533333333333333,10.233333333333333,0.10776397515527951,4.716666666666667,10.916666666666666,0.12505400636974198,-0.18333333333333357,3220,853,22,3.774912075029308,false,10,7,"high pressure, normal-or-short median wait"
10,Queens,Baisley Park,Weekday,5,1658,22,75.36363636363636,177,8.045454545454545,4.625,10.138333333333332,0.10675512665862485,4.733333333333333,10.55,0.11488716657294443,-0.10833333333333339,1658,469,22,3.535181236673774,false,10,7,"high pressure, normal-or-short median wait"
258,Queens,Woodhaven,Weekday,5,1824,22,82.9090909090909,193,8.772727272727273,4.708333333333334,10.223333333333334,0.10581140350877193,4.733333333333333,10.55,0.11488716657294443,-0.024999999999999467,1824,499,22,3.655310621242485,false,10,7,"high pressure, normal-or-short median wait"
73,Queens,East Flushing,Weekday,6,829,22,37.68181818181818,87,3.9545454545454546,4.316666666666666,10.123333333333335,0.10494571773220748,4.416666666666667,10.1,0.10244755526542718,-0.10000000000000053,829,179,22,4.631284916201118,false,10,7,"high pressure, normal-or-short median wait"
227,Brooklyn,Sunset Park East,Weekday,5,937,22,42.59090909090909,98,4.454545454545454,4.7,10.196666666666665,0.10458911419423693,4.733333333333333,10.55,0.11488716657294443,-0.033333333333333215,937,356,22,2.6320224719101124,false,10,7,"high pressure, normal-or-short median wait"
10,Queens,Baisley Park,Weekday,4,1187,22,53.95454545454545,124,5.636363636363637,5.0,10.14,0.10446503791069923,5.033333333333333,11.283333333333333,0.13485731819576557,-0.033333333333333215,1187,422,22,2.8127962085308056,false,10,7,"high pressure, normal-or-short median wait"
145,Queens,Long Island City/Hunters Point,Weekday,5,2504,22,113.81818181818181,260,11.818181818181818,4.583333333333333,10.233333333333333,0.10383386581469649,4.733333333333333,10.55,0.11488716657294443,-0.15000000000000036,2504,1115,22,2.2457399103139015,false,10,7,"high pressure, normal-or-short median wait"
80,Brooklyn,East Williamsburg,Weekday,5,1671,22,75.95454545454545,172,7.818181818181818,4.666666666666667,10.133333333333333,0.10293237582286056,4.733333333333333,10.55,0.11488716657294443,-0.06666666666666643,1671,841,22,1.9869203329369798,false,10,7,"high pressure, normal-or-short median wait"
257,Brooklyn,Windsor Terrace,Weekday,4,282,22,12.818181818181818,29,1.3181818181818181,4.633333333333333,10.011666666666667,0.10283687943262411,5.033333333333333,11.283333333333333,0.13485731819576557,-0.40000000000000036,282,138,22,2.0434782608695654,false,10,7,"high pressure, normal-or-short median wait"
28,Queens,Briarwood/Jamaica Hills,Weekday,5,1161,22,52.77272727272727,118,5.363636363636363,4.466666666666667,10.066666666666666,0.10163652024117141,4.733333333333333,10.55,0.11488716657294443,-0.2666666666666666,1161,327,22,3.55045871559633,false,10,7,"high pressure, normal-or-short median wait"
54,Brooklyn,Columbia Street,Weekday,4,119,22,5.409090909090909,12,0.5454545454545454,4.116666666666666,9.756666666666668,0.10084033613445378,5.033333333333333,11.283333333333333,0.13485731819576557,-0.916666666666667,119,45,22,2.6444444444444444,false,10,7,"high pressure, normal-or-short median wait"
182,Bronx,Parkchester,Weekday,5,1316,22,59.81818181818182,132,6.0,4.65,10.0,0.10030395136778116,4.733333333333333,10.55,0.11488716657294443,-0.08333333333333304,1316,306,22,4.300653594771242,false,10,7,"high pressure, normal-or-short median wait"
151,Manhattan,Manhattan Valley,Weekday,7,2293,22,104.22727272727273,225,10.227272727272727,4.633333333333334,9.983333333333333,0.09812472743131269,4.716666666666667,10.916666666666666,0.12505400636974198,-0.08333333333333304,2293,465,22,4.931182795698925,false,10,7,"high pressure, normal-or-short median wait"
241,Bronx,Van Cortlandt Village,Weekday,6,2988,22,135.8181818181818,285,12.954545454545455,4.3,9.855000000000004,0.09538152610441768,4.416666666666667,10.1,0.10244755526542718,-0.11666666666666714,2988,619,22,4.827140549273021,false,10,6,"high pressure, normal-or-short median wait"
55,Brooklyn,Coney Island,Weekday,5,1093,22,49.68181818181818,104,4.7272727272727275,4.566666666666666,9.766666666666667,0.09515096065873742,4.733333333333333,10.55,0.11488716657294443,-0.16666666666666696,1093,518,22,2.11003861003861,false,10,6,"high pressure, normal-or-short median wait"
73,Queens,East Flushing,Weekday,7,1336,22,60.72727272727273,127,5.7727272727272725,4.466666666666667,9.883333333333333,0.09505988023952096,4.716666666666667,10.916666666666666,0.12505400636974198,-0.25,1336,404,22,3.3069306930693068,false,10,6,"high pressure, normal-or-short median wait"
100,Manhattan,Garment District,Weekend,3,1032,8,129.0,98,12.25,4.525,9.87833333333333,0.09496124031007752,5.016666666666667,11.416666666666666,0.14056691137983332,-0.49166666666666625,1032,522,8,1.9770114942528736,false,10,6,"high pressure, normal-or-short median wait"
28,Queens,Briarwood/Jamaica Hills,Weekend,6,475,8,59.375,45,5.625,4.6,9.740000000000006,0.09473684210526316,4.633333333333334,10.583333333333334,0.11545263577412632,-0.0333333333333341,475,236,8,2.01271186440678,false,10,6,"high pressure, normal-or-short median wait"
24,Manhattan,Bloomingdale,Weekday,6,666,22,30.272727272727273,63,2.8636363636363638,4.333333333333333,9.733333333333334,0.0945945945945946,4.416666666666667,10.1,0.10244755526542718,-0.08333333333333393,666,79,22,8.430379746835444,false,10,6,"high pressure, normal-or-short median wait"
92,Queens,Flushing,Weekday,4,1493,22,67.86363636363636,140,6.363636363636363,4.75,9.729999999999999,0.09377093101138648,5.033333333333333,11.283333333333333,0.13485731819576557,-0.2833333333333332,1493,730,22,2.0452054794520547,false,10,6,"high pressure, normal-or-short median wait"
66,Brooklyn,DUMBO/Vinegar Hill,Weekday,7,1902,22,86.45454545454545,176,8.0,4.458333333333334,9.748333333333335,0.09253417455310199,4.716666666666667,10.916666666666666,0.12505400636974198,-0.25833333333333286,1902,722,22,2.634349030470914,false,10,6,"high pressure, normal-or-short median wait"
216,Queens,South Ozone Park,Weekday,4,2487,22,113.04545454545455,230,10.454545454545455,4.65,9.790000000000003,0.09248090068355448,5.033333333333333,11.283333333333333,0.13485731819576557,-0.38333333333333286,2487,829,22,3.0,false,10,6,"high pressure, normal-or-short median wait"
4,Manhattan,Alphabet City,Weekend,6,368,8,46.0,34,4.25,4.283333333333333,9.120000000000003,0.09239130434782608,4.633333333333334,10.583333333333334,0.11545263577412632,-0.35000000000000053,368,185,8,1.9891891891891893,false,10,6,"high pressure, normal-or-short median wait"
57,Queens,Corona,Weekday,7,282,22,12.818181818181818,26,1.1818181818181819,4.266666666666667,9.415,0.09219858156028368,4.716666666666667,10.916666666666666,0.12505400636974198,-0.4500000000000002,282,79,22,3.569620253164557,false,10,6,"high pressure, normal-or-short median wait"
63,Brooklyn,Cypress Hills,Weekday,5,1548,22,70.36363636363636,142,6.454545454545454,4.366666666666666,9.688333333333333,0.0917312661498708,4.733333333333333,10.55,0.11488716657294443,-0.36666666666666714,1548,603,22,2.5671641791044775,false,10,6,"high pressure, normal-or-short median wait"
262,Manhattan,Yorkville East,Weekday,7,3631,22,165.04545454545453,333,15.136363636363637,4.616666666666666,9.75,0.09171027265216194,4.716666666666667,10.916666666666666,0.12505400636974198,-0.10000000000000053,3631,646,22,5.620743034055727,false,10,6,"high pressure, normal-or-short median wait"
241,Bronx,Van Cortlandt Village,Weekday,5,1553,22,70.5909090909091,141,6.409090909090909,4.383333333333334,9.65,0.09079201545396008,4.733333333333333,10.55,0.11488716657294443,-0.34999999999999964,1553,508,22,3.0570866141732282,false,10,6,"high pressure, normal-or-short median wait"
243,Manhattan,Washington Heights North,Weekend,7,1042,8,130.25,94,11.75,4.041666666666666,9.633333333333333,0.09021113243761997,4.05,9.066666666666666,0.07534228097389897,-0.008333333333333748,1042,452,8,2.3053097345132745,false,10,6,"high pressure, normal-or-short median wait"
9,Queens,Auburndale,Weekday,7,848,22,38.54545454545455,76,3.4545454545454546,4.65,9.548333333333336,0.08962264150943396,4.716666666666667,10.916666666666666,0.12505400636974198,-0.06666666666666643,848,270,22,3.140740740740741,false,10,6,"high pressure, normal-or-short median wait"
11,Brooklyn,Bath Beach,Weekend,6,179,8,22.375,16,2.0,3.6666666666666665,8.413333333333336,0.0893854748603352,4.633333333333334,10.583333333333334,0.11545263577412632,-0.9666666666666672,179,84,8,2.130952380952381,false,10,6,"high pressure, normal-or-short median wait"
56,Queens,Corona,Weekday,6,2913,22,132.4090909090909,258,11.727272727272727,4.316666666666666,9.580000000000004,0.08856848609680741,4.416666666666667,10.1,0.10244755526542718,-0.10000000000000053,2913,624,22,4.668269230769231,false,10,6,"high pressure, normal-or-short median wait"
180,Queens,Ozone Park,Weekday,5,695,22,31.59090909090909,61,2.772727272727273,4.366666666666666,9.723333333333334,0.08776978417266187,4.733333333333333,10.55,0.11488716657294443,-0.36666666666666714,695,334,22,2.0808383233532934,false,10,6,"high pressure, normal-or-short median wait"
28,Queens,Briarwood/Jamaica Hills,Weekday,6,2098,22,95.36363636363636,184,8.363636363636363,4.4,9.616666666666667,0.0877025738798856,4.416666666666667,10.1,0.10244755526542718,-0.016666666666666607,2098,406,22,5.167487684729064,false,10,6,"high pressure, normal-or-short median wait"
108,Brooklyn,Gravesend,Weekday,5,434,22,19.727272727272727,38,1.7272727272727273,4.1,9.674999999999999,0.08755760368663594,4.733333333333333,10.55,0.11488716657294443,-0.6333333333333337,434,207,22,2.0966183574879227,false,10,6,"high pressure, normal-or-short median wait"
193,Queens,Queensbridge/Ravenswood,Weekday,7,1631,22,74.13636363636364,142,6.454545454545454,4.25,9.3,0.08706315144083385,4.716666666666667,10.916666666666666,0.12505400636974198,-0.4666666666666668,1631,565,22,2.886725663716814,false,10,6,"high pressure, normal-or-short median wait"
79,Manhattan,East Village,Weekday,4,2270,22,103.18181818181819,195,8.863636363636363,4.333333333333333,9.416666666666666,0.08590308370044053,5.033333333333333,11.283333333333333,0.13485731819576557,-0.7000000000000002,2270,1037,22,2.18900675024108,false,10,6,"high pressure, normal-or-short median wait"
244,Manhattan,Washington Heights South,Weekday,6,4125,22,187.5,354,16.09090909090909,3.9166666666666665,9.619999999999997,0.08581818181818182,4.416666666666667,10.1,0.10244755526542718,-0.5000000000000004,4125,2054,22,2.0082765335929893,false,10,6,"high pressure, normal-or-short median wait"
114,Manhattan,Greenwich Village South,Weekday,4,655,22,29.772727272727273,56,2.5454545454545454,4.366666666666666,9.443333333333333,0.08549618320610687,5.033333333333333,11.283333333333333,0.13485731819576557,-0.666666666666667,655,278,22,2.356115107913669,false,10,6,"high pressure, normal-or-short median wait"
180,Queens,Ozone Park,Weekday,6,1044,22,47.45454545454545,89,4.045454545454546,4.283333333333333,9.64,0.08524904214559387,4.416666666666667,10.1,0.10244755526542718,-0.13333333333333375,1044,493,22,2.1176470588235294,false,10,6,"high pressure, normal-or-short median wait"
25,Brooklyn,Boerum Hill,Weekday,7,3043,22,138.3181818181818,257,11.681818181818182,4.616666666666666,9.580000000000004,0.08445612882024318,4.716666666666667,10.916666666666666,0.12505400636974198,-0.10000000000000053,3043,1439,22,2.1146629603891594,false,10,6,"high pressure, normal-or-short median wait"
173,Queens,North Corona,Weekday,6,1686,22,76.63636363636364,141,6.409090909090909,4.191666666666666,9.541666666666668,0.08362989323843416,4.416666666666667,10.1,0.10244755526542718,-0.22500000000000053,1686,664,22,2.539156626506024,false,10,6,"high pressure, normal-or-short median wait"
238,Manhattan,Upper West Side North,Weekday,4,855,22,38.86363636363637,71,3.227272727272727,4.25,9.436666666666667,0.08304093567251462,5.033333333333333,11.283333333333333,0.13485731819576557,-0.7833333333333332,855,420,22,2.0357142857142856,false,10,6,"high pressure, normal-or-short median wait"
238,Manhattan,Upper West Side North,Weekend,6,558,8,69.75,46,5.75,3.9833333333333334,9.283333333333333,0.08243727598566308,4.633333333333334,10.583333333333334,0.11545263577412632,-0.6500000000000004,558,245,8,2.2775510204081635,false,10,6,"high pressure, normal-or-short median wait"
10,Queens,Baisley Park,Weekend,6,662,8,82.75,54,6.75,4.3,9.228333333333332,0.08157099697885196,4.633333333333334,10.583333333333334,0.11545263577412632,-0.3333333333333339,662,290,8,2.282758620689655,false,10,6,"high pressure, normal-or-short median wait"
192,Queens,Queensboro Hill,Weekday,6,933,22,42.40909090909091,76,3.4545454545454546,4.166666666666667,9.613333333333335,0.08145766345123258,4.416666666666667,10.1,0.10244755526542718,-0.25,933,476,22,1.9600840336134453,false,10,6,"high pressure, normal-or-short median wait"
24,Manhattan,Bloomingdale,Weekday,7,987,22,44.86363636363637,80,3.6363636363636362,4.35,9.54,0.08105369807497467,4.716666666666667,10.916666666666666,0.12505400636974198,-0.36666666666666714,987,190,22,5.1947368421052635,false,10,6,"high pressure, normal-or-short median wait"
255,Brooklyn,Williamsburg (North Side),Weekday,7,3153,22,143.3181818181818,255,11.590909090909092,4.45,9.380000000000003,0.08087535680304472,4.716666666666667,10.916666666666666,0.12505400636974198,-0.2666666666666666,3153,1654,22,1.9062877871825876,false,10,6,"high pressure, normal-or-short median wait"
129,Queens,Jackson Heights,Weekday,4,3104,22,141.0909090909091,251,11.409090909090908,4.75,9.41166666666667,0.08086340206185567,5.033333333333333,11.283333333333333,0.13485731819576557,-0.2833333333333332,3104,1415,22,2.1936395759717313,false,10,6,"high pressure, normal-or-short median wait"
164,Manhattan,Midtown South,Weekday,4,1648,22,74.9090909090909,133,6.045454545454546,4.083333333333333,9.171666666666667,0.08070388349514564,5.033333333333333,11.283333333333333,0.13485731819576557,-0.9500000000000002,1648,675,22,2.4414814814814814,false,10,6,"high pressure, normal-or-short median wait"
227,Brooklyn,Sunset Park East,Weekday,7,2312,22,105.0909090909091,186,8.454545454545455,4.283333333333333,9.215000000000002,0.08044982698961937,4.716666666666667,10.916666666666666,0.12505400636974198,-0.43333333333333357,2312,613,22,3.7716150081566067,false,10,6,"high pressure, normal-or-short median wait"
25,Brooklyn,Boerum Hill,Weekday,4,799,22,36.31818181818182,64,2.909090909090909,4.633333333333334,9.49,0.08010012515644556,5.033333333333333,11.283333333333333,0.13485731819576557,-0.39999999999999947,799,340,22,2.35,false,10,6,"high pressure, normal-or-short median wait"
55,Brooklyn,Coney Island,Weekday,6,1865,22,84.77272727272727,149,6.7727272727272725,4.216666666666667,9.093333333333335,0.07989276139410188,4.416666666666667,10.1,0.10244755526542718,-0.20000000000000018,1865,757,22,2.463672391017173,false,10,5,"high pressure, normal-or-short median wait"
56,Queens,Corona,Weekday,5,2017,22,91.68181818181819,161,7.318181818181818,4.45,9.24666666666667,0.07982151710461081,4.733333333333333,10.55,0.11488716657294443,-0.2833333333333332,2017,766,22,2.633159268929504,false,10,5,"high pressure, normal-or-short median wait"
171,Queens,Murray Hill-Queens,Weekday,6,1128,22,51.27272727272727,89,4.045454545454546,4.241666666666667,9.338333333333335,0.07890070921985816,4.416666666666667,10.1,0.10244755526542718,-0.17499999999999982,1128,324,22,3.4814814814814814,false,10,5,"high pressure, normal-or-short median wait"
57,Queens,Corona,Weekday,8,306,22,13.909090909090908,24,1.0909090909090908,4.2,9.5,0.0784313725490196,4.25,9.266666666666667,0.08061026270069631,-0.04999999999999982,306,136,22,2.25,false,10,5,"high pressure, normal-or-short median wait"
210,Brooklyn,Sheepshead Bay,Weekday,7,3752,22,170.54545454545453,294,13.363636363636363,4.416666666666667,9.283333333333333,0.07835820895522388,4.716666666666667,10.916666666666666,0.12505400636974198,-0.2999999999999998,3752,1188,22,3.1582491582491583,false,10,5,"high pressure, normal-or-short median wait"
193,Queens,Queensbridge/Ravenswood,Weekday,5,627,22,28.5,49,2.227272727272727,4.35,9.666666666666666,0.07814992025518341,4.733333333333333,10.55,0.11488716657294443,-0.38333333333333375,627,233,22,2.6909871244635193,false,10,5,"high pressure, normal-or-short median wait"
263,Manhattan,Yorkville West,Weekday,7,4806,22,218.45454545454547,372,16.90909090909091,4.666666666666667,9.266666666666667,0.07740324594257178,4.716666666666667,10.916666666666666,0.12505400636974198,-0.04999999999999982,4806,1023,22,4.697947214076247,false,10,5,"high pressure, normal-or-short median wait"
25,Brooklyn,Boerum Hill,Weekend,6,569,8,71.125,44,5.5,4.166666666666667,9.219999999999999,0.0773286467486819,4.633333333333334,10.583333333333334,0.11545263577412632,-0.4666666666666668,569,292,8,1.9486301369863013,false,10,5,"high pressure, normal-or-short median wait"
54,Brooklyn,Columbia Street,Weekday,5,143,22,6.5,11,0.5,4.266666666666667,8.219999999999999,0.07692307692307693,4.733333333333333,10.55,0.11488716657294443,-0.4666666666666668,143,60,22,2.3833333333333333,false,10,5,"high pressure, normal-or-short median wait"
127,Manhattan,Inwood,Weekend,7,637,8,79.625,49,6.125,3.966666666666667,9.086666666666666,0.07692307692307693,4.05,9.066666666666666,0.07534228097389897,-0.08333333333333304,637,334,8,1.907185628742515,false,10,5,"high pressure, normal-or-short median wait"
25,Brooklyn,Boerum Hill,Weekday,5,1563,22,71.04545454545455,120,5.454545454545454,4.55,9.126666666666665,0.07677543186180422,4.733333333333333,10.55,0.11488716657294443,-0.18333333333333357,1563,424,22,3.686320754716981,false,10,5,"high pressure, normal-or-short median wait"
83,Queens,Elmhurst/Maspeth,Weekday,7,2650,22,120.45454545454545,203,9.227272727272727,4.233333333333333,9.351666666666665,0.07660377358490567,4.716666666666667,10.916666666666666,0.12505400636974198,-0.4833333333333334,2650,972,22,2.7263374485596708,false,10,5,"high pressure, normal-or-short median wait"
43,Manhattan,Central Park,Weekday,5,170,22,7.7272727272727275,13,0.5909090909090909,4.216666666666667,8.141666666666666,0.07647058823529412,4.733333333333333,10.55,0.11488716657294443,-0.5166666666666666,170,58,22,2.9310344827586206,false,10,5,"high pressure, normal-or-short median wait"
127,Manhattan,Inwood,Weekday,7,4011,22,182.3181818181818,305,13.863636363636363,4.033333333333333,9.1,0.07604088755921216,4.716666666666667,10.916666666666666,0.12505400636974198,-0.6833333333333336,4011,1484,22,2.702830188679245,false,10,5,"high pressure, normal-or-short median wait"
220,Bronx,Spuyten Duyvil/Kingsbridge,Weekday,5,1001,22,45.5,76,3.4545454545454546,4.35,9.15,0.07592407592407592,4.733333333333333,10.55,0.11488716657294443,-0.38333333333333375,1001,507,22,1.9743589743589745,false,10,5,"high pressure, normal-or-short median wait"
66,Brooklyn,DUMBO/Vinegar Hill,Weekday,6,1225,22,55.68181818181818,93,4.2272727272727275,4.166666666666667,8.843333333333335,0.07591836734693877,4.416666666666667,10.1,0.10244755526542718,-0.25,1225,357,22,3.4313725490196076,false,10,5,"high pressure, normal-or-short median wait"
127,Manhattan,Inwood,Weekday,6,2931,22,133.22727272727272,222,10.090909090909092,4.216666666666667,9.333333333333334,0.07574206755373593,4.416666666666667,10.1,0.10244755526542718,-0.20000000000000018,2931,701,22,4.181169757489301,false,10,5,"high pressure, normal-or-short median wait"
192,Queens,Queensboro Hill,Weekend,6,278,8,34.75,21,2.625,4.041666666666666,9.196666666666667,0.07553956834532374,4.633333333333334,10.583333333333334,0.11545263577412632,-0.5916666666666677,278,145,8,1.9172413793103449,false,10,5,"high pressure, normal-or-short median wait"
95,Queens,Forest Hills,Weekday,5,2028,22,92.18181818181819,153,6.954545454545454,4.508333333333333,9.15,0.07544378698224852,4.733333333333333,10.55,0.11488716657294443,-0.22500000000000053,2028,932,22,2.1759656652360513,false,10,5,"high pressure, normal-or-short median wait"
171,Queens,Murray Hill-Queens,Weekday,7,1990,22,90.45454545454545,150,6.818181818181818,4.333333333333333,9.25,0.07537688442211055,4.716666666666667,10.916666666666666,0.12505400636974198,-0.38333333333333375,1990,520,22,3.826923076923077,false,10,5,"high pressure, normal-or-short median wait"
179,Queens,Old Astoria,Weekday,7,3389,22,154.04545454545453,255,11.590909090909092,4.166666666666667,9.023333333333342,0.07524343464148717,4.716666666666667,10.916666666666666,0.12505400636974198,-0.5499999999999998,3389,1071,22,3.164332399626517,false,10,5,"high pressure, normal-or-short median wait"
67,Brooklyn,Dyker Heights,Weekday,7,2473,22,112.4090909090909,186,8.454545454545455,4.316666666666666,8.983333333333333,0.07521229276182774,4.716666666666667,10.916666666666666,0.12505400636974198,-0.40000000000000036,2473,585,22,4.227350427350427,false,10,5,"high pressure, normal-or-short median wait"
157,Queens,Maspeth,Weekday,6,2275,22,103.4090909090909,171,7.7727272727272725,4.166666666666667,9.233333333333333,0.07516483516483516,4.416666666666667,10.1,0.10244755526542718,-0.25,2275,527,22,4.3168880455407965,false,10,5,"high pressure, normal-or-short median wait"
255,Brooklyn,Williamsburg (North Side),Weekday,4,1323,22,60.13636363636363,99,4.5,4.366666666666666,9.183333333333334,0.07482993197278912,5.033333333333333,11.283333333333333,0.13485731819576557,-0.666666666666667,1323,534,22,2.4775280898876404,false,10,5,"high pressure, normal-or-short median wait"
148,Manhattan,Lower East Side,Weekday,4,1676,22,76.18181818181819,125,5.681818181818182,4.291666666666666,9.05,0.07458233890214797,5.033333333333333,11.283333333333333,0.13485731819576557,-0.7416666666666671,1676,706,22,2.3739376770538243,false,10,5,"high pressure, normal-or-short median wait"
10,Queens,Baisley Park,Weekend,7,767,8,95.875,57,7.125,3.95,9.173333333333332,0.07431551499348109,4.05,9.066666666666666,0.07534228097389897,-0.09999999999999964,767,323,8,2.374613003095975,false,10,5,"high pressure, normal-or-short median wait"
197,Queens,Richmond Hill,Weekday,6,3313,22,150.5909090909091,246,11.181818181818182,4.316666666666666,9.263333333333337,0.07425294295200724,4.416666666666667,10.1,0.10244755526542718,-0.10000000000000053,3313,845,22,3.9207100591715975,false,10,5,"high pressure, normal-or-short median wait"
197,Queens,Richmond Hill,Weekday,5,2291,22,104.13636363636364,170,7.7272727272727275,4.183333333333334,9.15,0.07420340462680053,4.733333333333333,10.55,0.11488716657294443,-0.5499999999999998,2291,648,22,3.5354938271604937,false,10,5,"high pressure, normal-or-short median wait"
234,Manhattan,Union Sq,Weekday,4,943,22,42.86363636363637,69,3.1363636363636362,4.233333333333333,8.580000000000002,0.07317073170731707,5.033333333333333,11.283333333333333,0.13485731819576557,-0.7999999999999998,943,362,22,2.6049723756906076,false,10,5,"high pressure, normal-or-short median wait"
209,Manhattan,Seaport,Weekday,4,343,22,15.590909090909092,25,1.1363636363636365,4.2,8.58,0.0728862973760933,5.033333333333333,11.283333333333333,0.13485731819576557,-0.833333333333333,343,165,22,2.0787878787878786,false,10,5,"high pressure, normal-or-short median wait"
125,Manhattan,Hudson Sq,Weekday,17,4242,22,192.8181818181818,306,13.909090909090908,3.816666666666667,8.731666666666667,0.07213578500707214,3.8333333333333335,8.566666666666666,0.0635390981593203,-0.016666666666666607,4242,1722,22,2.4634146341463414,false,10,5,"high pressure, normal-or-short median wait"
25,Brooklyn,Boerum Hill,Weekend,7,749,8,93.625,54,6.75,3.933333333333333,8.833333333333334,0.07209612817089453,4.05,9.066666666666666,0.07534228097389897,-0.1166666666666667,749,349,8,2.146131805157593,false,10,5,"high pressure, normal-or-short median wait"
243,Manhattan,Washington Heights North,Weekday,8,5774,22,262.45454545454544,416,18.90909090909091,4.066666666666666,8.8,0.07204710772428126,4.25,9.266666666666667,0.08061026270069631,-0.18333333333333357,5774,3021,22,1.9112876530950016,false,10,5,"high pressure, normal-or-short median wait"
100,Manhattan,Garment District,Weekend,2,1641,8,205.125,118,14.75,4.333333333333333,8.866666666666667,0.07190737355271176,4.666666666666667,10.383333333333333,0.11081332529840253,-0.3333333333333339,1641,731,8,2.244870041039672,false,10,5,"high pressure, normal-or-short median wait"
95,Queens,Forest Hills,Weekday,6,4025,22,182.95454545454547,289,13.136363636363637,4.2,9.053333333333331,0.07180124223602484,4.416666666666667,10.1,0.10244755526542718,-0.21666666666666679,4025,1566,22,2.570242656449553,false,10,5,"high pressure, normal-or-short median wait"
174,Bronx,Norwood,Weekday,5,1464,22,66.54545454545455,105,4.7727272727272725,4.316666666666666,9.040000000000003,0.07172131147540983,4.733333333333333,10.55,0.11488716657294443,-0.41666666666666696,1464,719,22,2.036161335187761,false,10,5,"high pressure, normal-or-short median wait"
193,Queens,Queensbridge/Ravenswood,Weekend,7,335,8,41.875,24,3.0,3.7333333333333334,8.783333333333339,0.07164179104477612,4.05,9.066666666666666,0.07534228097389897,-0.31666666666666643,335,166,8,2.0180722891566263,false,10,5,"high pressure, normal-or-short median wait"
158,Manhattan,Meatpacking/West Village West,Weekday,4,519,22,23.59090909090909,37,1.6818181818181819,4.266666666666667,8.530000000000001,0.07129094412331406,5.033333333333333,11.283333333333333,0.13485731819576557,-0.7666666666666666,519,153,22,3.392156862745098,false,10,5,"high pressure, normal-or-short median wait"
216,Queens,South Ozone Park,Weekday,6,5191,22,235.95454545454547,370,16.818181818181817,3.9166666666666665,8.866666666666667,0.0712772105567328,4.416666666666667,10.1,0.10244755526542718,-0.5000000000000004,5191,1744,22,2.9764908256880735,false,10,5,"high pressure, normal-or-short median wait"
236,Manhattan,Upper East Side North,Weekday,4,734,22,33.36363636363637,52,2.3636363636363638,4.4,8.458333333333337,0.07084468664850137,5.033333333333333,11.283333333333333,0.13485731819576557,-0.6333333333333329,734,249,22,2.9477911646586343,false,10,5,"high pressure, normal-or-short median wait"
157,Queens,Maspeth,Weekday,5,1414,22,64.27272727272727,100,4.545454545454546,4.416666666666667,9.0,0.07072135785007072,4.733333333333333,10.55,0.11488716657294443,-0.31666666666666643,1414,508,22,2.783464566929134,false,10,5,"high pressure, normal-or-short median wait"
191,Queens,Queens Village,Weekday,8,4058,22,184.45454545454547,285,12.954545454545455,4.15,8.883333333333333,0.07023164120256284,4.25,9.266666666666667,0.08061026270069631,-0.09999999999999964,4058,1735,22,2.338904899135447,false,10,5,"high pressure, normal-or-short median wait"
148,Manhattan,Lower East Side,Weekday,5,1510,22,68.63636363636364,106,4.818181818181818,4.133333333333334,8.870000000000005,0.07019867549668875,4.733333333333333,10.55,0.11488716657294443,-0.5999999999999996,1510,546,22,2.7655677655677655,false,10,5,"high pressure, normal-or-short median wait"
165,Brooklyn,Midwood,Weekday,7,3015,22,137.04545454545453,211,9.590909090909092,4.216666666666667,8.693333333333332,0.06998341625207297,4.716666666666667,10.916666666666666,0.12505400636974198,-0.5,3015,587,22,5.136286201022147,false,10,5,"high pressure, normal-or-short median wait"
255,Brooklyn,Williamsburg (North Side),Weekday,5,1977,22,89.86363636363636,138,6.2727272727272725,4.066666666666666,8.673333333333336,0.06980273141122914,4.733333333333333,10.55,0.11488716657294443,-0.666666666666667,1977,414,22,4.77536231884058,false,10,5,"high pressure, normal-or-short median wait"
34,Brooklyn,Brooklyn Navy Yard,Weekday,21,659,22,29.954545454545453,46,2.090909090909091,3.9,8.603333333333333,0.06980273141122914,4.0,9.65,0.09069898848801876,-0.10000000000000009,659,269,22,2.449814126394052,false,10,5,"high pressure, normal-or-short median wait"
238,Manhattan,Upper West Side North,Weekday,5,1333,22,60.59090909090909,93,4.2272727272727275,4.466666666666667,8.846666666666666,0.06976744186046512,4.733333333333333,10.55,0.11488716657294443,-0.2666666666666666,1333,575,22,2.3182608695652176,false,10,5,"high pressure, normal-or-short median wait"
148,Manhattan,Lower East Side,Weekday,7,2572,22,116.9090909090909,179,8.136363636363637,4.233333333333333,8.85,0.06959564541213063,4.716666666666667,10.916666666666666,0.12505400636974198,-0.4833333333333334,2572,793,22,3.2433795712484237,false,10,5,"high pressure, normal-or-short median wait"
127,Manhattan,Inwood,Weekday,5,1421,22,64.5909090909091,98,4.454545454545454,3.85,9.083333333333334,0.06896551724137931,4.733333333333333,10.55,0.11488716657294443,-0.8833333333333333,1421,572,22,2.484265734265734,false,10,5,"high pressure, normal-or-short median wait"
255,Brooklyn,Williamsburg (North Side),Weekday,6,2512,22,114.18181818181819,171,7.7727272727272725,4.183333333333334,8.583333333333334,0.06807324840764331,4.416666666666667,10.1,0.10244755526542718,-0.2333333333333334,2512,689,22,3.6458635703918723,false,10,5,"high pressure, normal-or-short median wait"
174,Bronx,Norwood,Weekday,6,2906,22,132.0909090909091,197,8.954545454545455,4.116666666666666,8.716666666666667,0.06779077770130763,4.416666666666667,10.1,0.10244755526542718,-0.3000000000000007,2906,1223,22,2.376124284546198,false,10,5,"high pressure, normal-or-short median wait"
83,Queens,Elmhurst/Maspeth,Weekday,5,1186,22,53.90909090909091,80,3.6363636363636362,4.266666666666667,8.85,0.06745362563237774,4.733333333333333,10.55,0.11488716657294443,-0.4666666666666668,1186,499,22,2.376753507014028,false,10,5,"high pressure, normal-or-short median wait"
220,Bronx,Spuyten Duyvil/Kingsbridge,Weekday,6,2144,22,97.45454545454545,144,6.545454545454546,4.233333333333333,8.8,0.06716417910447761,4.416666666666667,10.1,0.10244755526542718,-0.18333333333333357,2144,604,22,3.5496688741721854,false,10,5,"high pressure, normal-or-short median wait"
48,Manhattan,Clinton East,Weekday,4,2149,22,97.68181818181819,144,6.545454545454546,4.016666666666667,8.6,0.06700791065611912,5.033333333333333,11.283333333333333,0.13485731819576557,-1.0166666666666666,2149,1128,22,1.9051418439716312,false,10,4,"high pressure, normal-or-short median wait"
193,Queens,Queensbridge/Ravenswood,Weekday,6,1075,22,48.86363636363637,72,3.272727272727273,4.166666666666667,8.776666666666667,0.06697674418604652,4.416666666666667,10.1,0.10244755526542718,-0.25,1075,324,22,3.317901234567901,false,10,4,"high pressure, normal-or-short median wait"
100,Manhattan,Garment District,Weekday,4,824,22,37.45454545454545,55,2.5,3.6,8.375000000000004,0.06674757281553398,5.033333333333333,11.283333333333333,0.13485731819576557,-1.4333333333333331,824,241,22,3.4190871369294604,false,10,4,"high pressure, normal-or-short median wait"
262,Manhattan,Yorkville East,Weekend,6,422,8,52.75,28,3.5,3.775,8.526666666666669,0.06635071090047394,4.633333333333334,10.583333333333334,0.11545263577412632,-0.8583333333333338,422,208,8,2.0288461538461537,false,10,4,"high pressure, normal-or-short median wait"
67,Brooklyn,Dyker Heights,Weekday,6,1392,22,63.27272727272727,92,4.181818181818182,3.8833333333333333,8.9,0.06609195402298851,4.416666666666667,10.1,0.10244755526542718,-0.5333333333333337,1392,197,22,7.065989847715736,false,10,4,"high pressure, normal-or-short median wait"
25,Brooklyn,Boerum Hill,Weekday,6,2393,22,108.77272727272727,158,7.181818181818182,4.266666666666667,8.926666666666673,0.06602590890096113,4.416666666666667,10.1,0.10244755526542718,-0.15000000000000036,2393,577,22,4.147313691507799,false,10,4,"high pressure, normal-or-short median wait"
41,Manhattan,Central Harlem,Weekend,7,909,8,113.625,60,7.5,3.933333333333333,8.606666666666667,0.066006600660066,4.05,9.066666666666666,0.07534228097389897,-0.1166666666666667,909,472,8,1.9258474576271187,false,10,4,"high pressure, normal-or-short median wait"
257,Brooklyn,Windsor Terrace,Weekend,6,197,8,24.625,13,1.625,3.7666666666666666,8.366666666666669,0.06598984771573604,4.633333333333334,10.583333333333334,0.11545263577412632,-0.8666666666666671,197,101,8,1.9504950495049505,false,10,4,"high pressure, normal-or-short median wait"
171,Queens,Murray Hill-Queens,Weekday,5,652,22,29.636363636363637,43,1.9545454545454546,4.3,8.311666666666666,0.06595092024539877,4.733333333333333,10.55,0.11488716657294443,-0.43333333333333357,652,295,22,2.2101694915254235,false,10,4,"high pressure, normal-or-short median wait"
179,Queens,Old Astoria,Weekday,8,3780,22,171.8181818181818,249,11.318181818181818,4.116666666666666,8.484999999999998,0.06587301587301587,4.25,9.266666666666667,0.08061026270069631,-0.13333333333333375,3780,1931,22,1.9575349559813569,false,10,4,"high pressure, normal-or-short median wait"
137,Manhattan,Kips Bay,Weekday,5,1245,22,56.59090909090909,82,3.727272727272727,4.183333333333334,8.476666666666668,0.06586345381526104,4.733333333333333,10.55,0.11488716657294443,-0.5499999999999998,1245,555,22,2.2432432432432434,false,10,4,"high pressure, normal-or-short median wait"
144,Manhattan,Little Italy/NoLiTa,Weekday,4,744,22,33.81818181818182,49,2.227272727272727,4.35,8.561666666666667,0.06586021505376344,5.033333333333333,11.283333333333333,0.13485731819576557,-0.6833333333333336,744,342,22,2.175438596491228,false,10,4,"high pressure, normal-or-short median wait"
152,Manhattan,Manhattanville,Weekend,7,336,8,42.0,22,2.75,3.9583333333333335,8.850000000000001,0.06547619047619048,4.05,9.066666666666666,0.07534228097389897,-0.09166666666666634,336,173,8,1.9421965317919074,false,10,4,"high pressure, normal-or-short median wait"
263,Manhattan,Yorkville West,Weekend,6,688,8,86.0,45,5.625,4.116666666666666,8.085000000000008,0.06540697674418605,4.633333333333334,10.583333333333334,0.11545263577412632,-0.5166666666666675,688,266,8,2.5864661654135337,false,10,4,"high pressure, normal-or-short median wait"
209,Manhattan,Seaport,Weekday,5,490,22,22.272727272727273,32,1.4545454545454546,4.3,8.436666666666667,0.0653061224489796,4.733333333333333,10.55,0.11488716657294443,-0.43333333333333357,490,226,22,2.168141592920354,false,10,4,"high pressure, normal-or-short median wait"
148,Manhattan,Lower East Side,Weekday,6,1798,22,81.72727272727273,117,5.318181818181818,4.083333333333333,8.776666666666666,0.06507230255839822,4.416666666666667,10.1,0.10244755526542718,-0.3333333333333339,1798,353,22,5.093484419263456,false,10,4,"high pressure, normal-or-short median wait"
238,Manhattan,Upper West Side North,Weekday,7,4089,22,185.86363636363637,266,12.090909090909092,4.216666666666667,8.586666666666671,0.06505258009293226,4.716666666666667,10.916666666666666,0.12505400636974198,-0.5,4089,1092,22,3.7445054945054945,false,10,4,"high pressure, normal-or-short median wait"
79,Manhattan,East Village,Weekday,5,2238,22,101.72727272727273,145,6.590909090909091,4.2,8.376666666666665,0.06478999106344951,4.733333333333333,10.55,0.11488716657294443,-0.5333333333333332,2238,769,22,2.9102730819245775,false,10,4,"high pressure, normal-or-short median wait"
107,Manhattan,Gramercy,Weekday,4,1053,22,47.86363636363637,68,3.090909090909091,4.05,8.313333333333334,0.06457739791073125,5.033333333333333,11.283333333333333,0.13485731819576557,-0.9833333333333334,1053,530,22,1.9867924528301886,false,10,4,"high pressure, normal-or-short median wait"
216,Queens,South Ozone Park,Weekday,5,3490,22,158.63636363636363,224,10.181818181818182,3.9416666666666664,8.686666666666664,0.06418338108882521,4.733333333333333,10.55,0.11488716657294443,-0.791666666666667,3490,910,22,3.8351648351648353,false,10,4,"high pressure, normal-or-short median wait"
230,Manhattan,Times Sq/Theatre District,Weekend,11,3014,8,376.75,193,24.125,3.816666666666667,8.378333333333337,0.06403450564034506,3.966666666666667,8.633333333333333,0.06619892665727876,-0.1499999999999999,3014,1584,8,1.9027777777777777,false,10,4,"high pressure, normal-or-short median wait"
216,Queens,South Ozone Park,Weekday,8,6704,22,304.72727272727275,427,19.40909090909091,3.966666666666667,8.511666666666663,0.06369331742243436,4.25,9.266666666666667,0.08061026270069631,-0.2833333333333332,6704,3507,22,1.911605360707157,false,10,4,"high pressure, normal-or-short median wait"
133,Brooklyn,Kensington,Weekday,7,1886,22,85.72727272727273,120,5.454545454545454,4.1,8.566666666666666,0.06362672322375397,4.716666666666667,10.916666666666666,0.12505400636974198,-0.6166666666666671,1886,475,22,3.9705263157894737,false,10,4,"high pressure, normal-or-short median wait"
142,Manhattan,Lincoln Square East,Weekday,5,1454,22,66.0909090909091,92,4.181818181818182,4.308333333333334,8.223333333333334,0.06327372764786796,4.733333333333333,10.55,0.11488716657294443,-0.4249999999999998,1454,458,22,3.1746724890829694,false,10,4,"high pressure, normal-or-short median wait"
40,Brooklyn,Carroll Gardens,Weekday,7,1696,22,77.0909090909091,107,4.863636363636363,4.016666666666667,8.525,0.06308962264150944,4.716666666666667,10.916666666666666,0.12505400636974198,-0.7000000000000002,1696,566,22,2.9964664310954063,false,10,4,"high pressure, normal-or-short median wait"
239,Manhattan,Upper West Side South,Weekday,5,1430,22,65.0,90,4.090909090909091,4.441666666666666,8.566666666666666,0.06293706293706294,4.733333333333333,10.55,0.11488716657294443,-0.29166666666666696,1430,260,22,5.5,false,10,4,"high pressure, normal-or-short median wait"
134,Queens,Kew Gardens,Weekday,5,1007,22,45.77272727272727,63,2.8636363636363638,4.216666666666667,8.469999999999999,0.06256206554121152,4.733333333333333,10.55,0.11488716657294443,-0.5166666666666666,1007,310,22,3.2483870967741937,false,10,4,"high pressure, normal-or-short median wait"
210,Brooklyn,Sheepshead Bay,Weekday,5,786,22,35.72727272727273,49,2.227272727272727,4.233333333333333,8.966666666666667,0.062340966921119595,4.733333333333333,10.55,0.11488716657294443,-0.5,786,393,22,2.0,false,10,4,"high pressure, normal-or-short median wait"
151,Manhattan,Manhattan Valley,Weekday,8,3140,22,142.72727272727272,195,8.863636363636363,4.016666666666667,8.536666666666664,0.06210191082802548,4.25,9.266666666666667,0.08061026270069631,-0.2333333333333334,3140,873,22,3.5967926689576175,false,10,4,"high pressure, normal-or-short median wait"
87,Manhattan,Financial District North,Weekday,5,1635,22,74.31818181818181,101,4.590909090909091,3.9833333333333334,8.603333333333339,0.0617737003058104,4.733333333333333,10.55,0.11488716657294443,-0.75,1635,648,22,2.5231481481481484,false,10,4,"high pressure, normal-or-short median wait"
73,Queens,East Flushing,Weekend,9,324,8,40.5,20,2.5,3.8083333333333336,8.381666666666664,0.06172839506172839,3.85,8.35,0.060274067890929324,-0.04166666666666652,324,163,8,1.9877300613496933,false,10,4,"high pressure, normal-or-short median wait"
143,Manhattan,Lincoln Square West,Weekday,7,5224,22,237.45454545454547,321,14.590909090909092,4.183333333333334,8.6,0.06144716692189893,4.716666666666667,10.916666666666666,0.12505400636974198,-0.5333333333333332,5224,670,22,7.7970149253731345,false,10,4,"high pressure, normal-or-short median wait"
263,Manhattan,Yorkville West,Weekday,4,1142,22,51.90909090909091,70,3.1818181818181817,4.416666666666667,8.645000000000005,0.06129597197898424,5.033333333333333,11.283333333333333,0.13485731819576557,-0.6166666666666663,1142,397,22,2.876574307304786,false,10,4,"high pressure, normal-or-short median wait"
210,Brooklyn,Sheepshead Bay,Weekend,7,539,8,67.375,33,4.125,3.8333333333333335,8.516666666666666,0.061224489795918366,4.05,9.066666666666666,0.07534228097389897,-0.21666666666666634,539,232,8,2.3232758620689653,false,10,4,"high pressure, normal-or-short median wait"
143,Manhattan,Lincoln Square West,Weekday,4,720,22,32.72727272727273,44,2.0,4.266666666666667,8.573333333333334,0.06111111111111111,5.033333333333333,11.283333333333333,0.13485731819576557,-0.7666666666666666,720,314,22,2.2929936305732483,false,10,4,"high pressure, normal-or-short median wait"
73,Queens,East Flushing,Weekday,8,1314,22,59.72727272727273,80,3.6363636363636362,3.925,8.2,0.060882800608828,4.25,9.266666666666667,0.08061026270069631,-0.3250000000000002,1314,680,22,1.9323529411764706,false,10,4,"high pressure, normal-or-short median wait"
216,Queens,South Ozone Park,Weekend,7,1203,8,150.375,73,9.125,3.8,8.796666666666667,0.060681629260182876,4.05,9.066666666666666,0.07534228097389897,-0.25,1203,582,8,2.0670103092783507,false,10,4,"high pressure, normal-or-short median wait"
70,Queens,East Elmhurst,Weekday,4,775,22,35.22727272727273,47,2.1363636363636362,4.033333333333333,7.830000000000001,0.06064516129032258,5.033333333333333,11.283333333333333,0.13485731819576557,-1.0,775,399,22,1.9423558897243107,false,10,4,"high pressure, normal-or-short median wait"
145,Queens,Long Island City/Hunters Point,Weekday,6,4109,22,186.77272727272728,249,11.318181818181818,3.9833333333333334,8.316666666666666,0.060598685811633,4.416666666666667,10.1,0.10244755526542718,-0.43333333333333357,4109,1483,22,2.770734996628456,false,10,4,"high pressure, normal-or-short median wait"
114,Manhattan,Greenwich Village South,Weekday,5,678,22,30.818181818181817,41,1.8636363636363635,4.2,7.996666666666673,0.06047197640117994,4.733333333333333,10.55,0.11488716657294443,-0.5333333333333332,678,213,22,3.183098591549296,false,10,4,"high pressure, normal-or-short median wait"
133,Brooklyn,Kensington,Weekend,7,364,8,45.5,22,2.75,3.75,8.346666666666668,0.06043956043956044,4.05,9.066666666666666,0.07534228097389897,-0.2999999999999998,364,156,8,2.3333333333333335,false,10,4,"high pressure, normal-or-short median wait"
113,Manhattan,Greenwich Village North,Weekday,4,795,22,36.13636363636363,48,2.1818181818181817,4.15,8.41,0.06037735849056604,5.033333333333333,11.283333333333333,0.13485731819576557,-0.8833333333333329,795,268,22,2.966417910447761,false,10,4,"high pressure, normal-or-short median wait"
21,Brooklyn,Bensonhurst East,Weekend,7,547,8,68.375,33,4.125,3.8333333333333335,8.6,0.0603290676416819,4.05,9.066666666666666,0.07534228097389897,-0.21666666666666634,547,213,8,2.568075117370892,false,10,4,"high pressure, normal-or-short median wait"
52,Brooklyn,Cobble Hill,Weekday,7,997,22,45.31818181818182,60,2.727272727272727,3.9166666666666665,8.456666666666667,0.06018054162487462,4.716666666666667,10.916666666666666,0.12505400636974198,-0.8000000000000003,997,455,22,2.1912087912087914,false,10,4,"high pressure, normal-or-short median wait"
178,Brooklyn,Ocean Parkway South,Weekend,6,100,8,12.5,6,0.75,3.7,8.810000000000006,0.06,4.633333333333334,10.583333333333334,0.11545263577412632,-0.9333333333333336,100,44,8,2.272727272727273,false,10,4,"high pressure, normal-or-short median wait"
133,Brooklyn,Kensington,Weekday,8,2287,22,103.95454545454545,136,6.181818181818182,4.05,8.633333333333333,0.059466550065588104,4.25,9.266666666666667,0.08061026270069631,-0.20000000000000018,2287,905,22,2.52707182320442,false,10,4,"high pressure, normal-or-short median wait"
143,Manhattan,Lincoln Square West,Weekend,6,471,8,58.875,28,3.5,3.6666666666666665,8.166666666666666,0.059447983014861996,4.633333333333334,10.583333333333334,0.11545263577412632,-0.9666666666666672,471,192,8,2.453125,false,10,4,"high pressure, normal-or-short median wait"
129,Queens,Jackson Heights,Weekday,7,7697,22,349.8636363636364,457,20.772727272727273,3.9,8.556666666666676,0.05937378199298428,4.716666666666667,10.916666666666666,0.12505400636974198,-0.8166666666666669,7697,2626,22,2.931073876618431,false,10,4,"high pressure, normal-or-short median wait"
70,Queens,East Elmhurst,Weekday,8,2808,22,127.63636363636364,165,7.5,3.7666666666666666,8.65,0.05876068376068376,4.25,9.266666666666667,0.08061026270069631,-0.4833333333333334,2808,1194,22,2.351758793969849,false,10,4,"high pressure, normal-or-short median wait"
89,Brooklyn,Flatbush/Ditmas Park,Weekday,6,4875,22,221.5909090909091,286,13.0,3.95,8.453333333333346,0.058666666666666666,4.416666666666667,10.1,0.10244755526542718,-0.4666666666666668,4875,1660,22,2.9367469879518073,false,10,4,"high pressure, normal-or-short median wait"
89,Brooklyn,Flatbush/Ditmas Park,Weekday,5,2614,22,118.81818181818181,153,6.954545454545454,4.266666666666667,8.66166666666667,0.058530986993114,4.733333333333333,10.55,0.11488716657294443,-0.4666666666666668,2614,1308,22,1.9984709480122325,false,10,4,"high pressure, normal-or-short median wait"
262,Manhattan,Yorkville East,Weekday,4,633,22,28.772727272727273,37,1.6818181818181819,4.666666666666667,8.550000000000006,0.05845181674565561,5.033333333333333,11.283333333333333,0.13485731819576557,-0.36666666666666625,633,243,22,2.6049382716049383,false,10,4,"high pressure, normal-or-short median wait"
238,Manhattan,Upper West Side North,Weekday,6,2607,22,118.5,152,6.909090909090909,3.966666666666667,8.306666666666668,0.05830456463367856,4.416666666666667,10.1,0.10244755526542718,-0.4500000000000002,2607,717,22,3.6359832635983262,false,10,4,"high pressure, normal-or-short median wait"
134,Queens,Kew Gardens,Weekday,6,1599,22,72.68181818181819,93,4.2272727272727275,4.016666666666667,8.49,0.058161350844277676,4.416666666666667,10.1,0.10244755526542718,-0.40000000000000036,1599,685,22,2.334306569343066,false,10,4,"high pressure, normal-or-short median wait"
33,Brooklyn,Brooklyn Heights,Weekend,6,379,8,47.375,22,2.75,3.816666666666667,8.27,0.05804749340369393,4.633333333333334,10.583333333333334,0.11545263577412632,-0.8166666666666669,379,185,8,2.0486486486486486,false,10,4,"high pressure, normal-or-short median wait"
22,Brooklyn,Bensonhurst West,Weekday,7,4033,22,183.3181818181818,234,10.636363636363637,4.133333333333334,8.610000000000007,0.05802132407636995,4.716666666666667,10.916666666666666,0.12505400636974198,-0.583333333333333,4033,937,22,4.304162219850587,false,10,4,"high pressure, normal-or-short median wait"
243,Manhattan,Washington Heights North,Weekend,9,1588,8,198.5,92,11.5,3.7083333333333335,8.288333333333334,0.05793450881612091,3.85,8.35,0.060274067890929324,-0.1416666666666666,1588,750,8,2.1173333333333333,false,10,4,"high pressure, normal-or-short median wait"
161,Manhattan,Midtown Center,Weekday,23,11172,22,507.8181818181818,635,28.863636363636363,3.716666666666667,8.133333333333333,0.056838524883637664,4.3,10.3,0.1080249373933054,-0.583333333333333,11172,4070,22,2.744963144963145,false,10,4,"high pressure, normal-or-short median wait"
257,Brooklyn,Windsor Terrace,Weekday,7,1426,22,64.81818181818181,81,3.6818181818181817,4.1,8.141666666666666,0.056802244039270686,4.716666666666667,10.916666666666666,0.12505400636974198,-0.6166666666666671,1426,275,22,5.1854545454545455,false,10,4,"high pressure, normal-or-short median wait"
227,Brooklyn,Sunset Park East,Weekday,6,1552,22,70.54545454545455,88,4.0,4.083333333333333,8.565000000000001,0.05670103092783505,4.416666666666667,10.1,0.10244755526542718,-0.3333333333333339,1552,422,22,3.677725118483412,false,10,4,"high pressure, normal-or-short median wait"
11,Brooklyn,Bath Beach,Weekday,5,406,22,18.454545454545453,23,1.0454545454545454,3.975,9.100000000000001,0.05665024630541872,4.733333333333333,10.55,0.11488716657294443,-0.7583333333333333,406,142,22,2.859154929577465,false,10,4,"high pressure, normal-or-short median wait"
50,Manhattan,Clinton West,Weekday,8,5720,22,260.0,323,14.681818181818182,4.1,8.2,0.056468531468531466,4.25,9.266666666666667,0.08061026270069631,-0.15000000000000036,5720,1761,22,3.2481544576944916,false,10,4,"high pressure, normal-or-short median wait"
29,Brooklyn,Brighton Beach,Weekend,7,390,8,48.75,22,2.75,3.816666666666667,7.87,0.05641025641025641,4.05,9.066666666666666,0.07534228097389897,-0.23333333333333295,390,204,8,1.911764705882353,false,10,4,"high pressure, normal-or-short median wait"
178,Brooklyn,Ocean Parkway South,Weekday,8,1419,22,64.5,80,3.6363636363636362,4.05,8.416666666666666,0.05637773079633545,4.25,9.266666666666667,0.08061026270069631,-0.20000000000000018,1419,402,22,3.529850746268657,false,10,4,"high pressure, normal-or-short median wait"
243,Manhattan,Washington Heights North,Weekend,8,1278,8,159.75,72,9.0,3.65,8.366666666666667,0.056338028169014086,3.783333333333333,8.283333333333333,0.05778555961010838,-0.1333333333333333,1278,624,8,2.048076923076923,false,10,4,"high pressure, normal-or-short median wait"
66,Brooklyn,DUMBO/Vinegar Hill,Weekday,5,677,22,30.772727272727273,38,1.7272727272727273,4.483333333333333,8.429999999999998,0.056129985228951254,4.733333333333333,10.55,0.11488716657294443,-0.25,677,212,22,3.193396226415094,false,10,4,"high pressure, normal-or-short median wait"
249,Manhattan,West Village,Weekday,4,1481,22,67.31818181818181,83,3.772727272727273,4.1,8.033333333333333,0.056043214044564485,5.033333333333333,11.283333333333333,0.13485731819576557,-0.9333333333333336,1481,469,22,3.1577825159914714,false,10,4,"high pressure, normal-or-short median wait"
79,Manhattan,East Village,Weekday,7,4203,22,191.04545454545453,235,10.681818181818182,3.9833333333333334,8.14666666666667,0.055912443492743276,4.716666666666667,10.916666666666666,0.12505400636974198,-0.7333333333333334,4203,826,22,5.088377723970944,false,10,4,"high pressure, normal-or-short median wait"
239,Manhattan,Upper West Side South,Weekday,7,4669,22,212.22727272727272,261,11.863636363636363,4.183333333333334,8.316666666666666,0.055900621118012424,4.716666666666667,10.916666666666666,0.12505400636974198,-0.5333333333333332,4669,1048,22,4.455152671755725,false,10,4,"high pressure, normal-or-short median wait"
13,Manhattan,Battery Park City,Weekday,5,984,22,44.72727272727273,55,2.5,4.633333333333334,8.561666666666667,0.05589430894308943,4.733333333333333,10.55,0.11488716657294443,-0.09999999999999964,984,210,22,4.685714285714286,false,10,4,"high pressure, normal-or-short median wait"
149,Brooklyn,Madison,Weekday,7,2478,22,112.63636363636364,137,6.2272727272727275,4.05,8.405000000000003,0.055286521388216305,4.716666666666667,10.916666666666666,0.12505400636974198,-0.666666666666667,2478,1231,22,2.0129975629569454,false,10,4,"high pressure, normal-or-short median wait"
29,Brooklyn,Brighton Beach,Weekday,7,1878,22,85.36363636363636,103,4.681818181818182,3.9416666666666664,8.388333333333332,0.05484558040468584,4.716666666666667,10.916666666666666,0.12505400636974198,-0.7750000000000004,1878,893,22,2.103023516237402,false,10,3,"high pressure, normal-or-short median wait"
189,Brooklyn,Prospect Heights,Weekend,7,420,8,52.5,23,2.875,3.8083333333333336,8.6,0.05476190476190476,4.05,9.066666666666666,0.07534228097389897,-0.24166666666666625,420,203,8,2.0689655172413794,false,10,3,"high pressure, normal-or-short median wait"
40,Brooklyn,Carroll Gardens,Weekend,6,256,8,32.0,14,1.75,4.133333333333333,7.85,0.0546875,4.633333333333334,10.583333333333334,0.11545263577412632,-0.5000000000000009,256,112,8,2.2857142857142856,false,10,3,"high pressure, normal-or-short median wait"
108,Brooklyn,Gravesend,Weekday,7,2016,22,91.63636363636364,110,5.0,4.083333333333333,8.141666666666666,0.054563492063492064,4.716666666666667,10.916666666666666,0.12505400636974198,-0.6333333333333337,2016,585,22,3.4461538461538463,false,10,3,"high pressure, normal-or-short median wait"
33,Brooklyn,Brooklyn Heights,Weekday,4,588,22,26.727272727272727,32,1.4545454545454546,4.083333333333333,7.831666666666669,0.05442176870748299,5.033333333333333,11.283333333333333,0.13485731819576557,-0.9500000000000002,588,201,22,2.925373134328358,false,10,3,"high pressure, normal-or-short median wait"
162,Manhattan,Midtown East,Weekday,21,12085,22,549.3181818181819,650,29.545454545454547,3.933333333333333,8.233333333333333,0.05378568473314026,4.0,9.65,0.09069898848801876,-0.06666666666666687,12085,4445,22,2.718785151856018,false,10,3,"high pressure, normal-or-short median wait"
262,Manhattan,Yorkville East,Weekday,6,2409,22,109.5,129,5.863636363636363,4.066666666666666,8.233333333333333,0.053549190535491904,4.416666666666667,10.1,0.10244755526542718,-0.35000000000000053,2409,377,22,6.389920424403183,false,10,3,"high pressure, normal-or-short median wait"
48,Manhattan,Clinton East,Weekday,5,2379,22,108.13636363636364,127,5.7727272727272725,4.0,8.273333333333342,0.0533837746952501,4.733333333333333,10.55,0.11488716657294443,-0.7333333333333334,2379,926,22,2.5691144708423326,false,10,3,"high pressure, normal-or-short median wait"
143,Manhattan,Lincoln Square West,Weekday,5,1437,22,65.31818181818181,75,3.409090909090909,4.283333333333333,8.480000000000004,0.05219206680584551,4.733333333333333,10.55,0.11488716657294443,-0.4500000000000002,1437,357,22,4.025210084033613,false,10,3,"high pressure, normal-or-short median wait"
11,Brooklyn,Bath Beach,Weekday,7,1497,22,68.04545454545455,78,3.5454545454545454,4.0,8.330000000000002,0.052104208416833664,4.716666666666667,10.916666666666666,0.12505400636974198,-0.7166666666666668,1497,274,22,5.463503649635037,false,10,3,"high pressure, normal-or-short median wait"
239,Manhattan,Upper West Side South,Weekday,4,712,22,32.36363636363637,37,1.6818181818181819,4.208333333333334,7.898333333333333,0.05196629213483146,5.033333333333333,11.283333333333333,0.13485731819576557,-0.8249999999999993,712,271,22,2.6273062730627306,false,10,3,"high pressure, normal-or-short median wait"
14,Brooklyn,Bay Ridge,Weekend,6,733,8,91.625,38,4.75,4.166666666666667,8.663333333333346,0.05184174624829468,4.633333333333334,10.583333333333334,0.11545263577412632,-0.4666666666666668,733,358,8,2.047486033519553,false,10,3,"high pressure, normal-or-short median wait"
164,Manhattan,Midtown South,Weekend,9,1583,8,197.875,82,10.25,3.2,7.4899999999999975,0.05180037902716361,3.85,8.35,0.060274067890929324,-0.6499999999999999,1583,658,8,2.405775075987842,false,10,3,"high pressure, normal-or-short median wait"
21,Brooklyn,Bensonhurst East,Weekday,7,3244,22,147.45454545454547,167,7.590909090909091,3.9,8.261666666666672,0.05147965474722565,4.716666666666667,10.916666666666666,0.12505400636974198,-0.8166666666666669,3244,890,22,3.6449438202247193,false,10,3,"high pressure, normal-or-short median wait"
50,Manhattan,Clinton West,Weekend,8,1034,8,129.25,53,6.625,3.4166666666666665,7.411666666666667,0.05125725338491296,3.783333333333333,8.283333333333333,0.05778555961010838,-0.3666666666666667,1034,420,8,2.461904761904762,false,10,3,"high pressure, normal-or-short median wait"
14,Brooklyn,Bay Ridge,Weekday,5,1685,22,76.5909090909091,86,3.909090909090909,3.9833333333333334,8.193333333333335,0.05103857566765579,4.733333333333333,10.55,0.11488716657294443,-0.75,1685,681,22,2.474302496328928,false,10,3,"high pressure, normal-or-short median wait"
146,Queens,Long Island City/Queens Plaza,Weekday,7,1570,22,71.36363636363636,80,3.6363636363636362,3.65,7.95,0.050955414012738856,4.716666666666667,10.916666666666666,0.12505400636974198,-1.0666666666666669,1570,707,22,2.2206506364922207,false,10,3,"high pressure, normal-or-short median wait"
257,Brooklyn,Windsor Terrace,Weekday,5,477,22,21.681818181818183,24,1.0909090909090908,3.783333333333333,7.7233333333333345,0.050314465408805034,4.733333333333333,10.55,0.11488716657294443,-0.9500000000000002,477,116,22,4.112068965517241,false,10,3,"high pressure, normal-or-short median wait"
181,Brooklyn,Park Slope,Weekday,4,1253,22,56.95454545454545,63,2.8636363636363638,4.1,8.116666666666667,0.05027932960893855,5.033333333333333,11.283333333333333,0.13485731819576557,-0.9333333333333336,1253,590,22,2.123728813559322,false,10,3,"high pressure, normal-or-short median wait"
14,Brooklyn,Bay Ridge,Weekday,7,6030,22,274.09090909090907,303,13.772727272727273,4.0,8.116666666666667,0.050248756218905476,4.716666666666667,10.916666666666666,0.12505400636974198,-0.7166666666666668,6030,1606,22,3.7546699875467,false,10,3,"high pressure, normal-or-short median wait"
210,Brooklyn,Sheepshead Bay,Weekday,6,2111,22,95.95454545454545,106,4.818181818181818,3.8,7.966666666666667,0.0502131691141639,4.416666666666667,10.1,0.10244755526542718,-0.6166666666666671,2111,482,22,4.3796680497925315,false,10,3,"high pressure, normal-or-short median wait"
133,Brooklyn,Kensington,Weekday,5,520,22,23.636363636363637,26,1.1818181818181819,3.95,8.435,0.05,4.733333333333333,10.55,0.11488716657294443,-0.7833333333333332,520,240,22,2.1666666666666665,false,10,3,"high pressure, normal-or-short median wait"
263,Manhattan,Yorkville West,Weekday,6,3613,22,164.22727272727272,178,8.090909090909092,4.216666666666667,7.856666666666675,0.04926653750345973,4.416666666666667,10.1,0.10244755526542718,-0.20000000000000018,3613,538,22,6.715613382899628,false,10,3,"high pressure, normal-or-short median wait"
83,Queens,Elmhurst/Maspeth,Weekday,6,2013,22,91.5,99,4.5,3.75,7.913333333333332,0.04918032786885246,4.416666666666667,10.1,0.10244755526542718,-0.666666666666667,2013,541,22,3.720887245841035,false,10,3,"high pressure, normal-or-short median wait"
67,Brooklyn,Dyker Heights,Weekday,5,654,22,29.727272727272727,32,1.4545454545454546,4.183333333333334,8.211666666666666,0.04892966360856269,4.733333333333333,10.55,0.11488716657294443,-0.5499999999999998,654,177,22,3.694915254237288,false,10,3,"high pressure, normal-or-short median wait"
129,Queens,Jackson Heights,Weekday,5,3580,22,162.72727272727272,175,7.954545454545454,3.8583333333333334,7.883333333333334,0.04888268156424581,4.733333333333333,10.55,0.11488716657294443,-0.875,3580,1598,22,2.2403003754693365,false,10,3,"high pressure, normal-or-short median wait"
236,Manhattan,Upper East Side North,Weekday,5,1662,22,75.54545454545455,81,3.6818181818181817,4.5,7.881666666666669,0.048736462093862815,4.733333333333333,10.55,0.11488716657294443,-0.2333333333333334,1662,440,22,3.7772727272727273,false,10,3,"high pressure, normal-or-short median wait"
87,Manhattan,Financial District North,Weekday,6,2536,22,115.27272727272727,123,5.590909090909091,3.683333333333333,7.6083333333333325,0.04850157728706624,4.416666666666667,10.1,0.10244755526542718,-0.7333333333333338,2536,508,22,4.9921259842519685,false,10,3,"high pressure, normal-or-short median wait"
40,Brooklyn,Carroll Gardens,Weekday,4,331,22,15.045454545454545,16,0.7272727272727273,4.333333333333333,8.266666666666667,0.04833836858006042,5.033333333333333,11.283333333333333,0.13485731819576557,-0.7000000000000002,331,136,22,2.4338235294117645,false,10,3,"high pressure, normal-or-short median wait"
70,Queens,East Elmhurst,Weekday,7,2899,22,131.77272727272728,140,6.363636363636363,3.683333333333333,7.716666666666667,0.048292514660227666,4.716666666666667,10.916666666666666,0.12505400636974198,-1.0333333333333337,2899,514,22,5.6400778210116735,false,10,3,"high pressure, normal-or-short median wait"
144,Manhattan,Little Italy/NoLiTa,Weekday,5,891,22,40.5,43,1.9545454545454546,3.816666666666667,7.3,0.04826038159371493,4.733333333333333,10.55,0.11488716657294443,-0.9166666666666665,891,254,22,3.5078740157480315,false,10,3,"high pressure, normal-or-short median wait"
123,Brooklyn,Homecrest,Weekend,7,373,8,46.625,18,2.25,3.533333333333333,8.003333333333336,0.04825737265415549,4.05,9.066666666666666,0.07534228097389897,-0.5166666666666666,373,170,8,2.1941176470588237,false,10,3,"high pressure, normal-or-short median wait"
11,Brooklyn,Bath Beach,Weekday,8,1662,22,75.54545454545455,80,3.6363636363636362,3.6666666666666665,8.3,0.048134777376654635,4.25,9.266666666666667,0.08061026270069631,-0.5833333333333335,1662,663,22,2.506787330316742,false,10,3,"high pressure, normal-or-short median wait"
24,Manhattan,Bloomingdale,Weekday,8,1439,22,65.4090909090909,68,3.090909090909091,3.8333333333333335,7.533333333333337,0.0472550382209868,4.25,9.266666666666667,0.08061026270069631,-0.4166666666666665,1439,516,22,2.7887596899224807,false,10,3,"high pressure, normal-or-short median wait"
79,Manhattan,East Village,Weekday,6,3285,22,149.3181818181818,154,7.0,3.9166666666666665,7.4433333333333325,0.046879756468797565,4.416666666666667,10.1,0.10244755526542718,-0.5000000000000004,3285,557,22,5.897666068222621,false,10,3,"high pressure, normal-or-short median wait"
158,Manhattan,Meatpacking/West Village West,Weekday,5,901,22,40.95454545454545,42,1.9090909090909092,4.166666666666667,7.883333333333334,0.04661487236403995,4.733333333333333,10.55,0.11488716657294443,-0.5666666666666664,901,166,22,5.427710843373494,false,10,3,"high pressure, normal-or-short median wait"
22,Brooklyn,Bensonhurst West,Weekend,7,623,8,77.875,29,3.625,3.7,7.573333333333336,0.04654895666131621,4.05,9.066666666666666,0.07534228097389897,-0.34999999999999964,623,274,8,2.2737226277372264,false,10,3,"high pressure, normal-or-short median wait"
234,Manhattan,Union Sq,Weekday,5,1273,22,57.86363636363637,59,2.6818181818181817,4.016666666666667,7.68,0.046347211311861744,4.733333333333333,10.55,0.11488716657294443,-0.7166666666666668,1273,627,22,2.0303030303030303,false,10,3,"high pressure, normal-or-short median wait"
150,Brooklyn,Manhattan Beach,Weekday,6,476,22,21.636363636363637,22,1.0,3.8666666666666667,8.566666666666666,0.046218487394957986,4.416666666666667,10.1,0.10244755526542718,-0.5500000000000003,476,180,22,2.6444444444444444,false,10,3,"high pressure, normal-or-short median wait"
170,Manhattan,Murray Hill,Weekday,5,1689,22,76.77272727272727,78,3.5454545454545454,4.016666666666667,7.5933333333333355,0.046181172291296625,4.733333333333333,10.55,0.11488716657294443,-0.7166666666666668,1689,817,22,2.0673194614443084,false,10,3,"high pressure, normal-or-short median wait"
143,Manhattan,Lincoln Square West,Weekday,6,2913,22,132.4090909090909,134,6.090909090909091,3.816666666666667,7.2133333333333365,0.046000686577411604,4.416666666666667,10.1,0.10244755526542718,-0.6000000000000001,2913,464,22,6.2780172413793105,false,10,3,"high pressure, normal-or-short median wait"
151,Manhattan,Manhattan Valley,Weekend,7,436,8,54.5,20,2.5,3.5833333333333335,8.025,0.045871559633027525,4.05,9.066666666666666,0.07534228097389897,-0.46666666666666634,436,219,8,1.9908675799086757,false,10,3,"high pressure, normal-or-short median wait"
33,Brooklyn,Brooklyn Heights,Weekday,5,1115,22,50.68181818181818,51,2.3181818181818183,4.15,8.11,0.045739910313901344,4.733333333333333,10.55,0.11488716657294443,-0.583333333333333,1115,276,22,4.0398550724637685,false,10,3,"high pressure, normal-or-short median wait"
123,Brooklyn,Homecrest,Weekday,7,2564,22,116.54545454545455,117,5.318181818181818,3.75,7.65,0.04563182527301092,4.716666666666667,10.916666666666666,0.12505400636974198,-0.9666666666666668,2564,798,22,3.2130325814536342,false,10,3,"high pressure, normal-or-short median wait"
141,Manhattan,Lenox Hill West,Weekday,4,1140,22,51.81818181818182,52,2.3636363636363638,4.008333333333333,7.818333333333335,0.0456140350877193,5.033333333333333,11.283333333333333,0.13485731819576557,-1.0250000000000004,1140,364,22,3.131868131868132,false,10,3,"high pressure, normal-or-short median wait"
230,Manhattan,Times Sq/Theatre District,Weekday,4,1912,22,86.9090909090909,87,3.9545454545454546,3.6333333333333333,7.583333333333333,0.045502092050209206,5.033333333333333,11.283333333333333,0.13485731819576557,-1.4,1912,927,22,2.062567421790723,false,10,3,"high pressure, normal-or-short median wait"
107,Manhattan,Gramercy,Weekday,8,5805,22,263.8636363636364,264,12.0,3.783333333333333,7.883333333333334,0.04547803617571059,4.25,9.266666666666667,0.08061026270069631,-0.4666666666666668,5805,2699,22,2.1507965913301224,false,10,3,"high pressure, normal-or-short median wait"
22,Brooklyn,Bensonhurst West,Weekday,8,4486,22,203.9090909090909,204,9.272727272727273,3.8333333333333335,8.066666666666666,0.045474810521622826,4.25,9.266666666666667,0.08061026270069631,-0.4166666666666665,4486,2211,22,2.0289461781999094,false,10,3,"high pressure, normal-or-short median wait"
178,Brooklyn,Ocean Parkway South,Weekend,7,132,8,16.5,6,0.75,3.5166666666666666,7.586666666666668,0.045454545454545456,4.05,9.066666666666666,0.07534228097389897,-0.5333333333333332,132,63,8,2.0952380952380953,false,10,3,"high pressure, normal-or-short median wait"
87,Manhattan,Financial District North,Weekday,7,3437,22,156.22727272727272,155,7.045454545454546,3.7,7.433333333333334,0.045097468722723306,4.716666666666667,10.916666666666666,0.12505400636974198,-1.0166666666666666,3437,1224,22,2.808006535947712,false,10,3,"high pressure, normal-or-short median wait"
211,Manhattan,SoHo,Weekday,4,423,22,19.227272727272727,19,0.8636363636363636,3.933333333333333,7.680000000000001,0.04491725768321513,5.033333333333333,11.283333333333333,0.13485731819576557,-1.1,423,194,22,2.1804123711340204,false,10,3,"high pressure, normal-or-short median wait"
107,Manhattan,Gramercy,Weekday,5,1696,22,77.0909090909091,76,3.4545454545454546,4.25,7.8,0.04481132075471698,4.733333333333333,10.55,0.11488716657294443,-0.4833333333333334,1696,470,22,3.608510638297872,false,10,3,"high pressure, normal-or-short median wait"
182,Bronx,Parkchester,Weekend,8,626,8,78.25,28,3.5,3.658333333333333,8.2,0.04472843450479233,3.783333333333333,8.283333333333333,0.05778555961010838,-0.125,626,322,8,1.9440993788819876,false,10,3,"high pressure, normal-or-short median wait"
29,Brooklyn,Brighton Beach,Weekday,6,716,22,32.54545454545455,32,1.4545454545454546,3.6666666666666665,7.9,0.0446927374301676,4.416666666666667,10.1,0.10244755526542718,-0.7500000000000004,716,331,22,2.163141993957704,false,10,3,"high pressure, normal-or-short median wait"
260,Queens,Woodside,Weekday,7,4215,22,191.5909090909091,188,8.545454545454545,3.5833333333333335,7.700000000000001,0.044602609727164885,4.716666666666667,10.916666666666666,0.12505400636974198,-1.1333333333333333,4215,1732,22,2.4336027713625867,false,10,3,"high pressure, normal-or-short median wait"
230,Manhattan,Times Sq/Theatre District,Weekend,9,2268,8,283.5,101,12.625,3.1083333333333334,7.338333333333333,0.0445326278659612,3.85,8.35,0.060274067890929324,-0.7416666666666667,2268,891,8,2.5454545454545454,false,10,3,"high pressure, normal-or-short median wait"
224,Manhattan,Stuy Town/Peter Cooper Village,Weekend,6,271,8,33.875,12,1.5,4.183333333333334,7.583333333333333,0.04428044280442804,4.633333333333334,10.583333333333334,0.11545263577412632,-0.4500000000000002,271,130,8,2.0846153846153848,false,10,3,"high pressure, normal-or-short median wait"
87,Manhattan,Financial District North,Weekend,10,1721,8,215.125,76,9.5,3.566666666666667,7.25,0.044160371876815804,3.8833333333333333,8.383333333333333,0.06003768772484154,-0.31666666666666643,1721,691,8,2.4905933429811866,false,10,3,"high pressure, normal-or-short median wait"
100,Manhattan,Garment District,Weekday,5,885,22,40.22727272727273,39,1.7727272727272727,3.5833333333333335,7.660000000000001,0.04406779661016949,4.733333333333333,10.55,0.11488716657294443,-1.15,885,418,22,2.117224880382775,false,10,3,"high pressure, normal-or-short median wait"
165,Brooklyn,Midwood,Weekday,8,3641,22,165.5,160,7.2727272727272725,3.7,7.75,0.043943971436418566,4.25,9.266666666666667,0.08061026270069631,-0.5499999999999998,3641,1840,22,1.978804347826087,false,10,3,"high pressure, normal-or-short median wait"
143,Manhattan,Lincoln Square West,Weekend,11,1714,8,214.25,75,9.375,3.8,7.540000000000001,0.043757292882147025,3.966666666666667,8.633333333333333,0.06619892665727876,-0.16666666666666696,1714,845,8,2.0284023668639053,false,10,3,"high pressure, normal-or-short median wait"
142,Manhattan,Lincoln Square East,Weekday,4,846,22,38.45454545454545,37,1.6818181818181819,4.2,7.441666666666666,0.04373522458628842,5.033333333333333,11.283333333333333,0.13485731819576557,-0.833333333333333,846,357,22,2.369747899159664,false,10,3,"high pressure, normal-or-short median wait"
87,Manhattan,Financial District North,Weekday,8,4299,22,195.4090909090909,188,8.545454545454545,3.65,7.606666666666675,0.043731100255873456,4.25,9.266666666666667,0.08061026270069631,-0.6000000000000001,4299,2068,22,2.0788201160541586,false,10,3,"high pressure, normal-or-short median wait"
24,Manhattan,Bloomingdale,Weekend,7,229,8,28.625,10,1.25,3.6666666666666665,8.503333333333336,0.043668122270742356,4.05,9.066666666666666,0.07534228097389897,-0.3833333333333333,229,69,8,3.318840579710145,false,10,3,"high pressure, normal-or-short median wait"
262,Manhattan,Yorkville East,Weekend,10,1218,8,152.25,53,6.625,3.825,7.733333333333333,0.04351395730706076,3.8833333333333333,8.383333333333333,0.06003768772484154,-0.058333333333333126,1218,577,8,2.1109185441941074,false,10,2,"high pressure, normal-or-short median wait"
233,Manhattan,UN/Turtle Bay South,Weekday,5,1380,22,62.72727272727273,60,2.727272727272727,3.816666666666667,7.436666666666671,0.043478260869565216,4.733333333333333,10.55,0.11488716657294443,-0.9166666666666665,1380,437,22,3.1578947368421053,false,10,2,"high pressure, normal-or-short median wait"
114,Manhattan,Greenwich Village South,Weekday,3,832,22,37.81818181818182,36,1.6363636363636365,3.6083333333333334,7.68,0.04326923076923077,4.666666666666667,10.816666666666666,0.12186100419248215,-1.0583333333333336,832,415,22,2.004819277108434,false,10,2,"high pressure, normal-or-short median wait"
70,Queens,East Elmhurst,Weekend,7,648,8,81.0,28,3.5,3.5833333333333335,8.130000000000006,0.043209876543209874,4.05,9.066666666666666,0.07534228097389897,-0.46666666666666634,648,246,8,2.6341463414634148,false,10,2,"high pressure, normal-or-short median wait"
163,Manhattan,Midtown North,Weekday,4,950,22,43.18181818181818,41,1.8636363636363635,3.5166666666666666,7.623333333333335,0.0431578947368421,5.033333333333333,11.283333333333333,0.13485731819576557,-1.5166666666666666,950,395,22,2.4050632911392404,false,10,2,"high pressure, normal-or-short median wait"
50,Manhattan,Clinton West,Weekday,7,4130,22,187.72727272727272,178,8.090909090909092,3.65,7.268333333333332,0.043099273607748186,4.716666666666667,10.916666666666666,0.12505400636974198,-1.0666666666666669,4130,1337,22,3.089005235602094,false,10,2,"high pressure, normal-or-short median wait"
239,Manhattan,Upper West Side South,Weekday,8,5623,22,255.5909090909091,242,11.0,4.1,7.816666666666666,0.043037524453138895,4.25,9.266666666666667,0.08061026270069631,-0.15000000000000036,5623,1728,22,3.254050925925926,false,10,2,"high pressure, normal-or-short median wait"
144,Manhattan,Little Italy/NoLiTa,Weekday,6,1076,22,48.90909090909091,46,2.090909090909091,3.9,7.683333333333334,0.04275092936802974,4.416666666666667,10.1,0.10244755526542718,-0.516666666666667,1076,421,22,2.5558194774346794,false,10,2,"high pressure, normal-or-short median wait"
90,Manhattan,Flatiron,Weekday,4,1105,22,50.22727272727273,47,2.1363636363636362,3.816666666666667,7.8,0.04253393665158371,5.033333333333333,11.283333333333333,0.13485731819576557,-1.2166666666666663,1105,511,22,2.162426614481409,false,10,2,"high pressure, normal-or-short median wait"
209,Manhattan,Seaport,Weekday,7,1059,22,48.13636363636363,45,2.0454545454545454,4.016666666666667,7.95,0.042492917847025496,4.716666666666667,10.916666666666666,0.12505400636974198,-0.7000000000000002,1059,448,22,2.3638392857142856,false,10,2,"high pressure, normal-or-short median wait"
209,Manhattan,Seaport,Weekday,6,737,22,33.5,31,1.4090909090909092,4.05,7.68,0.04206241519674356,4.416666666666667,10.1,0.10244755526542718,-0.36666666666666714,737,156,22,4.7243589743589745,false,10,2,"high pressure, normal-or-short median wait"
231,Manhattan,TriBeCa/Civic Center,Weekday,4,1451,22,65.95454545454545,60,2.727272727272727,3.966666666666667,7.466666666666667,0.04135079255685734,5.033333333333333,11.283333333333333,0.13485731819576557,-1.0666666666666664,1451,497,22,2.919517102615694,false,10,2,"high pressure, normal-or-short median wait"
83,Queens,Elmhurst/Maspeth,Weekend,8,653,8,81.625,27,3.375,3.783333333333333,7.86333333333334,0.04134762633996937,3.783333333333333,8.283333333333333,0.05778555961010838,0.0,653,269,8,2.4275092936802976,false,10,2,"high pressure, normal-or-short median wait"
178,Brooklyn,Ocean Parkway South,Weekday,7,977,22,44.40909090909091,40,1.8181818181818181,3.9833333333333334,8.356666666666666,0.04094165813715456,4.716666666666667,10.916666666666666,0.12505400636974198,-0.7333333333333334,977,246,22,3.9715447154471546,false,10,2,"high pressure, normal-or-short median wait"
256,Brooklyn,Williamsburg (South Side),Weekend,8,1212,8,151.5,49,6.125,3.4833333333333334,7.3483333333333345,0.040429042904290426,3.783333333333333,8.283333333333333,0.05778555961010838,-0.2999999999999998,1212,611,8,1.9836333878887071,false,10,2,"high pressure, normal-or-short median wait"
141,Manhattan,Lenox Hill West,Weekday,8,6761,22,307.3181818181818,273,12.409090909090908,4.133333333333334,7.85,0.04037864221269043,4.25,9.266666666666667,0.08061026270069631,-0.11666666666666625,6761,2459,22,2.7494916632777553,false,10,2,"high pressure, normal-or-short median wait"
133,Brooklyn,Kensington,Weekend,9,571,8,71.375,23,2.875,3.55,7.566666666666666,0.040280210157618214,3.85,8.35,0.060274067890929324,-0.30000000000000027,571,242,8,2.3595041322314048,false,10,2,"high pressure, normal-or-short median wait"
13,Manhattan,Battery Park City,Weekday,4,746,22,33.90909090909091,30,1.3636363636363635,4.65,8.05,0.040214477211796246,5.033333333333333,11.283333333333333,0.13485731819576557,-0.38333333333333286,746,165,22,4.5212121212121215,false,10,2,"high pressure, normal-or-short median wait"
108,Brooklyn,Gravesend,Weekday,6,796,22,36.18181818181818,32,1.4545454545454546,3.85,7.666666666666667,0.04020100502512563,4.416666666666667,10.1,0.10244755526542718,-0.5666666666666669,796,388,22,2.051546391752577,false,10,2,"high pressure, normal-or-short median wait"
261,Manhattan,World Trade Center,Weekday,6,1147,22,52.13636363636363,46,2.090909090909091,4.066666666666666,7.5,0.04010462074978204,4.416666666666667,10.1,0.10244755526542718,-0.35000000000000053,1147,553,22,2.0741410488245933,false,10,2,"high pressure, normal-or-short median wait"
22,Brooklyn,Bensonhurst West,Weekday,6,1922,22,87.36363636363636,77,3.5,3.6916666666666664,8.0,0.040062434963579606,4.416666666666667,10.1,0.10244755526542718,-0.7250000000000005,1922,553,22,3.4755877034358047,false,10,2,"high pressure, normal-or-short median wait"
48,Manhattan,Clinton East,Weekday,8,6870,22,312.27272727272725,275,12.5,3.6333333333333333,7.683333333333334,0.04002911208151383,4.25,9.266666666666667,0.08061026270069631,-0.6166666666666667,6870,2448,22,2.8063725490196076,false,10,2,"high pressure, normal-or-short median wait"
21,Brooklyn,Bensonhurst East,Weekend,8,652,8,81.5,26,3.25,3.5416666666666665,7.594999999999998,0.03987730061349693,3.783333333333333,8.283333333333333,0.05778555961010838,-0.2416666666666667,652,306,8,2.130718954248366,false,10,2,"high pressure, normal-or-short median wait"
50,Manhattan,Clinton West,Weekend,9,1334,8,166.75,53,6.625,3.433333333333333,7.661666666666667,0.03973013493253373,3.85,8.35,0.060274067890929324,-0.41666666666666696,1334,701,8,1.9029957203994294,false,10,2,"high pressure, normal-or-short median wait"
33,Brooklyn,Brooklyn Heights,Weekday,6,1966,22,89.36363636363636,78,3.5454545454545454,3.8916666666666666,7.6083333333333325,0.03967446592065107,4.416666666666667,10.1,0.10244755526542718,-0.5250000000000004,1966,599,22,3.282136894824708,false,10,2,"high pressure, normal-or-short median wait"
21,Brooklyn,Bensonhurst East,Weekday,5,807,22,36.68181818181818,32,1.4545454545454546,3.95,8.516666666666667,0.03965303593556382,4.733333333333333,10.55,0.11488716657294443,-0.7833333333333332,807,339,22,2.3805309734513274,false,10,2,"high pressure, normal-or-short median wait"
236,Manhattan,Upper East Side North,Weekday,7,6652,22,302.3636363636364,263,11.954545454545455,4.033333333333333,7.783333333333333,0.039536981358989774,4.716666666666667,10.916666666666666,0.12505400636974198,-0.6833333333333336,6652,2230,22,2.982959641255605,false,10,2,"high pressure, normal-or-short median wait"
142,Manhattan,Lincoln Square East,Weekday,8,5280,22,240.0,207,9.409090909090908,3.9166666666666665,7.516666666666666,0.03920454545454546,4.25,9.266666666666667,0.08061026270069631,-0.3333333333333335,5280,2532,22,2.085308056872038,false,10,2,"high pressure, normal-or-short median wait"
164,Manhattan,Midtown South,Weekday,5,1762,22,80.0909090909091,69,3.1363636363636362,3.8666666666666667,7.7,0.03916004540295119,4.733333333333333,10.55,0.11488716657294443,-0.8666666666666667,1762,669,22,2.633781763826607,false,10,2,"high pressure, normal-or-short median wait"
54,Brooklyn,Columbia Street,Weekend,10,179,8,22.375,7,0.875,3.3833333333333333,6.823333333333333,0.03910614525139665,3.8833333333333333,8.383333333333333,0.06003768772484154,-0.5,179,85,8,2.1058823529411765,false,10,2,"high pressure, normal-or-short median wait"
256,Brooklyn,Williamsburg (South Side),Weekend,9,1592,8,199.0,62,7.75,3.475,6.998333333333335,0.038944723618090454,3.85,8.35,0.060274067890929324,-0.375,1592,815,8,1.9533742331288344,false,10,2,"high pressure, normal-or-short median wait"
249,Manhattan,West Village,Weekday,5,1825,22,82.95454545454545,71,3.227272727272727,4.033333333333333,7.566666666666666,0.03890410958904109,4.733333333333333,10.55,0.11488716657294443,-0.7000000000000002,1825,337,22,5.415430267062314,false,10,2,"high pressure, normal-or-short median wait"
48,Manhattan,Clinton East,Weekday,9,6407,22,291.22727272727275,248,11.272727272727273,3.1666666666666665,7.333333333333333,0.03870766349305447,3.6333333333333333,7.916666666666667,0.04848680895202782,-0.4666666666666668,6407,2577,22,2.4862242918121846,false,10,2,"high pressure, normal-or-short median wait"
179,Queens,Old Astoria,Weekend,8,937,8,117.125,36,4.5,3.683333333333333,7.463333333333333,0.0384204909284952,3.783333333333333,8.283333333333333,0.05778555961010838,-0.10000000000000009,937,462,8,2.0281385281385282,false,10,2,"high pressure, normal-or-short median wait"
246,Manhattan,West Chelsea/Hudson Yards,Weekday,5,1356,22,61.63636363636363,52,2.3636363636363638,4.05,7.15,0.038348082595870206,4.733333333333333,10.55,0.11488716657294443,-0.6833333333333336,1356,631,22,2.1489698890649764,false,10,2,"high pressure, normal-or-short median wait"
7,Queens,Astoria,Weekday,7,7609,22,345.8636363636364,291,13.227272727272727,3.533333333333333,7.5,0.03824418451833355,4.716666666666667,10.916666666666666,0.12505400636974198,-1.1833333333333336,7609,2040,22,3.729901960784314,false,10,2,"high pressure, normal-or-short median wait"
7,Queens,Astoria,Weekend,9,2905,8,363.125,111,13.875,3.55,7.30333333333333,0.03820998278829604,3.85,8.35,0.060274067890929324,-0.30000000000000027,2905,1386,8,2.095959595959596,false,10,2,"high pressure, normal-or-short median wait"
149,Brooklyn,Madison,Weekday,5,551,22,25.045454545454547,21,0.9545454545454546,3.6166666666666667,7.716666666666667,0.038112522686025406,4.733333333333333,10.55,0.11488716657294443,-1.1166666666666667,551,259,22,2.1274131274131274,false,10,2,"high pressure, normal-or-short median wait"
40,Brooklyn,Carroll Gardens,Weekday,6,1077,22,48.95454545454545,41,1.8636363636363635,3.6666666666666665,7.259999999999998,0.03806870937790158,4.416666666666667,10.1,0.10244755526542718,-0.7500000000000004,1077,183,22,5.885245901639344,false,10,2,"high pressure, normal-or-short median wait"
9,Queens,Auburndale,Weekend,7,132,8,16.5,5,0.625,3.958333333333333,8.341666666666667,0.03787878787878788,4.05,9.066666666666666,0.07534228097389897,-0.09166666666666679,132,54,8,2.4444444444444446,false,10,2,"high pressure, normal-or-short median wait"
179,Queens,Old Astoria,Weekday,5,1587,22,72.13636363636364,60,2.727272727272727,3.6,7.190000000000001,0.03780718336483932,4.733333333333333,10.55,0.11488716657294443,-1.1333333333333333,1587,533,22,2.9774859287054407,false,10,2,"high pressure, normal-or-short median wait"
7,Queens,Astoria,Weekday,8,8316,22,378.0,314,14.272727272727273,3.533333333333333,7.35,0.037758537758537755,4.25,9.266666666666667,0.08061026270069631,-0.7166666666666668,8316,3806,22,2.184971098265896,false,10,2,"high pressure, normal-or-short median wait"
233,Manhattan,UN/Turtle Bay South,Weekend,10,1673,8,209.125,63,7.875,3.7333333333333334,7.296666666666665,0.03765690376569038,3.8833333333333333,8.383333333333333,0.06003768772484154,-0.1499999999999999,1673,454,8,3.685022026431718,false,10,2,"high pressure, normal-or-short median wait"
262,Manhattan,Yorkville East,Weekend,9,1039,8,129.875,39,4.875,3.8333333333333335,7.290000000000001,0.03753609239653513,3.85,8.35,0.060274067890929324,-0.016666666666666607,1039,437,8,2.377574370709382,false,10,2,"high pressure, normal-or-short median wait"
144,Manhattan,Little Italy/NoLiTa,Weekday,7,1607,22,73.04545454545455,60,2.727272727272727,3.95,7.523333333333334,0.037336652146857496,4.716666666666667,10.916666666666666,0.12505400636974198,-0.7666666666666666,1607,836,22,1.9222488038277512,false,10,2,"high pressure, normal-or-short median wait"
144,Manhattan,Little Italy/NoLiTa,Weekday,8,2814,22,127.9090909090909,105,4.7727272727272725,4.083333333333333,7.666666666666667,0.03731343283582089,4.25,9.266666666666667,0.08061026270069631,-0.16666666666666696,2814,1335,22,2.107865168539326,false,10,2,"high pressure, normal-or-short median wait"
24,Manhattan,Bloomingdale,Weekend,9,402,8,50.25,15,1.875,3.375,6.826666666666669,0.03731343283582089,3.85,8.35,0.060274067890929324,-0.4750000000000001,402,191,8,2.1047120418848166,false,10,2,"high pressure, normal-or-short median wait"
52,Brooklyn,Cobble Hill,Weekday,4,161,22,7.318181818181818,6,0.2727272727272727,3.566666666666667,7.566666666666666,0.037267080745341616,5.033333333333333,11.283333333333333,0.13485731819576557,-1.4666666666666663,161,76,22,2.1184210526315788,false,10,2,"high pressure, normal-or-short median wait"
70,Queens,East Elmhurst,Weekday,6,1964,22,89.27272727272727,73,3.3181818181818183,3.533333333333333,7.5,0.037169042769857434,4.416666666666667,10.1,0.10244755526542718,-0.8833333333333337,1964,471,22,4.169851380042463,false,10,2,"high pressure, normal-or-short median wait"
40,Brooklyn,Carroll Gardens,Weekday,5,674,22,30.636363636363637,25,1.1363636363636365,4.2,7.1250000000000036,0.037091988130563795,4.733333333333333,10.55,0.11488716657294443,-0.5333333333333332,674,133,22,5.067669172932331,false,10,2,"high pressure, normal-or-short median wait"
56,Queens,Corona,Weekend,7,810,8,101.25,30,3.75,3.8,8.17,0.037037037037037035,4.05,9.066666666666666,0.07534228097389897,-0.25,810,419,8,1.9331742243436754,false,10,2,"high pressure, normal-or-short median wait"
54,Brooklyn,Columbia Street,Weekday,6,271,22,12.318181818181818,10,0.45454545454545453,3.8,7.083333333333333,0.03690036900369004,4.416666666666667,10.1,0.10244755526542718,-0.6166666666666671,271,54,22,5.018518518518518,false,10,2,"high pressure, normal-or-short median wait"
230,Manhattan,Times Sq/Theatre District,Weekend,10,2907,8,363.375,106,13.25,3.283333333333333,7.333333333333332,0.03646370829033368,3.8833333333333333,8.383333333333333,0.06003768772484154,-0.6000000000000001,2907,1177,8,2.469838572642311,false,10,2,"high pressure, normal-or-short median wait"
161,Manhattan,Midtown Center,Weekday,4,1043,22,47.40909090909091,38,1.7272727272727273,3.6666666666666665,7.113333333333334,0.0364333652924257,5.033333333333333,11.283333333333333,0.13485731819576557,-1.3666666666666667,1043,434,22,2.403225806451613,false,10,2,"high pressure, normal-or-short median wait"
125,Manhattan,Hudson Sq,Weekday,18,4151,22,188.6818181818182,151,6.863636363636363,3.4,7.15,0.036376776680317996,3.6333333333333333,8.183333333333334,0.05386722498473349,-0.2333333333333334,4151,2098,22,1.978551000953289,false,10,2,"high pressure, normal-or-short median wait"
113,Manhattan,Greenwich Village North,Weekday,5,1185,22,53.86363636363637,43,1.9545454545454546,4.133333333333334,7.486666666666672,0.036286919831223625,4.733333333333333,10.55,0.11488716657294443,-0.5999999999999996,1185,492,22,2.408536585365854,false,10,2,"high pressure, normal-or-short median wait"
49,Brooklyn,Clinton Hill,Weekend,8,1130,8,141.25,41,5.125,3.716666666666667,7.65,0.036283185840707964,3.783333333333333,8.283333333333333,0.05778555961010838,-0.06666666666666643,1130,550,8,2.0545454545454547,false,10,2,"high pressure, normal-or-short median wait"
165,Brooklyn,Midwood,Weekend,8,717,8,89.625,26,3.25,3.683333333333333,7.773333333333333,0.03626220362622036,3.783333333333333,8.283333333333333,0.05778555961010838,-0.10000000000000009,717,321,8,2.2336448598130842,false,10,2,"high pressure, normal-or-short median wait"
181,Brooklyn,Park Slope,Weekday,7,5523,22,251.04545454545453,200,9.090909090909092,3.55,7.316666666666666,0.03621220351258374,4.716666666666667,10.916666666666666,0.12505400636974198,-1.166666666666667,5523,2769,22,1.9945828819068256,false,10,2,"high pressure, normal-or-short median wait"
13,Manhattan,Battery Park City,Weekend,6,222,8,27.75,8,1.0,4.258333333333333,7.6,0.036036036036036036,4.633333333333334,10.583333333333334,0.11545263577412632,-0.3750000000000009,222,98,8,2.2653061224489797,false,10,2,"high pressure, normal-or-short median wait"
7,Queens,Astoria,Weekend,8,2287,8,285.875,82,10.25,3.4166666666666665,7.15,0.03585483165719283,3.783333333333333,8.283333333333333,0.05778555961010838,-0.3666666666666667,2287,938,8,2.4381663113006398,false,10,2,"high pressure, normal-or-short median wait"
142,Manhattan,Lincoln Square East,Weekday,7,4795,22,217.95454545454547,169,7.681818181818182,3.783333333333333,7.293333333333339,0.03524504692387904,4.716666666666667,10.916666666666666,0.12505400636974198,-0.9333333333333336,4795,2005,22,2.3915211970074814,false,10,2,"high pressure, normal-or-short median wait"
162,Manhattan,Midtown East,Weekday,22,9136,22,415.27272727272725,321,14.590909090909092,3.6166666666666667,7.3,0.03513572679509632,4.316666666666666,10.283333333333333,0.10747069193979303,-0.6999999999999997,9136,4592,22,1.9895470383275262,false,10,2,"high pressure, normal-or-short median wait"
141,Manhattan,Lenox Hill West,Weekday,7,5809,22,264.04545454545456,204,9.272727272727273,3.75,7.35333333333333,0.03511792046823894,4.716666666666667,10.916666666666666,0.12505400636974198,-0.9666666666666668,5809,1895,22,3.0654353562005277,false,10,2,"high pressure, normal-or-short median wait"
179,Queens,Old Astoria,Weekday,6,2571,22,116.86363636363636,90,4.090909090909091,3.6,7.283333333333333,0.03500583430571762,4.416666666666667,10.1,0.10244755526542718,-0.8166666666666669,2571,607,22,4.235584843492586,false,10,2,"high pressure, normal-or-short median wait"
233,Manhattan,UN/Turtle Bay South,Weekend,8,886,8,110.75,31,3.875,3.35,6.841666666666667,0.034988713318284424,3.783333333333333,8.283333333333333,0.05778555961010838,-0.4333333333333331,886,374,8,2.3689839572192515,false,10,2,"high pressure, normal-or-short median wait"
238,Manhattan,Upper West Side North,Weekend,7,752,8,94.0,26,3.25,3.433333333333333,6.9,0.034574468085106384,4.05,9.066666666666666,0.07534228097389897,-0.6166666666666667,752,322,8,2.3354037267080745,false,10,2,"high pressure, normal-or-short median wait"
24,Manhattan,Bloomingdale,Weekend,8,291,8,36.375,10,1.25,3.316666666666667,7.2,0.03436426116838488,3.783333333333333,8.283333333333333,0.05778555961010838,-0.46666666666666634,291,152,8,1.9144736842105263,false,10,2,"high pressure, normal-or-short median wait"
133,Brooklyn,Kensington,Weekday,6,1175,22,53.40909090909091,40,1.8181818181818181,3.683333333333333,7.853333333333337,0.03404255319148936,4.416666666666667,10.1,0.10244755526542718,-0.7333333333333338,1175,241,22,4.875518672199171,false,10,2,"high pressure, normal-or-short median wait"
211,Manhattan,SoHo,Weekday,5,590,22,26.818181818181817,20,0.9090909090909091,3.9,7.138333333333335,0.03389830508474576,4.733333333333333,10.55,0.11488716657294443,-0.8333333333333335,590,156,22,3.782051282051282,false,10,2,"high pressure, normal-or-short median wait"
237,Manhattan,Upper East Side South,Weekday,4,598,22,27.181818181818183,20,0.9090909090909091,3.8083333333333336,7.1200000000000045,0.033444816053511704,5.033333333333333,11.283333333333333,0.13485731819576557,-1.2249999999999996,598,264,22,2.265151515151515,false,10,2,"high pressure, normal-or-short median wait"
146,Queens,Long Island City/Queens Plaza,Weekday,5,869,22,39.5,29,1.3181818181818181,3.65,7.866666666666666,0.0333716915995397,4.733333333333333,10.55,0.11488716657294443,-1.0833333333333335,869,450,22,1.931111111111111,false,10,2,"high pressure, normal-or-short median wait"
11,Brooklyn,Bath Beach,Weekend,8,300,8,37.5,10,1.25,3.525,7.308333333333339,0.03333333333333333,3.783333333333333,8.283333333333333,0.05778555961010838,-0.2583333333333333,300,122,8,2.459016393442623,false,10,2,"high pressure, normal-or-short median wait"
229,Manhattan,Sutton Place/Turtle Bay North,Weekday,5,1537,22,69.86363636363636,51,2.3181818181818183,3.9166666666666665,6.873333333333335,0.03318152244632401,4.733333333333333,10.55,0.11488716657294443,-0.8166666666666669,1537,484,22,3.175619834710744,false,10,2,"high pressure, normal-or-short median wait"
70,Queens,East Elmhurst,Weekend,9,728,8,91.0,24,3.0,3.6166666666666667,7.576666666666668,0.03296703296703297,3.85,8.35,0.060274067890929324,-0.2333333333333334,728,338,8,2.1538461538461537,false,10,2,"high pressure, normal-or-short median wait"
261,Manhattan,World Trade Center,Weekday,20,4277,22,194.4090909090909,141,6.409090909090909,3.4833333333333334,7.0566666666666675,0.03296703296703297,3.6166666666666667,8.516666666666667,0.06397281094931385,-0.1333333333333333,4277,2040,22,2.0965686274509805,false,10,2,"high pressure, normal-or-short median wait"
14,Brooklyn,Bay Ridge,Weekday,6,3520,22,160.0,116,5.2727272727272725,3.533333333333333,7.468333333333332,0.03295454545454545,4.416666666666667,10.1,0.10244755526542718,-0.8833333333333337,3520,816,22,4.313725490196078,false,10,2,"high pressure, normal-or-short median wait"
87,Manhattan,Financial District North,Weekend,8,1034,8,129.25,34,4.25,3.341666666666667,6.651666666666669,0.03288201160541586,3.783333333333333,8.283333333333333,0.05778555961010838,-0.44166666666666643,1034,381,8,2.713910761154856,false,10,2,"high pressure, normal-or-short median wait"
211,Manhattan,SoHo,Weekday,6,1065,22,48.40909090909091,35,1.5909090909090908,3.7333333333333334,6.616666666666666,0.03286384976525822,4.416666666666667,10.1,0.10244755526542718,-0.6833333333333336,1065,293,22,3.63481228668942,false,10,2,"high pressure, normal-or-short median wait"
100,Manhattan,Garment District,Weekday,3,826,22,37.54545454545455,27,1.2272727272727273,3.4166666666666665,7.65,0.03268765133171913,4.666666666666667,10.816666666666666,0.12186100419248215,-1.2500000000000004,826,426,22,1.9389671361502347,false,10,2,"high pressure, normal-or-short median wait"
239,Manhattan,Upper West Side South,Weekend,6,459,8,57.375,15,1.875,3.966666666666667,6.786666666666667,0.032679738562091505,4.633333333333334,10.583333333333334,0.11545263577412632,-0.666666666666667,459,215,8,2.1348837209302327,false,10,2,"high pressure, normal-or-short median wait"
87,Manhattan,Financial District North,Weekend,7,704,8,88.0,23,2.875,3.35,7.483333333333333,0.032670454545454544,4.05,9.066666666666666,0.07534228097389897,-0.6999999999999997,704,295,8,2.386440677966102,false,10,2,"high pressure, normal-or-short median wait"
181,Brooklyn,Park Slope,Weekday,5,2147,22,97.5909090909091,70,3.1818181818181817,3.716666666666667,7.25,0.032603632976245925,4.733333333333333,10.55,0.11488716657294443,-1.0166666666666666,2147,742,22,2.893530997304582,false,10,2,"high pressure, normal-or-short median wait"
165,Brooklyn,Midwood,Weekday,5,767,22,34.86363636363637,25,1.1363636363636365,3.783333333333333,7.703333333333331,0.03259452411994785,4.733333333333333,10.55,0.11488716657294443,-0.9500000000000002,767,349,22,2.1977077363896846,false,10,2,"high pressure, normal-or-short median wait"
146,Queens,Long Island City/Queens Plaza,Weekend,8,645,8,80.625,21,2.625,3.5,7.2,0.03255813953488372,3.783333333333333,8.283333333333333,0.05778555961010838,-0.2833333333333332,645,300,8,2.15,false,10,2,"high pressure, normal-or-short median wait"
70,Queens,East Elmhurst,Weekday,5,1324,22,60.18181818181818,43,1.9545454545454546,3.5,7.573333333333334,0.0324773413897281,4.733333333333333,10.55,0.11488716657294443,-1.2333333333333334,1324,387,22,3.4211886304909562,false,10,2,"high pressure, normal-or-short median wait"
14,Brooklyn,Bay Ridge,Weekend,7,832,8,104.0,27,3.375,3.75,7.573333333333331,0.03245192307692308,4.05,9.066666666666666,0.07534228097389897,-0.2999999999999998,832,399,8,2.0852130325814535,false,10,2,"high pressure, normal-or-short median wait"
233,Manhattan,UN/Turtle Bay South,Weekend,9,1265,8,158.125,41,5.125,3.65,6.943333333333336,0.03241106719367589,3.85,8.35,0.060274067890929324,-0.20000000000000018,1265,489,8,2.5869120654396727,false,10,2,"high pressure, normal-or-short median wait"
263,Manhattan,Yorkville West,Weekend,7,803,8,100.375,26,3.25,3.4,7.280000000000001,0.0323785803237858,4.05,9.066666666666666,0.07534228097389897,-0.6499999999999999,803,403,8,1.9925558312655087,false,10,2,"high pressure, normal-or-short median wait"
209,Manhattan,Seaport,Weekend,10,556,8,69.5,18,2.25,3.4916666666666667,6.741666666666667,0.03237410071942446,3.8833333333333333,8.383333333333333,0.06003768772484154,-0.3916666666666666,556,270,8,2.0592592592592593,false,10,2,"high pressure, normal-or-short median wait"
129,Queens,Jackson Heights,Weekday,6,5651,22,256.8636363636364,181,8.227272727272727,3.5833333333333335,7.533333333333333,0.032029729251459915,4.416666666666667,10.1,0.10244755526542718,-0.8333333333333335,5651,1712,22,3.3008177570093458,false,10,2,"high pressure, normal-or-short median wait"
158,Manhattan,Meatpacking/West Village West,Weekend,6,250,8,31.25,8,1.0,3.7416666666666667,7.57,0.032,4.633333333333334,10.583333333333334,0.11545263577412632,-0.891666666666667,250,131,8,1.9083969465648856,false,10,2,"high pressure, normal-or-short median wait"
233,Manhattan,UN/Turtle Bay South,Weekday,8,5704,22,259.27272727272725,182,8.272727272727273,3.55,7.366666666666665,0.03190743338008415,4.25,9.266666666666667,0.08061026270069631,-0.7000000000000002,5704,1945,22,2.932647814910026,false,10,2,"high pressure, normal-or-short median wait"
21,Brooklyn,Bensonhurst East,Weekday,6,1600,22,72.72727272727273,51,2.3181818181818183,3.716666666666667,7.55,0.031875,4.416666666666667,10.1,0.10244755526542718,-0.7000000000000002,1600,434,22,3.686635944700461,false,10,2,"high pressure, normal-or-short median wait"
90,Manhattan,Flatiron,Weekday,5,1646,22,74.81818181818181,52,2.3636363636363638,3.783333333333333,7.216666666666667,0.031591737545565005,4.733333333333333,10.55,0.11488716657294443,-0.9500000000000002,1646,635,22,2.5921259842519686,false,10,2,"high pressure, normal-or-short median wait"
11,Brooklyn,Bath Beach,Weekday,6,729,22,33.13636363636363,23,1.0454545454545454,3.5166666666666666,7.423333333333335,0.03155006858710562,4.416666666666667,10.1,0.10244755526542718,-0.9000000000000004,729,157,22,4.643312101910828,false,10,2,"high pressure, normal-or-short median wait"
88,Manhattan,Financial District South,Weekday,6,801,22,36.40909090909091,25,1.1363636363636365,3.716666666666667,7.133333333333334,0.031210986267166042,4.416666666666667,10.1,0.10244755526542718,-0.7000000000000002,801,399,22,2.007518796992481,false,10,2,"high pressure, normal-or-short median wait"
148,Manhattan,Lower East Side,Weekday,9,4283,22,194.6818181818182,133,6.045454545454546,3.466666666666667,7.0,0.031053000233481204,3.6333333333333333,7.916666666666667,0.04848680895202782,-0.16666666666666652,4283,1521,22,2.815910585141354,false,10,2,"high pressure, normal-or-short median wait"
239,Manhattan,Upper West Side South,Weekday,6,2523,22,114.68181818181819,78,3.5454545454545454,3.6166666666666667,6.9633333333333365,0.030915576694411414,4.416666666666667,10.1,0.10244755526542718,-0.8000000000000003,2523,422,22,5.978672985781991,false,10,2,"high pressure, normal-or-short median wait"
114,Manhattan,Greenwich Village South,Weekday,6,1026,22,46.63636363636363,31,1.4090909090909092,3.841666666666667,7.266666666666667,0.030214424951267055,4.416666666666667,10.1,0.10244755526542718,-0.5750000000000002,1026,524,22,1.9580152671755726,false,10,1,"high pressure, normal-or-short median wait"
52,Brooklyn,Cobble Hill,Weekend,9,365,8,45.625,11,1.375,3.35,6.073333333333334,0.030136986301369864,3.85,8.35,0.060274067890929324,-0.5,365,175,8,2.085714285714286,false,10,1,"high pressure, normal-or-short median wait"
164,Manhattan,Midtown South,Weekend,8,1098,8,137.25,33,4.125,3.1,6.638333333333335,0.030054644808743168,3.783333333333333,8.283333333333333,0.05778555961010838,-0.6833333333333331,1098,509,8,2.1571709233791747,false,10,1,"high pressure, normal-or-short median wait"
52,Brooklyn,Cobble Hill,Weekday,6,640,22,29.09090909090909,19,0.8636363636363636,3.6333333333333333,6.951666666666667,0.0296875,4.416666666666667,10.1,0.10244755526542718,-0.7833333333333337,640,209,22,3.062200956937799,false,10,1,"high pressure, normal-or-short median wait"
142,Manhattan,Lincoln Square East,Weekday,6,2615,22,118.86363636363636,77,3.5,3.533333333333333,6.683333333333334,0.029445506692160613,4.416666666666667,10.1,0.10244755526542718,-0.8833333333333337,2615,844,22,3.0983412322274884,false,10,1,"high pressure, normal-or-short median wait"
54,Brooklyn,Columbia Street,Weekend,8,103,8,12.875,3,0.375,3.35,5.85,0.02912621359223301,3.783333333333333,8.283333333333333,0.05778555961010838,-0.4333333333333331,103,32,8,3.21875,false,10,1,"high pressure, normal-or-short median wait"
141,Manhattan,Lenox Hill West,Weekday,5,1912,22,86.9090909090909,55,2.5,3.966666666666667,7.0,0.028765690376569036,4.733333333333333,10.55,0.11488716657294443,-0.7666666666666666,1912,425,22,4.498823529411765,false,10,1,"high pressure, normal-or-short median wait"
133,Brooklyn,Kensington,Weekend,8,523,8,65.375,15,1.875,3.5166666666666666,7.246666666666668,0.028680688336520075,3.783333333333333,8.283333333333333,0.05778555961010838,-0.2666666666666666,523,235,8,2.225531914893617,false,10,1,"high pressure, normal-or-short median wait"
231,Manhattan,TriBeCa/Civic Center,Weekend,6,631,8,78.875,18,2.25,3.5833333333333335,6.966666666666667,0.028526148969889066,4.633333333333334,10.583333333333334,0.11545263577412632,-1.0500000000000003,631,318,8,1.9842767295597483,false,10,1,"high pressure, normal-or-short median wait"
48,Manhattan,Clinton East,Weekday,7,5016,22,228.0,143,6.5,3.1166666666666667,6.791666666666666,0.02850877192982456,4.716666666666667,10.916666666666666,0.12505400636974198,-1.6,5016,1718,22,2.919674039580908,false,10,1,"high pressure, normal-or-short median wait"
50,Manhattan,Clinton West,Weekday,6,2354,22,107.0,67,3.0454545454545454,3.55,6.883333333333334,0.028462192013593884,4.416666666666667,10.1,0.10244755526542718,-0.8666666666666671,2354,898,22,2.621380846325167,false,10,1,"high pressure, normal-or-short median wait"
107,Manhattan,Gramercy,Weekday,7,4405,22,200.22727272727272,125,5.681818181818182,3.5166666666666666,6.866666666666665,0.028376844494892167,4.716666666666667,10.916666666666666,0.12505400636974198,-1.2000000000000002,4405,2145,22,2.0536130536130535,false,10,1,"high pressure, normal-or-short median wait"
107,Manhattan,Gramercy,Weekday,6,3293,22,149.6818181818182,93,4.2272727272727275,3.533333333333333,6.583333333333333,0.028241724870938355,4.416666666666667,10.1,0.10244755526542718,-0.8833333333333337,3293,885,22,3.7209039548022598,false,10,1,"high pressure, normal-or-short median wait"
40,Brooklyn,Carroll Gardens,Weekend,9,674,8,84.25,19,2.375,3.3833333333333333,6.5866666666666704,0.028189910979228485,3.85,8.35,0.060274067890929324,-0.4666666666666668,674,317,8,2.1261829652996846,false,10,1,"high pressure, normal-or-short median wait"
87,Manhattan,Financial District North,Weekend,9,1351,8,168.875,38,4.75,3.25,6.866666666666666,0.028127313101406367,3.85,8.35,0.060274067890929324,-0.6000000000000001,1351,492,8,2.7459349593495936,false,10,1,"high pressure, normal-or-short median wait"
260,Queens,Woodside,Weekday,6,2921,22,132.77272727272728,82,3.727272727272727,3.316666666666667,7.25,0.028072577884286205,4.416666666666667,10.1,0.10244755526542718,-1.1,2921,1369,22,2.133674214755296,false,10,1,"high pressure, normal-or-short median wait"
7,Queens,Astoria,Weekend,7,1819,8,227.375,51,6.375,3.3666666666666667,6.986666666666667,0.028037383177570093,4.05,9.066666666666666,0.07534228097389897,-0.6833333333333331,1819,752,8,2.418882978723404,false,10,1,"high pressure, normal-or-short median wait"
231,Manhattan,TriBeCa/Civic Center,Weekday,5,2110,22,95.9090909090909,59,2.6818181818181817,3.8833333333333333,6.983333333333333,0.027962085308056873,4.733333333333333,10.55,0.11488716657294443,-0.8500000000000001,2110,571,22,3.6952714535901925,false,10,1,"high pressure, normal-or-short median wait"
229,Manhattan,Sutton Place/Turtle Bay North,Weekend,10,1544,8,193.0,43,5.375,3.4166666666666665,6.4,0.027849740932642485,3.8833333333333333,8.383333333333333,0.06003768772484154,-0.4666666666666668,1544,669,8,2.3079222720478327,false,10,1,"high pressure, normal-or-short median wait"
13,Manhattan,Battery Park City,Weekday,6,1732,22,78.72727272727273,48,2.1818181818181817,3.7,6.916666666666667,0.02771362586605081,4.416666666666667,10.1,0.10244755526542718,-0.7166666666666668,1732,612,22,2.8300653594771243,false,10,1,"high pressure, normal-or-short median wait"
13,Manhattan,Battery Park City,Weekend,7,434,8,54.25,12,1.5,3.875,7.519999999999999,0.027649769585253458,4.05,9.066666666666666,0.07534228097389897,-0.17499999999999982,434,157,8,2.7643312101910826,false,10,1,"high pressure, normal-or-short median wait"
161,Manhattan,Midtown Center,Weekday,0,6949,22,315.8636363636364,189,8.590909090909092,3.15,6.333333333333333,0.027198158008346525,4.0,10.083333333333334,0.10177437556229296,-0.8500000000000001,6640,2429,21,2.7336352408398517,false,10,1,"high pressure, normal-or-short median wait"
233,Manhattan,UN/Turtle Bay South,Weekday,7,4323,22,196.5,116,5.2727272727272725,3.5166666666666666,6.783333333333333,0.02683321767291233,4.716666666666667,10.916666666666666,0.12505400636974198,-1.2000000000000002,4323,1389,22,3.1123110151187907,false,10,1,"high pressure, normal-or-short median wait"
229,Manhattan,Sutton Place/Turtle Bay North,Weekday,8,5159,22,234.5,138,6.2727272727272725,3.466666666666667,6.80333333333333,0.02674937003295212,4.25,9.266666666666667,0.08061026270069631,-0.7833333333333332,5159,1351,22,3.8186528497409324,false,10,1,"high pressure, normal-or-short median wait"
149,Brooklyn,Madison,Weekend,6,265,8,33.125,7,0.875,3.8333333333333335,7.256666666666666,0.026415094339622643,4.633333333333334,10.583333333333334,0.11545263577412632,-0.8000000000000003,265,138,8,1.9202898550724639,false,10,1,"high pressure, normal-or-short median wait"
158,Manhattan,Meatpacking/West Village West,Weekday,6,1830,22,83.18181818181819,48,2.1818181818181817,4.0,7.018333333333336,0.02622950819672131,4.416666666666667,10.1,0.10244755526542718,-0.41666666666666696,1830,318,22,5.754716981132075,false,10,1,"high pressure, normal-or-short median wait"
146,Queens,Long Island City/Queens Plaza,Weekday,6,1276,22,58.0,33,1.5,3.4,7.158333333333333,0.02586206896551724,4.416666666666667,10.1,0.10244755526542718,-1.016666666666667,1276,493,22,2.588235294117647,false,10,1,"high pressure, normal-or-short median wait"
148,Manhattan,Lower East Side,Weekend,8,1011,8,126.375,26,3.25,3.1333333333333333,6.783333333333333,0.025717111770524232,3.783333333333333,8.283333333333333,0.05778555961010838,-0.6499999999999999,1011,483,8,2.093167701863354,false,10,1,"high pressure, normal-or-short median wait"
13,Manhattan,Battery Park City,Weekend,9,899,8,112.375,23,2.875,3.533333333333333,6.520000000000001,0.025583982202447165,3.85,8.35,0.060274067890929324,-0.3166666666666669,899,441,8,2.0385487528344672,false,10,1,"high pressure, normal-or-short median wait"
249,Manhattan,West Village,Weekday,6,2777,22,126.22727272727273,71,3.227272727272727,3.7666666666666666,6.766666666666666,0.02556715880446525,4.416666666666667,10.1,0.10244755526542718,-0.6500000000000004,2777,376,22,7.38563829787234,false,10,1,"high pressure, normal-or-short median wait"
52,Brooklyn,Cobble Hill,Weekday,5,392,22,17.818181818181817,10,0.45454545454545453,3.7,6.215000000000001,0.025510204081632654,4.733333333333333,10.55,0.11488716657294443,-1.0333333333333332,392,120,22,3.2666666666666666,false,10,1,"high pressure, normal-or-short median wait"
7,Queens,Astoria,Weekday,5,3937,22,178.95454545454547,100,4.545454545454546,3.433333333333333,7.166666666666668,0.0254000508001016,4.733333333333333,10.55,0.11488716657294443,-1.3000000000000003,3937,1403,22,2.8061297220242336,false,10,1,"high pressure, normal-or-short median wait"
257,Brooklyn,Windsor Terrace,Weekday,6,828,22,37.63636363636363,21,0.9545454545454546,3.675,6.838333333333335,0.025362318840579712,4.416666666666667,10.1,0.10244755526542718,-0.7416666666666671,828,86,22,9.627906976744185,false,10,1,"high pressure, normal-or-short median wait"
79,Manhattan,East Village,Weekend,10,2427,8,303.375,61,7.625,3.2,6.283333333333333,0.025133910177173466,3.8833333333333333,8.383333333333333,0.06003768772484154,-0.6833333333333331,2427,1258,8,1.9292527821939587,false,10,1,"high pressure, normal-or-short median wait"
113,Manhattan,Greenwich Village North,Weekday,6,1935,22,87.95454545454545,48,2.1818181818181817,3.716666666666667,6.766666666666667,0.024806201550387597,4.416666666666667,10.1,0.10244755526542718,-0.7000000000000002,1935,587,22,3.2964224872231687,false,10,1,"high pressure, normal-or-short median wait"
148,Manhattan,Lower East Side,Weekend,9,1452,8,181.5,36,4.5,3.175,6.6,0.024793388429752067,3.85,8.35,0.060274067890929324,-0.6750000000000003,1452,658,8,2.2066869300911853,false,10,1,"high pressure, normal-or-short median wait"
165,Brooklyn,Midwood,Weekend,7,486,8,60.75,12,1.5,3.841666666666667,7.358333333333333,0.024691358024691357,4.05,9.066666666666666,0.07534228097389897,-0.20833333333333304,486,198,8,2.4545454545454546,false,10,1,"high pressure, normal-or-short median wait"
143,Manhattan,Lincoln Square West,Weekend,10,1597,8,199.625,39,4.875,3.4,6.666666666666667,0.024420788979336257,3.8833333333333333,8.383333333333333,0.06003768772484154,-0.4833333333333334,1597,655,8,2.4381679389312976,false,10,1,"high pressure, normal-or-short median wait"
165,Brooklyn,Midwood,Weekend,9,861,8,107.625,21,2.625,3.6333333333333333,7.333333333333333,0.024390243902439025,3.85,8.35,0.060274067890929324,-0.21666666666666679,861,394,8,2.185279187817259,false,10,1,"high pressure, normal-or-short median wait"
262,Manhattan,Yorkville East,Weekend,7,535,8,66.875,13,1.625,3.316666666666667,6.426666666666668,0.024299065420560748,4.05,9.066666666666666,0.07534228097389897,-0.733333333333333,535,277,8,1.931407942238267,false,10,1,"high pressure, normal-or-short median wait"
223,Queens,Steinway,Weekday,6,3135,22,142.5,75,3.409090909090909,3.2333333333333334,6.6933333333333325,0.023923444976076555,4.416666666666667,10.1,0.10244755526542718,-1.1833333333333336,3135,1575,22,1.9904761904761905,false,10,1,"high pressure, normal-or-short median wait"
113,Manhattan,Greenwich Village North,Weekday,8,3898,22,177.1818181818182,93,4.2272727272727275,3.55,6.65,0.023858388917393534,4.25,9.266666666666667,0.08061026270069631,-0.7000000000000002,3898,1863,22,2.092324208266237,false,10,1,"high pressure, normal-or-short median wait"
229,Manhattan,Sutton Place/Turtle Bay North,Weekend,9,1219,8,152.375,29,3.625,3.433333333333333,7.053333333333334,0.02378999179655455,3.85,8.35,0.060274067890929324,-0.41666666666666696,1219,485,8,2.51340206185567,false,10,1,"high pressure, normal-or-short median wait"
13,Manhattan,Battery Park City,Weekend,8,596,8,74.5,14,1.75,3.316666666666667,6.633333333333333,0.02348993288590604,3.783333333333333,8.283333333333333,0.05778555961010838,-0.46666666666666634,596,232,8,2.5689655172413794,false,10,1,"high pressure, normal-or-short median wait"
164,Manhattan,Midtown South,Weekend,7,856,8,107.0,20,2.5,3.1083333333333334,6.3,0.02336448598130841,4.05,9.066666666666666,0.07534228097389897,-0.9416666666666664,856,445,8,1.9235955056179774,false,10,1,"high pressure, normal-or-short median wait"
48,Manhattan,Clinton East,Weekend,10,2325,8,290.625,53,6.625,3.216666666666667,6.919999999999997,0.022795698924731184,3.8833333333333333,8.383333333333333,0.06003768772484154,-0.6666666666666665,2325,1118,8,2.079606440071556,false,10,1,"high pressure, normal-or-short median wait"
149,Brooklyn,Madison,Weekday,6,1275,22,57.95454545454545,29,1.3181818181818181,3.55,7.3433333333333355,0.022745098039215685,4.416666666666667,10.1,0.10244755526542718,-0.8666666666666671,1275,403,22,3.163771712158809,false,10,1,"high pressure, normal-or-short median wait"
249,Manhattan,West Village,Weekday,8,4647,22,211.22727272727272,105,4.7727272727272725,3.716666666666667,6.883333333333333,0.022595222724338282,4.25,9.266666666666667,0.08061026270069631,-0.5333333333333332,4647,1492,22,3.114611260053619,false,10,1,"high pressure, normal-or-short median wait"
263,Manhattan,Yorkville West,Weekend,8,976,8,122.0,22,2.75,3.625,6.8916666666666675,0.022540983606557378,3.783333333333333,8.283333333333333,0.05778555961010838,-0.15833333333333321,976,511,8,1.9099804305283756,false,10,1,"high pressure, normal-or-short median wait"
207,Queens,Saint Michaels Cemetery/Woodside,Weekend,4,134,8,16.75,3,0.375,3.5083333333333333,5.651666666666666,0.022388059701492536,5.366666666666666,12.066666666666666,0.1614305787534134,-1.858333333333333,134,4,8,33.5,false,10,1,"high pressure, normal-or-short median wait"
165,Brooklyn,Midwood,Weekday,6,1482,22,67.36363636363636,33,1.5,3.5833333333333335,7.2,0.022267206477732792,4.416666666666667,10.1,0.10244755526542718,-0.8333333333333335,1482,314,22,4.719745222929936,false,10,1,"high pressure, normal-or-short median wait"
223,Queens,Steinway,Weekday,7,4942,22,224.63636363636363,110,5.0,3.2,6.566666666666666,0.02225819506272764,4.716666666666667,10.916666666666666,0.12505400636974198,-1.5166666666666666,4942,2272,22,2.175176056338028,false,10,1,"high pressure, normal-or-short median wait"
79,Manhattan,East Village,Weekday,9,6174,22,280.6363636363636,137,6.2272727272727275,3.4166666666666665,6.694999999999998,0.022189828312277293,3.6333333333333333,7.916666666666667,0.04848680895202782,-0.21666666666666679,6174,2254,22,2.739130434782609,false,10,1,"high pressure, normal-or-short median wait"
141,Manhattan,Lenox Hill West,Weekend,6,586,8,73.25,13,1.625,3.4,7.0,0.02218430034129693,4.633333333333334,10.583333333333334,0.11545263577412632,-1.2333333333333338,586,225,8,2.6044444444444443,false,10,1,"high pressure, normal-or-short median wait"
107,Manhattan,Gramercy,Weekend,10,1797,8,224.625,39,4.875,3.3666666666666667,6.4633333333333365,0.021702838063439065,3.8833333333333333,8.383333333333333,0.06003768772484154,-0.5166666666666666,1797,886,8,2.028216704288939,false,10,1,"high pressure, normal-or-short median wait"
13,Manhattan,Battery Park City,Weekday,3,603,22,27.40909090909091,13,0.5909090909090909,3.7333333333333334,6.6766666666666685,0.02155887230514096,4.666666666666667,10.816666666666666,0.12186100419248215,-0.9333333333333336,603,255,22,2.364705882352941,false,10,1,"high pressure, normal-or-short median wait"
107,Manhattan,Gramercy,Weekend,6,603,8,75.375,13,1.625,3.45,7.046666666666668,0.02155887230514096,4.633333333333334,10.583333333333334,0.11545263577412632,-1.1833333333333336,603,317,8,1.9022082018927444,false,10,1,"high pressure, normal-or-short median wait"
161,Manhattan,Midtown Center,Weekday,1,4161,22,189.13636363636363,89,4.045454545454546,3.0166666666666666,5.883333333333334,0.02138908916125931,3.9166666666666665,9.5,0.0863389263499033,-0.8999999999999999,4161,1389,22,2.9956803455723544,false,10,1,"high pressure, normal-or-short median wait"
107,Manhattan,Gramercy,Weekend,8,1082,8,135.25,23,2.875,3.216666666666667,6.148333333333333,0.021256931608133085,3.783333333333333,8.283333333333333,0.05778555961010838,-0.5666666666666664,1082,497,8,2.1770623742454727,false,10,1,"high pressure, normal-or-short median wait"
162,Manhattan,Midtown East,Weekday,20,14180,22,644.5454545454545,301,13.681818181818182,3.283333333333333,6.533333333333333,0.021227080394922427,3.6166666666666667,8.516666666666667,0.06397281094931385,-0.3333333333333335,14180,4853,22,2.921903976921492,false,10,1,"high pressure, normal-or-short median wait"
164,Manhattan,Midtown South,Weekday,8,6029,22,274.04545454545456,127,5.7727272727272725,3.2,6.516666666666667,0.021064853209487477,4.25,9.266666666666667,0.08061026270069631,-1.0499999999999998,6029,2848,22,2.116924157303371,false,10,1,"high pressure, normal-or-short median wait"
230,Manhattan,Times Sq/Theatre District,Weekend,8,1568,8,196.0,33,4.125,2.9166666666666665,6.433333333333334,0.021045918367346938,3.783333333333333,8.283333333333333,0.05778555961010838,-0.8666666666666667,1568,643,8,2.438569206842924,false,10,1,"high pressure, normal-or-short median wait"
181,Brooklyn,Park Slope,Weekday,6,3568,22,162.1818181818182,75,3.409090909090909,3.35,6.566666666666666,0.02102017937219731,4.416666666666667,10.1,0.10244755526542718,-1.0666666666666669,3568,1359,22,2.6254598969830756,false,10,1,"high pressure, normal-or-short median wait"
209,Manhattan,Seaport,Weekend,9,429,8,53.625,9,1.125,3.55,6.653333333333332,0.02097902097902098,3.85,8.35,0.060274067890929324,-0.30000000000000027,429,169,8,2.5384615384615383,false,10,1,"high pressure, normal-or-short median wait"
178,Brooklyn,Ocean Parkway South,Weekday,5,194,22,8.818181818181818,4,0.18181818181818182,3.4916666666666667,6.983333333333333,0.020618556701030927,4.733333333333333,10.55,0.11488716657294443,-1.2416666666666667,194,78,22,2.4871794871794872,false,10,1,"high pressure, normal-or-short median wait"
143,Manhattan,Lincoln Square West,Weekend,7,686,8,85.75,14,1.75,3.3,6.324999999999999,0.02040816326530612,4.05,9.066666666666666,0.07534228097389897,-0.75,686,242,8,2.834710743801653,false,10,1,"high pressure, normal-or-short median wait"
161,Manhattan,Midtown Center,Weekday,3,1583,22,71.95454545454545,32,1.4545454545454546,3.216666666666667,6.059999999999999,0.02021478205938092,4.666666666666667,10.816666666666666,0.12186100419248215,-1.4500000000000002,1583,453,22,3.4944812362030904,false,10,1,"high pressure, normal-or-short median wait"
234,Manhattan,Union Sq,Weekday,6,2691,22,122.31818181818181,54,2.4545454545454546,3.433333333333333,6.216666666666667,0.020066889632107024,4.416666666666667,10.1,0.10244755526542718,-0.9833333333333338,2691,1279,22,2.1039874902267397,false,10,1,"high pressure, normal-or-short median wait"
211,Manhattan,SoHo,Weekday,7,1620,22,73.63636363636364,32,1.4545454545454546,3.6666666666666665,6.785000000000002,0.019753086419753086,4.716666666666667,10.916666666666666,0.12505400636974198,-1.0500000000000003,1620,680,22,2.3823529411764706,false,10,1,"high pressure, normal-or-short median wait"
158,Manhattan,Meatpacking/West Village West,Weekday,7,3193,22,145.13636363636363,63,2.8636363636363638,3.7,6.383333333333334,0.01973066082054494,4.716666666666667,10.916666666666666,0.12505400636974198,-1.0166666666666666,3193,939,22,3.400425985090522,false,10,1,"high pressure, normal-or-short median wait"
158,Manhattan,Meatpacking/West Village West,Weekend,9,916,8,114.5,18,2.25,3.2,6.091666666666667,0.019650655021834062,3.85,8.35,0.060274067890929324,-0.6499999999999999,916,465,8,1.9698924731182796,false,10,1,"high pressure, normal-or-short median wait"
223,Queens,Steinway,Weekday,5,1953,22,88.77272727272727,38,1.7272727272727273,3.25,6.533333333333333,0.01945724526369688,4.733333333333333,10.55,0.11488716657294443,-1.4833333333333334,1953,1021,22,1.9128305582761997,false,10,1,"high pressure, normal-or-short median wait"
229,Manhattan,Sutton Place/Turtle Bay North,Weekday,7,4421,22,200.95454545454547,86,3.909090909090909,3.433333333333333,6.316666666666666,0.01945261253110156,4.716666666666667,10.916666666666666,0.12505400636974198,-1.2833333333333337,4421,1067,22,4.143392689784442,false,10,1,"high pressure, normal-or-short median wait"
236,Manhattan,Upper East Side North,Weekday,6,3152,22,143.27272727272728,61,2.772727272727273,3.6333333333333333,6.25,0.019352791878172588,4.416666666666667,10.1,0.10244755526542718,-0.7833333333333337,3152,949,22,3.321390937829294,false,10,1,"high pressure, normal-or-short median wait"
229,Manhattan,Sutton Place/Turtle Bay North,Weekend,7,621,8,77.625,12,1.5,3.216666666666667,6.216666666666667,0.01932367149758454,4.05,9.066666666666666,0.07534228097389897,-0.833333333333333,621,313,8,1.9840255591054312,false,10,1,"high pressure, normal-or-short median wait"
237,Manhattan,Upper East Side South,Weekday,5,1356,22,61.63636363636363,26,1.1818181818181819,3.8333333333333335,6.75,0.019174041297935103,4.733333333333333,10.55,0.11488716657294443,-0.8999999999999999,1356,447,22,3.033557046979866,false,10,1,"high pressure, normal-or-short median wait"
211,Manhattan,SoHo,Weekday,8,2484,22,112.9090909090909,47,2.1363636363636362,3.7333333333333334,6.7450000000000045,0.01892109500805153,4.25,9.266666666666667,0.08061026270069631,-0.5166666666666666,2484,1018,22,2.4400785854616895,false,10,1,"high pressure, normal-or-short median wait"
40,Brooklyn,Carroll Gardens,Weekend,8,476,8,59.5,9,1.125,3.4166666666666665,6.15,0.018907563025210083,3.783333333333333,8.283333333333333,0.05778555961010838,-0.3666666666666667,476,215,8,2.213953488372093,false,10,1,"high pressure, normal-or-short median wait"
48,Manhattan,Clinton East,Weekday,6,3521,22,160.04545454545453,66,3.0,3.283333333333333,6.5,0.0187446748082931,4.416666666666667,10.1,0.10244755526542718,-1.1333333333333337,3521,967,22,3.641158221302999,false,10,1,"high pressure, normal-or-short median wait"
143,Manhattan,Lincoln Square West,Weekday,11,3744,22,170.1818181818182,70,3.1818181818181817,3.0833333333333335,6.333333333333333,0.018696581196581196,3.466666666666667,7.716666666666667,0.045071048693984664,-0.3833333333333333,3744,1915,22,1.9550913838120105,false,10,1,"high pressure, normal-or-short median wait"
249,Manhattan,West Village,Weekday,7,3588,22,163.0909090909091,67,3.0454545454545454,3.5,6.305000000000002,0.018673355629877368,4.716666666666667,10.916666666666666,0.12505400636974198,-1.2166666666666668,3588,817,22,4.391676866585067,false,10,1,"high pressure, normal-or-short median wait"
143,Manhattan,Lincoln Square West,Weekend,8,913,8,114.125,17,2.125,3.2333333333333334,6.233333333333333,0.018619934282584884,3.783333333333333,8.283333333333333,0.05778555961010838,-0.5499999999999998,913,311,8,2.9356913183279745,false,10,1,"high pressure, normal-or-short median wait"
7,Queens,Astoria,Weekday,6,5758,22,261.72727272727275,106,4.818181818181818,3.2666666666666666,6.6,0.018409169850642584,4.416666666666667,10.1,0.10244755526542718,-1.1500000000000004,5758,1426,22,4.037868162692847,false,10,1,"high pressure, normal-or-short median wait"
79,Manhattan,East Village,Weekend,8,1372,8,171.5,25,3.125,3.183333333333333,6.333333333333333,0.018221574344023325,3.783333333333333,8.283333333333333,0.05778555961010838,-0.6000000000000001,1372,539,8,2.5454545454545454,false,10,1,"high pressure, normal-or-short median wait"
79,Manhattan,East Village,Weekend,9,1885,8,235.625,34,4.25,3.1166666666666667,6.3,0.01803713527851459,3.85,8.35,0.060274067890929324,-0.7333333333333334,1885,794,8,2.3740554156171285,false,10,1,"high pressure, normal-or-short median wait"
113,Manhattan,Greenwich Village North,Weekday,7,2794,22,127.0,50,2.272727272727273,3.3833333333333333,6.295000000000004,0.01789549033643522,4.716666666666667,10.916666666666666,0.12505400636974198,-1.3333333333333335,2794,1054,22,2.650853889943074,false,10,1,"high pressure, normal-or-short median wait"
207,Queens,Saint Michaels Cemetery/Woodside,Weekend,13,112,8,14.0,2,0.25,3.908333333333333,6.920000000000002,0.017857142857142856,4.383333333333334,9.633333333333333,0.0903739910730274,-0.47500000000000053,112,31,8,3.6129032258064515,false,10,1,"high pressure, normal-or-short median wait"
158,Manhattan,Meatpacking/West Village West,Weekday,8,4214,22,191.54545454545453,75,3.409090909090909,3.5833333333333335,6.361666666666671,0.01779781680113906,4.25,9.266666666666667,0.08061026270069631,-0.6666666666666665,4214,1397,22,3.0164638511095205,false,10,1,"high pressure, normal-or-short median wait"
107,Manhattan,Gramercy,Weekend,9,1353,8,169.125,24,3.0,3.2,6.346666666666665,0.017738359201773836,3.85,8.35,0.060274067890929324,-0.6499999999999999,1353,687,8,1.9694323144104804,false,10,1,"high pressure, normal-or-short median wait"
123,Brooklyn,Homecrest,Weekday,6,1029,22,46.77272727272727,18,0.8181818181818182,3.466666666666667,6.99666666666667,0.01749271137026239,4.416666666666667,10.1,0.10244755526542718,-0.9500000000000002,1029,363,22,2.834710743801653,false,10,1,"high pressure, normal-or-short median wait"
229,Manhattan,Sutton Place/Turtle Bay North,Weekend,8,923,8,115.375,16,2.0,3.3666666666666667,6.196666666666667,0.01733477789815818,3.783333333333333,8.283333333333333,0.05778555961010838,-0.4166666666666665,923,382,8,2.4162303664921465,false,10,1,"high pressure, normal-or-short median wait"
178,Brooklyn,Ocean Parkway South,Weekday,6,523,22,23.772727272727273,9,0.4090909090909091,3.3333333333333335,7.1833333333333345,0.017208413001912046,4.416666666666667,10.1,0.10244755526542718,-1.0833333333333335,523,92,22,5.684782608695652,false,10,1,"high pressure, normal-or-short median wait"
125,Manhattan,Hudson Sq,Weekend,11,1006,8,125.75,17,2.125,3.216666666666667,5.9,0.016898608349900597,3.966666666666667,8.633333333333333,0.06619892665727876,-0.75,1006,517,8,1.9458413926499032,false,10,1,"high pressure, normal-or-short median wait"
161,Manhattan,Midtown Center,Weekday,2,2522,22,114.63636363636364,42,1.9090909090909092,3.1166666666666667,5.8,0.016653449643140365,4.166666666666667,9.733333333333333,0.0917155118275068,-1.0500000000000003,2522,776,22,3.25,false,10,1,"high pressure, normal-or-short median wait"
90,Manhattan,Flatiron,Weekday,6,2876,22,130.72727272727272,47,2.1363636363636362,3.316666666666667,6.183333333333334,0.01634214186369958,4.416666666666667,10.1,0.10244755526542718,-1.1,2876,818,22,3.5158924205378974,false,10,1,"high pressure, normal-or-short median wait"
229,Manhattan,Sutton Place/Turtle Bay North,Weekday,6,2662,22,121.0,41,1.8636363636363635,3.2666666666666666,6.065000000000001,0.015401953418482344,4.416666666666667,10.1,0.10244755526542718,-1.1500000000000004,2662,596,22,4.466442953020135,false,10,1,"high pressure, normal-or-short median wait"
90,Manhattan,Flatiron,Weekday,8,5282,22,240.0909090909091,81,3.6818181818181817,3.25,6.166666666666667,0.015335100340780007,4.25,9.266666666666667,0.08061026270069631,-1.0,5282,1573,22,3.357914812460267,false,10,1,"high pressure, normal-or-short median wait"
231,Manhattan,TriBeCa/Civic Center,Weekday,6,3965,22,180.22727272727272,58,2.6363636363636362,3.5,6.25,0.014627994955863808,4.416666666666667,10.1,0.10244755526542718,-0.916666666666667,3965,1433,22,2.7669225401256106,false,10,1,"high pressure, normal-or-short median wait"
164,Manhattan,Midtown South,Weekday,6,2619,22,119.04545454545455,38,1.7272727272727273,3.1333333333333333,6.006666666666676,0.014509354715540282,4.416666666666667,10.1,0.10244755526542718,-1.2833333333333337,2619,948,22,2.7626582278481013,false,10,1,"high pressure, normal-or-short median wait"
113,Manhattan,Greenwich Village North,Weekend,8,691,8,86.375,10,1.25,3.1333333333333333,5.583333333333333,0.01447178002894356,3.783333333333333,8.283333333333333,0.05778555961010838,-0.6499999999999999,691,324,8,2.132716049382716,false,10,1,"high pressure, normal-or-short median wait"
90,Manhattan,Flatiron,Weekend,7,694,8,86.75,10,1.25,2.9833333333333334,5.683333333333334,0.01440922190201729,4.05,9.066666666666666,0.07534228097389897,-1.0666666666666664,694,280,8,2.4785714285714286,false,10,1,"high pressure, normal-or-short median wait"
125,Manhattan,Hudson Sq,Weekend,9,626,8,78.25,9,1.125,2.966666666666667,5.883333333333333,0.01437699680511182,3.85,8.35,0.060274067890929324,-0.8833333333333333,626,221,8,2.832579185520362,false,10,1,"high pressure, normal-or-short median wait"
170,Manhattan,Murray Hill,Weekday,6,3581,22,162.77272727272728,50,2.272727272727273,3.216666666666667,6.05,0.013962580284836637,4.416666666666667,10.1,0.10244755526542718,-1.2000000000000002,3581,1039,22,3.446583253128008,false,10,1,"high pressure, normal-or-short median wait"
48,Manhattan,Clinton East,Weekend,8,1445,8,180.625,20,2.5,3.0,5.9,0.01384083044982699,3.783333333333333,8.283333333333333,0.05778555961010838,-0.7833333333333332,1445,735,8,1.965986394557823,false,10,1,"high pressure, normal-or-short median wait"
48,Manhattan,Clinton East,Weekend,9,1954,8,244.25,27,3.375,2.933333333333333,6.111666666666666,0.013817809621289662,3.85,8.35,0.060274067890929324,-0.916666666666667,1954,987,8,1.9797365754812564,false,10,1,"high pressure, normal-or-short median wait"
233,Manhattan,UN/Turtle Bay South,Weekday,6,2776,22,126.18181818181819,38,1.7272727272727273,3.3333333333333335,6.041666666666666,0.013688760806916427,4.416666666666667,10.1,0.10244755526542718,-1.0833333333333335,2776,702,22,3.9544159544159543,false,10,1,"high pressure, normal-or-short median wait"
141,Manhattan,Lenox Hill West,Weekday,6,3443,22,156.5,47,2.1363636363636362,3.3666666666666667,6.133333333333334,0.013650885855358699,4.416666666666667,10.1,0.10244755526542718,-1.0500000000000003,3443,892,22,3.859865470852018,false,10,1,"high pressure, normal-or-short median wait"
11,Brooklyn,Bath Beach,Weekend,9,374,8,46.75,5,0.625,3.6166666666666667,6.89,0.013368983957219251,3.85,8.35,0.060274067890929324,-0.2333333333333334,374,171,8,2.1871345029239766,false,10,1,"high pressure, normal-or-short median wait"
141,Manhattan,Lenox Hill West,Weekend,9,1602,8,200.25,21,2.625,3.4,6.280000000000003,0.013108614232209739,3.85,8.35,0.060274067890929324,-0.4500000000000002,1602,775,8,2.067096774193548,false,10,1,"high pressure, normal-or-short median wait"
237,Manhattan,Upper East Side South,Weekday,7,5572,22,253.27272727272728,73,3.3181818181818183,3.4166666666666665,6.366666666666666,0.01310122038765255,4.716666666666667,10.916666666666666,0.12505400636974198,-1.3000000000000003,5572,2716,22,2.051546391752577,false,10,1,"high pressure, normal-or-short median wait"
143,Manhattan,Lincoln Square West,Weekend,9,1356,8,169.5,17,2.125,3.3833333333333333,6.291666666666666,0.012536873156342183,3.85,8.35,0.060274067890929324,-0.4666666666666668,1356,479,8,2.8308977035490606,false,10,1,"high pressure, normal-or-short median wait"
90,Manhattan,Flatiron,Weekday,7,4123,22,187.4090909090909,51,2.3181818181818183,3.1166666666666667,5.766666666666667,0.012369633761823914,4.716666666666667,10.916666666666666,0.12505400636974198,-1.6,4123,1072,22,3.846082089552239,false,10,1,"high pressure, normal-or-short median wait"
207,Queens,Saint Michaels Cemetery/Woodside,Weekday,13,324,22,14.727272727272727,4,0.18181818181818182,3.725,6.245,0.012345679012345678,3.7666666666666666,8.4,0.06083681462951353,-0.04166666666666652,324,64,22,5.0625,false,10,1,"high pressure, normal-or-short median wait"
249,Manhattan,West Village,Weekend,7,570,8,71.25,7,0.875,3.25,5.588333333333334,0.012280701754385965,4.05,9.066666666666666,0.07534228097389897,-0.7999999999999998,570,216,8,2.638888888888889,false,10,1,"high pressure, normal-or-short median wait"
163,Manhattan,Midtown North,Weekday,6,1880,22,85.45454545454545,23,1.0454545454545454,2.8833333333333333,5.583333333333333,0.01223404255319149,4.416666666666667,10.1,0.10244755526542718,-1.5333333333333337,1880,952,22,1.9747899159663866,false,10,1,"high pressure, normal-or-short median wait"
143,Manhattan,Lincoln Square West,Weekday,10,4130,22,187.72727272727272,49,2.227272727272727,3.033333333333333,5.684999999999999,0.011864406779661017,3.45,7.633333333333334,0.04230817137064033,-0.41666666666666696,4130,1947,22,2.121212121212121,false,10,1,"high pressure, normal-or-short median wait"
238,Manhattan,Upper West Side North,Weekend,8,1013,8,126.625,12,1.5,3.216666666666667,5.816666666666666,0.011846001974333662,3.783333333333333,8.283333333333333,0.05778555961010838,-0.5666666666666664,1013,459,8,2.206971677559913,false,10,1,"high pressure, normal-or-short median wait"
230,Manhattan,Times Sq/Theatre District,Weekend,7,1072,8,134.0,12,1.5,2.95,6.281666666666666,0.011194029850746268,4.05,9.066666666666666,0.07534228097389897,-1.0999999999999996,1072,549,8,1.95264116575592,false,10,1,"high pressure, normal-or-short median wait"
237,Manhattan,Upper East Side South,Weekday,6,2551,22,115.95454545454545,28,1.2727272727272727,3.0,5.416666666666667,0.01097608780870247,4.416666666666667,10.1,0.10244755526542718,-1.416666666666667,2551,1143,22,2.231846019247594,false,10,1,"high pressure, normal-or-short median wait"
125,Manhattan,Hudson Sq,Weekend,8,414,8,51.75,4,0.5,3.0166666666666666,5.706666666666667,0.00966183574879227,3.783333333333333,8.283333333333333,0.05778555961010838,-0.7666666666666666,414,172,8,2.4069767441860463,false,10,1,"high pressure, normal-or-short median wait"
164,Manhattan,Midtown South,Weekday,7,4254,22,193.36363636363637,39,1.7727272727272727,2.9833333333333334,5.716666666666667,0.009167842031029619,4.716666666666667,10.916666666666666,0.12505400636974198,-1.7333333333333334,4254,1615,22,2.6340557275541796,false,10,1,"high pressure, normal-or-short median wait"
207,Queens,Saint Michaels Cemetery/Woodside,Weekday,4,315,22,14.318181818181818,2,0.09090909090909091,3.066666666666667,5.35,0.006349206349206349,5.033333333333333,11.283333333333333,0.13485731819576557,-1.9666666666666663,315,27,22,11.666666666666666,false,10,1,"high pressure, normal-or-short median wait"
90,Manhattan,Flatiron,Weekend,8,925,8,115.625,5,0.625,2.8,5.460000000000001,0.005405405405405406,3.783333333333333,8.283333333333333,0.05778555961010838,-0.9833333333333334,925,363,8,2.5482093663911844,false,10,1,"high pressure, normal-or-short median wait"
249,Manhattan,West Village,Weekend,8,822,8,102.75,4,0.5,2.9833333333333334,5.248333333333333,0.004866180048661801,3.783333333333333,8.283333333333333,0.05778555961010838,-0.7999999999999998,822,411,8,2.0,false,10,1,"high pressure, normal-or-short median wait"
125,Manhattan,Hudson Sq,Weekend,10,853,8,106.625,3,0.375,2.8833333333333333,5.446666666666667,0.0035169988276670576,3.8833333333333333,8.383333333333333,0.06003768772484154,-1.0,853,349,8,2.444126074498567,false,10,1,"high pressure, normal-or-short median wait"
