filer,filing,statement,period,reported total,reconstructed total,difference,units,issue type
1ST SOURCE CORP,0000034782-26-000039,IS | Statement of Changes in Net Assets Available for Benefits | Net increase in net assets available for benefits [EmployeeBenefitPlanChangeInNetAssetAvailableForBenefitIncreaseDecrease],4 quarters ended 2025-12-31; dimensions=LegalEntity=EBP003; co-registrant=EBP003,28673011,19559586,9113425,USD,xbrl_calculation_mismatch
3 E NETWORK TECHNOLOGY GROUP LTD,0001185185-26-002325,"IS | CONSOLIDATED STATEMENTS OF INCOME AND COMPREHENSIVE INCOME | (Loss)/Income from continuing operation, net of tax [IncomeLossFromContinuingOperations]",2 quarters ended 2024-12-31,798279,1728738,-930459,USD,xbrl_calculation_mismatch
3 E NETWORK TECHNOLOGY GROUP LTD,0001185185-26-002325,"IS | CONSOLIDATED STATEMENTS OF INCOME AND COMPREHENSIVE INCOME | (Loss)/Income from continuing operation, net of tax [IncomeLossFromContinuingOperations]",2 quarters ended 2025-12-31,-209487,-341697,132210,USD,xbrl_calculation_mismatch
3 E NETWORK TECHNOLOGY GROUP LTD,0001185185-26-002325,IS | CONSOLIDATED STATEMENTS OF INCOME AND COMPREHENSIVE INCOME | Net (loss)/income [NetIncomeLoss],2 quarters ended 2024-12-31,1069327,1340375,-271048,USD,xbrl_calculation_mismatch
3 E NETWORK TECHNOLOGY GROUP LTD,0001185185-26-002325,IS | CONSOLIDATED STATEMENTS OF INCOME AND COMPREHENSIVE INCOME | Net (loss)/income [NetIncomeLoss],4 quarters ended 2023-06-30,996157,1978292,-982135,USD,xbrl_calculation_mismatch
3 E NETWORK TECHNOLOGY GROUP LTD,0001185185-26-002325,IS | CONSOLIDATED STATEMENTS OF INCOME AND COMPREHENSIVE INCOME | Net (loss)/income [NetIncomeLoss],4 quarters ended 2024-06-30,1548347,2394090,-845743,USD,xbrl_calculation_mismatch
3 E NETWORK TECHNOLOGY GROUP LTD,0001185185-26-002325,IS | CONSOLIDATED STATEMENTS OF INCOME AND COMPREHENSIVE INCOME | Net (loss)/income [NetIncomeLoss],4 quarters ended 2025-06-30,764919,932739,-167820,USD,xbrl_calculation_mismatch
3 E NETWORK TECHNOLOGY GROUP LTD,0001185185-26-002628,"IS | CONSOLIDATED STATEMENTS OF INCOME AND COMPREHENSIVE INCOME | (Loss)/Income from continuing operation, net of tax [IncomeLossFromContinuingOperations]",2 quarters ended 2024-12-31,798279,1728738,-930459,USD,xbrl_calculation_mismatch
3 E NETWORK TECHNOLOGY GROUP LTD,0001185185-26-002628,"IS | CONSOLIDATED STATEMENTS OF INCOME AND COMPREHENSIVE INCOME | (Loss)/Income from continuing operation, net of tax [IncomeLossFromContinuingOperations]",2 quarters ended 2025-12-31,-209487,-341697,132210,USD,xbrl_calculation_mismatch
3 E NETWORK TECHNOLOGY GROUP LTD,0001185185-26-002628,IS | CONSOLIDATED STATEMENTS OF INCOME AND COMPREHENSIVE INCOME | Net (loss)/income [NetIncomeLoss],2 quarters ended 2024-12-31,1069327,1340375,-271048,USD,xbrl_calculation_mismatch
3 E NETWORK TECHNOLOGY GROUP LTD,0001185185-26-002628,IS | CONSOLIDATED STATEMENTS OF INCOME AND COMPREHENSIVE INCOME | Net (loss)/income [NetIncomeLoss],4 quarters ended 2023-06-30,996157,1978292,-982135,USD,xbrl_calculation_mismatch
3 E NETWORK TECHNOLOGY GROUP LTD,0001185185-26-002628,IS | CONSOLIDATED STATEMENTS OF INCOME AND COMPREHENSIVE INCOME | Net (loss)/income [NetIncomeLoss],4 quarters ended 2024-06-30,1548347,2394090,-845743,USD,xbrl_calculation_mismatch
3 E NETWORK TECHNOLOGY GROUP LTD,0001185185-26-002628,IS | CONSOLIDATED STATEMENTS OF INCOME AND COMPREHENSIVE INCOME | Net (loss)/income [NetIncomeLoss],4 quarters ended 2025-06-30,764919,932739,-167820,USD,xbrl_calculation_mismatch
3 E NETWORK TECHNOLOGY GROUP LTD,0001185185-26-002646,"IS | CONSOLIDATED STATEMENTS OF INCOME AND COMPREHENSIVE INCOME | (Loss)/Income from continuing operation, net of tax [IncomeLossFromContinuingOperations]",2 quarters ended 2024-12-31,798279,1728738,-930459,USD,xbrl_calculation_mismatch
3 E NETWORK TECHNOLOGY GROUP LTD,0001185185-26-002646,"IS | CONSOLIDATED STATEMENTS OF INCOME AND COMPREHENSIVE INCOME | (Loss)/Income from continuing operation, net of tax [IncomeLossFromContinuingOperations]",2 quarters ended 2025-12-31,-209487,-341697,132210,USD,xbrl_calculation_mismatch
3 E NETWORK TECHNOLOGY GROUP LTD,0001185185-26-002646,IS | CONSOLIDATED STATEMENTS OF INCOME AND COMPREHENSIVE INCOME | Net (loss)/income [NetIncomeLoss],2 quarters ended 2024-12-31,1069327,1340375,-271048,USD,xbrl_calculation_mismatch
3 E NETWORK TECHNOLOGY GROUP LTD,0001185185-26-002646,IS | CONSOLIDATED STATEMENTS OF INCOME AND COMPREHENSIVE INCOME | Net (loss)/income [NetIncomeLoss],4 quarters ended 2023-06-30,996157,1978292,-982135,USD,xbrl_calculation_mismatch
3 E NETWORK TECHNOLOGY GROUP LTD,0001185185-26-002646,IS | CONSOLIDATED STATEMENTS OF INCOME AND COMPREHENSIVE INCOME | Net (loss)/income [NetIncomeLoss],4 quarters ended 2024-06-30,1548347,2394090,-845743,USD,xbrl_calculation_mismatch
3 E NETWORK TECHNOLOGY GROUP LTD,0001185185-26-002646,IS | CONSOLIDATED STATEMENTS OF INCOME AND COMPREHENSIVE INCOME | Net (loss)/income [NetIncomeLoss],4 quarters ended 2025-06-30,764919,932739,-167820,USD,xbrl_calculation_mismatch
ADDENTAX GROUP CORP.,0001493152-26-031055,CI | Consolidated Statements of Comprehensive Income (Loss) | TOTAL COMPREHENSIVE LOSS [ComprehensiveIncomeNetOfTax],4 quarters ended 2026-03-31; dimensions=Scenario=ProForma,-4714427,-4688948,-25479,USD,xbrl_calculation_mismatch
AEVEX CORP.,0001193125-26-251569,CF | CONDENSED CONSOLIDATED STATEMENTS OF CASH FLOWS (UNAUDITED) | Net cash (used in) provided by operating activities [NetCashProvidedByUsedInOperatingActivities],4 quarters ended 2025-12-31; dimensions=LegalEntity=AthenaTechnologySolutionsHoldingsLLC; co-registrant=AthenaTechnologySolutionsHoldingsLLC,-97639000,-95204000,-2435000,USD,xbrl_calculation_mismatch
AEVEX CORP.,0001193125-26-251569,"IS | CONDENSED CONSOLIDATED STATEMENTS OF OPERATIONS (UNAUDITED) | Total other expense, net [NonoperatingIncomeExpense]",4 quarters ended 2025-12-31; dimensions=LegalEntity=AthenaTechnologySolutionsHoldingsLLC; co-registrant=AthenaTechnologySolutionsHoldingsLLC,-24806000,-27241000,2435000,USD,xbrl_calculation_mismatch
AKANDA CORP.,0001213900-26-066800,BS | Consolidated Statements of Financial Position | Total Shareholders Equity (Deficit) [Equity],2025-12-31 (instant),-11990437,-33043514,21053077,USD,xbrl_calculation_mismatch
"AMBIQ MICRO, INC.",0001193125-26-276706,IS | CONDENSED CONSOLIDATED STATEMENTS OF OPERATIONS AND COMPREHENSIVE LOSS | Comprehensive loss [ComprehensiveIncomeNetOfTaxIncludingPortionAttributableToNoncontrollingInterest],4 quarters ended 2024-12-31,-39342000,-42066000,2724000,USD,xbrl_calculation_mismatch
"AMERIGUARD SECURITY SERVICES, INC.",0001213900-26-073232,IS | Consolidated Statements of Operations | Gross Margin [GrossMargin],4 quarters ended 2025-12-31,3128292,3128392,-100,USD,xbrl_calculation_mismatch
ARAX HOLDINGS CORP,0001753926-26-000995,CF | CONSOLIDATED STATEMENTS OF CASH FLOWS (Audited) | Net decrease in cash and cash equivalents [CashCashEquivalentsRestrictedCashAndRestrictedCashEquivalentsPeriodIncreaseDecreaseIncludingExchangeRateEffect],4 quarters ended 2023-10-31,1448769,1468768,-19999,USD,xbrl_calculation_mismatch
ARAX HOLDINGS CORP,0001753926-26-000995,CF | CONSOLIDATED STATEMENTS OF CASH FLOWS (Audited) | Net decrease in cash and cash equivalents [CashCashEquivalentsRestrictedCashAndRestrictedCashEquivalentsPeriodIncreaseDecreaseIncludingExchangeRateEffect],4 quarters ended 2023-10-31; dimensions=Restatement=RestatementAdjustment,1,25777297,-25777296,USD,xbrl_calculation_mismatch
ARAX HOLDINGS CORP,0001753926-26-000995,IS | CONSOLIDATED STATEMENTS OF OPERATIONS (Audited) | Total Operating Expenses [OperatingExpenses],4 quarters ended 2023-10-31; dimensions=Restatement=RestatementAdjustment,6593278,7494918,-901640,USD,xbrl_calculation_mismatch
AT&T INC.,0000732717-26-000273,"BS | Employee Benefit Plan, Statement of Net Asset Available for Benefit (Statement) | Net Assets Available for Benefits [EmployeeBenefitPlanNetAssetAvailableForBenefit]",2024-12-31 (instant); dimensions=LegalEntity=EBP431301883004; co-registrant=EBP431301883004,2264562000,55802000,2208760000,USD,xbrl_calculation_mismatch
AT&T INC.,0000732717-26-000273,"BS | Employee Benefit Plan, Statement of Net Asset Available for Benefit (Statement) | Net Assets Available for Benefits [EmployeeBenefitPlanNetAssetAvailableForBenefit]",2025-12-31 (instant); dimensions=LegalEntity=EBP431301883004; co-registrant=EBP431301883004,2409768000,51657000,2358111000,USD,xbrl_calculation_mismatch
ATII HOLDINGS INC.,0001104659-26-076467,BS | Condensed Condensed Balance Sheets (Current Period Unaudited) | Total current assets [AssetsCurrent],2024-12-31 (instant); dimensions=LegalEntity=ForgeNanoInc; co-registrant=ForgeNanoInc,12765000,4781000,7984000,USD,xbrl_calculation_mismatch
ATII HOLDINGS INC.,0001104659-26-076467,BS | Condensed Condensed Balance Sheets (Current Period Unaudited) | Total current assets [AssetsCurrent],2025-12-31 (instant); dimensions=LegalEntity=ForgeNanoInc; co-registrant=ForgeNanoInc,23195000,9824000,13371000,USD,xbrl_calculation_mismatch
ATII HOLDINGS INC.,0001104659-26-076467,BS | Condensed Condensed Balance Sheets (Current Period Unaudited) | Total current assets [AssetsCurrent],2026-03-31 (instant); dimensions=LegalEntity=ForgeNanoInc; co-registrant=ForgeNanoInc,31115000,18080000,13035000,USD,xbrl_calculation_mismatch
BANCPLUS CORP,0001118004-26-000002,IS | Statement of Changes in Net Assets Available for Benefits | Total additions [EmployeeBenefitPlanChangeInNetAssetAvailableForBenefitIncrease],4 quarters ended 2025-12-31; dimensions=LegalEntity=EBP001; co-registrant=EBP001,40353751,32807406,7546345,USD,xbrl_calculation_mismatch
BANK OF MONTREAL /CAN/,0001193125-26-278932,IS | Statements Of Changes In Net Assets Available For Benefits | Total Deductions [EmployeeBenefitPlanChangeInNetAssetAvailableForBenefitDecrease],4 quarters ended 2024-12-31; dimensions=LegalEntity=EBP001; co-registrant=EBP001,568419380,565880334,2539046,USD,xbrl_calculation_mismatch
"BANZAI INTERNATIONAL, INC.",0001493152-26-027350,IS | Condensed Consolidated Statements of Operations | Operating loss [OperatingIncomeLoss],1 quarter ended 2025-03-31; dimensions=BusinessSegments=BanzaiOperating;ConsolidationItems=OperatingSegments,-5477000,-2861000,-2616000,USD,xbrl_calculation_mismatch
"BANZAI INTERNATIONAL, INC.",0001493152-26-027350,IS | Condensed Consolidated Statements of Operations | Operating loss [OperatingIncomeLoss],1 quarter ended 2025-03-31; dimensions=BusinessSegments=OpenReel;ConsolidationItems=OperatingSegments,397000,699000,-302000,USD,xbrl_calculation_mismatch
"BANZAI INTERNATIONAL, INC.",0001493152-26-027350,IS | Condensed Consolidated Statements of Operations | Operating loss [OperatingIncomeLoss],1 quarter ended 2025-03-31; dimensions=ConsolidationItems=OperatingSegments,-4660000,-1742000,-2918000,USD,xbrl_calculation_mismatch
"BANZAI INTERNATIONAL, INC.",0001493152-26-027350,IS | Condensed Consolidated Statements of Operations | Operating loss [OperatingIncomeLoss],1 quarter ended 2026-03-31; dimensions=BusinessSegments=BanzaiOperating;ConsolidationItems=OperatingSegments,-5608000,-2041000,-3567000,USD,xbrl_calculation_mismatch
"BANZAI INTERNATIONAL, INC.",0001493152-26-027350,IS | Condensed Consolidated Statements of Operations | Operating loss [OperatingIncomeLoss],1 quarter ended 2026-03-31; dimensions=ConsolidationItems=OperatingSegments,-5475000,-1908000,-3567000,USD,xbrl_calculation_mismatch
"BANZAI INTERNATIONAL, INC.",0001493152-26-027350,IS | Condensed Consolidated Statements of Operations | Operating loss [OperatingIncomeLoss],4 quarters ended 2024-12-31; dimensions=BusinessSegments=BanzaiOperating;ConsolidationItems=OperatingSegments,-13484311,-6572002,-6912309,USD,xbrl_calculation_mismatch
"BANZAI INTERNATIONAL, INC.",0001493152-26-027350,IS | Condensed Consolidated Statements of Operations | Operating loss [OperatingIncomeLoss],4 quarters ended 2024-12-31; dimensions=ConsolidationItems=OperatingSegments,-13418786,-6506477,-6912309,USD,xbrl_calculation_mismatch
"BANZAI INTERNATIONAL, INC.",0001493152-26-027350,IS | Condensed Consolidated Statements of Operations | Operating loss [OperatingIncomeLoss],4 quarters ended 2025-12-31; dimensions=BusinessSegments=BanzaiOperating;ConsolidationItems=OperatingSegments,-17434219,-8614548,-8819671,USD,xbrl_calculation_mismatch
"BANZAI INTERNATIONAL, INC.",0001493152-26-027350,IS | Condensed Consolidated Statements of Operations | Operating loss [OperatingIncomeLoss],4 quarters ended 2025-12-31; dimensions=BusinessSegments=OpenReel;ConsolidationItems=OperatingSegments,-418092,-346772,-71320,USD,xbrl_calculation_mismatch
"BANZAI INTERNATIONAL, INC.",0001493152-26-027350,IS | Condensed Consolidated Statements of Operations | Operating loss [OperatingIncomeLoss],4 quarters ended 2025-12-31; dimensions=ConsolidationItems=OperatingSegments,-17314510,-8335007,-8979503,USD,xbrl_calculation_mismatch
BETTERLIFE PHARMA INC.,0001477932-26-003553,BS | Consolidated Statements of Financial Position | Total liabilities [Liabilities],2025-01-31 (instant); dimensions=ComponentsOfEquity=NoncontrollingInterests,14366399,-14366399,28732798,CAD,xbrl_calculation_mismatch
BETTERLIFE PHARMA INC.,0001477932-26-003553,BS | Consolidated Statements of Financial Position | Total liabilities [Liabilities],2026-01-31 (instant); dimensions=ComponentsOfEquity=NoncontrollingInterests,14553326,-14574386,29127712,CAD,xbrl_calculation_mismatch
"BIO GREEN MED SOLUTION, INC.",0001493152-26-028882,IS | Consolidated Statements of Operations | Operating loss from continuing operations [OperatingIncomeLoss],1 quarter ended 2026-03-31; dimensions=ConsolidatedEntities=FutureNRGSdnBhd,-1987397,-1849709,-137688,USD,xbrl_calculation_mismatch
"BIO GREEN MED SOLUTION, INC.",0001493152-26-028882,IS | Consolidated Statements of Operations | Operating loss from continuing operations [OperatingIncomeLoss],4 quarters ended 2024-12-31; dimensions=ConsolidatedEntities=FutureNRGSdnBhd,-158941,439366,-598307,USD,xbrl_calculation_mismatch
"BIO GREEN MED SOLUTION, INC.",0001493152-26-028882,IS | Consolidated Statements of Operations | Operating loss from continuing operations [OperatingIncomeLoss],4 quarters ended 2025-12-31; dimensions=ConsolidatedEntities=FutureNRGSdnBhd,-107539,472818,-580357,USD,xbrl_calculation_mismatch
BRERA HOLDINGS PLC,0001213900-26-070267,IS | Consolidated Statements of Profit or Loss and Other Comprehensive Income | Attributable to non-controlling interest [ProfitLossAttributableToNoncontrollingInterests],4 quarters ended 2024-12-31; dimensions=BusinessCombinations=HistoricalBreraHoldingsPLC,-621000,-9477000,8856000,EUR,xbrl_calculation_mismatch
BRERA HOLDINGS PLC,0001213900-26-070267,IS | Consolidated Statements of Profit or Loss and Other Comprehensive Income | Attributable to non-controlling interest [ProfitLossAttributableToNoncontrollingInterests],4 quarters ended 2024-12-31; dimensions=BusinessCombinations=HistoricalJuveStabia,-2144000,-6366000,4222000,EUR,xbrl_calculation_mismatch
BRERA HOLDINGS PLC,0001213900-26-070267,IS | Consolidated Statements of Profit or Loss and Other Comprehensive Income | Attributable to non-controlling interest [ProfitLossAttributableToNoncontrollingInterests],4 quarters ended 2024-12-31; dimensions=BusinessCombinations=UnauditedProFormaAdjustments,-581000,-1839000,1258000,EUR,xbrl_calculation_mismatch
BRERA HOLDINGS PLC,0001213900-26-070267,IS | Consolidated Statements of Profit or Loss and Other Comprehensive Income | Attributable to non-controlling interest [ProfitLossAttributableToNoncontrollingInterests],4 quarters ended 2024-12-31; dimensions=BusinessCombinations=UnauditedProFormaCombined,-3346000,-17682000,14336000,EUR,xbrl_calculation_mismatch
BRERA HOLDINGS PLC,0001213900-26-070267,IS | Consolidated Statements of Profit or Loss and Other Comprehensive Income | Attributable to non-controlling interest [ProfitLossAttributableToNoncontrollingInterests],4 quarters ended 2025-12-31; dimensions=BusinessCombinations=HistoricalBreraHoldingsPLC,-1822000,-754268000,752446000,EUR,xbrl_calculation_mismatch
BRERA HOLDINGS PLC,0001213900-26-070267,IS | Consolidated Statements of Profit or Loss and Other Comprehensive Income | Attributable to non-controlling interest [ProfitLossAttributableToNoncontrollingInterests],4 quarters ended 2025-12-31; dimensions=BusinessCombinations=HistoricalJuveStabia,-1549000,-4907000,3358000,EUR,xbrl_calculation_mismatch
BRERA HOLDINGS PLC,0001213900-26-070267,IS | Consolidated Statements of Profit or Loss and Other Comprehensive Income | Attributable to non-controlling interest [ProfitLossAttributableToNoncontrollingInterests],4 quarters ended 2025-12-31; dimensions=BusinessCombinations=UnauditedProFormaAdjustments,-272000,-862000,590000,EUR,xbrl_calculation_mismatch
BRERA HOLDINGS PLC,0001213900-26-070267,IS | Consolidated Statements of Profit or Loss and Other Comprehensive Income | Attributable to non-controlling interest [ProfitLossAttributableToNoncontrollingInterests],4 quarters ended 2025-12-31; dimensions=BusinessCombinations=UnauditedProFormaCombined,-3643000,-760037000,756394000,EUR,xbrl_calculation_mismatch
BRERA HOLDINGS PLC,0001213900-26-070267,IS | Consolidated Statements of Profit or Loss and Other Comprehensive Income | Net loss [ProfitLoss],4 quarters ended 2024-12-31; dimensions=BusinessCombinations=UnauditedProFormaCombined,-10514000,-9302000,-1212000,EUR,xbrl_calculation_mismatch
BRERA HOLDINGS PLC,0001213900-26-070267,IS | Consolidated Statements of Profit or Loss and Other Comprehensive Income | Net loss [ProfitLoss],4 quarters ended 2025-12-31,-378045000,-377334000,-711000,EUR,xbrl_calculation_mismatch
BRERA HOLDINGS PLC,0001213900-26-070267,IS | Consolidated Statements of Profit or Loss and Other Comprehensive Income | Net loss [ProfitLoss],4 quarters ended 2025-12-31; dimensions=BusinessCombinations=HistoricalBreraHoldingsPLC,-378045000,-377334000,-711000,EUR,xbrl_calculation_mismatch
BRERA HOLDINGS PLC,0001213900-26-070267,IS | Consolidated Statements of Profit or Loss and Other Comprehensive Income | Net loss [ProfitLoss],4 quarters ended 2025-12-31; dimensions=BusinessCombinations=UnauditedProFormaCombined,-381840000,-381129000,-711000,EUR,xbrl_calculation_mismatch
BRERA HOLDINGS PLC,0001213900-26-070267,IS | Consolidated Statements of Profit or Loss and Other Comprehensive Income | Total operating expenses [OperatingExpense],4 quarters ended 2025-12-31,388995000,119870000,269125000,EUR,xbrl_calculation_mismatch
BRERA HOLDINGS PLC,0001213900-26-070267,IS | Consolidated Statements of Profit or Loss and Other Comprehensive Income | Total operating expenses [OperatingExpense],4 quarters ended 2025-12-31; dimensions=BusinessCombinations=HistoricalBreraHoldingsPLC,388995000,119870000,269125000,EUR,xbrl_calculation_mismatch
BRERA HOLDINGS PLC,0001213900-26-070267,IS | Consolidated Statements of Profit or Loss and Other Comprehensive Income | Total operating expenses [OperatingExpense],4 quarters ended 2025-12-31; dimensions=BusinessCombinations=UnauditedProFormaCombined,399842000,130717000,269125000,EUR,xbrl_calculation_mismatch
BRUNSWICK CORP,0000014930-26-000079,IS | Statement of Changes in Net Assets Available for Benefits | Net investment income [EmployeeBenefitPlanChangeInNetAssetAvailableForBenefitIncreaseDecreaseForIncomeLossOnInvestment],4 quarters ended 2025-12-31; dimensions=LegalEntity=EBP154; co-registrant=EBP154,24503411,20112494,4390917,USD,xbrl_calculation_mismatch
BRUNSWICK CORP,0000014930-26-000079,IS | Statement of Changes in Net Assets Available for Benefits | Net investment income [EmployeeBenefitPlanChangeInNetAssetAvailableForBenefitIncreaseDecreaseForIncomeLossOnInvestment],4 quarters ended 2025-12-31; dimensions=LegalEntity=EBP170; co-registrant=EBP170,292123581,252042427,40081154,USD,xbrl_calculation_mismatch
CALISA ACQUISITION CORP,0001493152-26-029398,IS | Consolidated Statements of Operations | Net income (loss) [NetIncomeLoss],1 quarter ended 2025-03-31; dimensions=ConsolidatedEntities=GoodvisionAIInc,21050,33132,-12082,USD,xbrl_calculation_mismatch
CALISA ACQUISITION CORP,0001493152-26-029398,IS | Consolidated Statements of Operations | Net income (loss) [NetIncomeLoss],2 quarters ended 2025-03-31; dimensions=ConsolidatedEntities=GoodvisionAIInc,44058,69346,-25288,USD,xbrl_calculation_mismatch
CANOPY GROWTH CORP,0001193125-26-270260,IS | Consolidated Statements of Operations and Comprehensive Loss | Net loss [ProfitLoss],4 quarters ended 2024-03-31,-712206000,-520093000,-192113000,CAD,xbrl_calculation_mismatch
CANOPY GROWTH CORP,0001193125-26-270260,IS | Consolidated Statements of Operations and Comprehensive Loss | Net loss [ProfitLoss],4 quarters ended 2025-03-31,-508878000,-514901000,6023000,CAD,xbrl_calculation_mismatch
CARMAX INC,0001170010-26-000055,"CF | Consolidated Statements Of Cash Flows | Cash Provided by (Used in) Investing Activity, Including Discontinued Operation [NetCashProvidedByUsedInInvestingActivities]",1 quarter ended 2026-05-31,-99626000,-104095000,4469000,USD,xbrl_calculation_mismatch
CH4 NATURAL SOLUTIONS CORP,0001193125-26-269963,CF | Condensed Statements of Cash Flows | Net cash used in operating activities [NetCashProvidedByUsedInOperatingActivities],1 quarter ended 2025-03-31,0,-540,540,USD,xbrl_calculation_mismatch
"CLEAN ENERGY TECHNOLOGIES, INC.",0001493152-26-027379,CF | Consolidated Statements of Cash Flows | Net loss from continuing operations [IncomeLossFromContinuingOperations],4 quarters ended 2023-12-31,-5862033,-5360224,-501809,USD,xbrl_calculation_mismatch
"CLEAN ENERGY TECHNOLOGIES, INC.",0001493152-26-027406,BS | Consolidated Balance Sheets (Unaudited) | Total Non Current assets [AssetsNoncurrent],2024-12-31 (instant),5504114,3293705,2210409,USD,xbrl_calculation_mismatch
COMMUNITY TRUST BANCORP INC /KY/,0001140361-26-026508,IS | Statements of Changes in Net Assets Available for Benefits | Increase in net assets available for benefits [EmployeeBenefitPlanChangeInNetAssetAvailableForBenefitIncreaseDecrease],4 quarters ended 2024-12-31; dimensions=EmployeeBenefitPlanParticipantDirectedStatus=EmployeeBenefitPlanNonparticipantDirected;LegalEntity=EBP007,6394375,6557686,-163311,USD,xbrl_calculation_mismatch
COMMUNITY TRUST BANCORP INC /KY/,0001140361-26-026508,IS | Statements of Changes in Net Assets Available for Benefits | Increase in net assets available for benefits [EmployeeBenefitPlanChangeInNetAssetAvailableForBenefitIncreaseDecrease],4 quarters ended 2024-12-31; dimensions=EmployeeBenefitPlanParticipantDirectedStatus=EmployeeBenefitPlanParticipantDirected;LegalEntity=EBP007,-10025,-173336,163311,USD,xbrl_calculation_mismatch
COMMUNITY TRUST BANCORP INC /KY/,0001140361-26-026508,IS | Statements of Changes in Net Assets Available for Benefits | Increase in net assets available for benefits [EmployeeBenefitPlanChangeInNetAssetAvailableForBenefitIncreaseDecrease],4 quarters ended 2025-12-31; dimensions=EmployeeBenefitPlanParticipantDirectedStatus=EmployeeBenefitPlanNonparticipantDirected;LegalEntity=EBP007,3046866,3172791,-125925,USD,xbrl_calculation_mismatch
COMMUNITY TRUST BANCORP INC /KY/,0001140361-26-026508,IS | Statements of Changes in Net Assets Available for Benefits | Increase in net assets available for benefits [EmployeeBenefitPlanChangeInNetAssetAvailableForBenefitIncreaseDecrease],4 quarters ended 2025-12-31; dimensions=EmployeeBenefitPlanParticipantDirectedStatus=EmployeeBenefitPlanParticipantDirected;LegalEntity=EBP007,151118,25193,125925,USD,xbrl_calculation_mismatch
"CREATD, INC.",0001213900-26-070464,BS | Condensed Consolidated Balance Sheets | Total Assets [Assets],2025-12-31 (instant),18141947,1951697,16190250,USD,xbrl_calculation_mismatch
"CREATD, INC.",0001213900-26-070464,BS | Condensed Consolidated Balance Sheets | Total Liabilities [Liabilities],2025-12-31 (instant),9069238,7577169,1492069,USD,xbrl_calculation_mismatch
"CREATD, INC.",0001213900-26-070464,BS | Condensed Consolidated Balance Sheets | Total Stockholders Equity [StockholdersEquityIncludingPortionAttributableToNoncontrollingInterest],2024-12-31 (instant),-10383110,12645459,-23028569,USD,xbrl_calculation_mismatch
"CREATD, INC.",0001213900-26-070464,BS | Condensed Consolidated Balance Sheets | Total Stockholders Equity [StockholdersEquityIncludingPortionAttributableToNoncontrollingInterest],2024-12-31 (instant); dimensions=Scenario=ProForma,-16324977,22423435,-38748412,USD,xbrl_calculation_mismatch
"CREATD, INC.",0001213900-26-070464,BS | Condensed Consolidated Balance Sheets | Total Stockholders Equity [StockholdersEquityIncludingPortionAttributableToNoncontrollingInterest],2025-12-31 (instant),8987919,9154028,-166109,USD,xbrl_calculation_mismatch
"CREATD, INC.",0001213900-26-070464,BS | Condensed Consolidated Balance Sheets | Total Stockholders Equity [StockholdersEquityIncludingPortionAttributableToNoncontrollingInterest],2025-12-31 (instant); dimensions=Restatement=ScenarioPreviouslyReported,8987919,9154028,-166109,USD,xbrl_calculation_mismatch
"CREATD, INC.",0001213900-26-070464,BS | Condensed Consolidated Balance Sheets | Total Stockholders Equity [StockholdersEquityIncludingPortionAttributableToNoncontrollingInterest],2025-12-31 (instant); dimensions=Scenario=ProForma,8987919,9154028,-166109,USD,xbrl_calculation_mismatch
"CREATD, INC.",0001213900-26-070464,BS | Condensed Consolidated Balance Sheets | Total Stockholders Equity [StockholdersEquityIncludingPortionAttributableToNoncontrollingInterest],2026-03-31 (instant),3653332,8474427,-4821095,USD,xbrl_calculation_mismatch
"CREATD, INC.",0001213900-26-070464,CF | Condensed Consolidated Statements of Cash Flows (Unaudited) | Net increase in cash and cash equivalents [CashCashEquivalentsRestrictedCashAndRestrictedCashEquivalentsPeriodIncreaseDecreaseIncludingExchangeRateEffect],4 quarters ended 2025-12-31,231923,8142271,-7910348,USD,xbrl_calculation_mismatch
CRYPTO CO,0001493152-26-029925,CF | Consolidated Statements of Cash Flows | Net (decrease) in cash and cash equivalents [CashCashEquivalentsRestrictedCashAndRestrictedCashEquivalentsPeriodIncreaseDecreaseExcludingExchangeRateEffect],4 quarters ended 2024-12-31,-71207,-71209,2,USD,xbrl_calculation_mismatch
CRYPTO CO,0001493152-26-029925,CF | Consolidated Statements of Cash Flows | Net (decrease) in cash and cash equivalents [CashCashEquivalentsRestrictedCashAndRestrictedCashEquivalentsPeriodIncreaseDecreaseExcludingExchangeRateEffect],4 quarters ended 2024-12-31; dimensions=Restatement=ScenarioPreviouslyReported,-71207,-71209,2,USD,xbrl_calculation_mismatch
CRYPTO CO,0001493152-26-029927,IS | Consolidated Statements of Operations | Loss before provision for income taxes [IncomeLossFromContinuingOperationsBeforeIncomeTaxesExtraordinaryItemsNoncontrollingInterest],4 quarters ended 2024-12-31,-7963076,-7963074,-2,USD,xbrl_calculation_mismatch
D. BORAL ARC ACQUISITION I CORP.,0001829126-26-006354,IS | STATEMENT OF OPERATIONS | Gross profit [GrossProfit],1 quarter ended 2025-03-31; dimensions=LegalEntity=ExascaleLabsInc; co-registrant=ExascaleLabsInc,213081,3511235,-3298154,USD,xbrl_calculation_mismatch
D. BORAL ARC ACQUISITION I CORP.,0001829126-26-006354,IS | STATEMENT OF OPERATIONS | Gross profit [GrossProfit],1 quarter ended 2026-03-31; dimensions=LegalEntity=ExascaleLabsInc; co-registrant=ExascaleLabsInc,586927,6922245,-6335318,USD,xbrl_calculation_mismatch
D. BORAL ARC ACQUISITION I CORP.,0001829126-26-006354,IS | STATEMENT OF OPERATIONS | Gross profit [GrossProfit],3 quarters ended 2025-03-31; dimensions=LegalEntity=ExascaleLabsInc; co-registrant=ExascaleLabsInc,648441,8303329,-7654888,USD,xbrl_calculation_mismatch
D. BORAL ARC ACQUISITION I CORP.,0001829126-26-006354,IS | STATEMENT OF OPERATIONS | Gross profit [GrossProfit],3 quarters ended 2026-03-31; dimensions=LegalEntity=ExascaleLabsInc; co-registrant=ExascaleLabsInc,1658365,19464297,-17805932,USD,xbrl_calculation_mismatch
D. BORAL ARC ACQUISITION I CORP.,0001829126-26-006354,IS | STATEMENT OF OPERATIONS | Gross profit [GrossProfit],4 quarters ended 2024-06-30; dimensions=LegalEntity=ExascaleLabsInc; co-registrant=ExascaleLabsInc,55567,2582663,-2527096,USD,xbrl_calculation_mismatch
D. BORAL ARC ACQUISITION I CORP.,0001829126-26-006354,IS | STATEMENT OF OPERATIONS | Gross profit [GrossProfit],4 quarters ended 2025-06-30; dimensions=LegalEntity=ExascaleLabsInc; co-registrant=ExascaleLabsInc,1105197,12925827,-11820630,USD,xbrl_calculation_mismatch
D. BORAL ARC ACQUISITION I CORP.,0001829126-26-006917,IS | STATEMENT OF OPERATIONS | Gross profit [GrossProfit],1 quarter ended 2025-03-31; dimensions=LegalEntity=ExascaleLabsInc; co-registrant=ExascaleLabsInc,213081,3511235,-3298154,USD,xbrl_calculation_mismatch
D. BORAL ARC ACQUISITION I CORP.,0001829126-26-006917,IS | STATEMENT OF OPERATIONS | Gross profit [GrossProfit],1 quarter ended 2026-03-31; dimensions=LegalEntity=ExascaleLabsInc; co-registrant=ExascaleLabsInc,586927,6922245,-6335318,USD,xbrl_calculation_mismatch
D. BORAL ARC ACQUISITION I CORP.,0001829126-26-006917,IS | STATEMENT OF OPERATIONS | Gross profit [GrossProfit],3 quarters ended 2025-03-31; dimensions=LegalEntity=ExascaleLabsInc; co-registrant=ExascaleLabsInc,648441,8303329,-7654888,USD,xbrl_calculation_mismatch
D. BORAL ARC ACQUISITION I CORP.,0001829126-26-006917,IS | STATEMENT OF OPERATIONS | Gross profit [GrossProfit],3 quarters ended 2026-03-31; dimensions=LegalEntity=ExascaleLabsInc; co-registrant=ExascaleLabsInc,1658365,19464297,-17805932,USD,xbrl_calculation_mismatch
D. BORAL ARC ACQUISITION I CORP.,0001829126-26-006917,IS | STATEMENT OF OPERATIONS | Gross profit [GrossProfit],4 quarters ended 2024-06-30; dimensions=LegalEntity=ExascaleLabsInc; co-registrant=ExascaleLabsInc,55567,2582663,-2527096,USD,xbrl_calculation_mismatch
D. BORAL ARC ACQUISITION I CORP.,0001829126-26-006917,IS | STATEMENT OF OPERATIONS | Gross profit [GrossProfit],4 quarters ended 2025-06-30; dimensions=LegalEntity=ExascaleLabsInc; co-registrant=ExascaleLabsInc,1105197,12925827,-11820630,USD,xbrl_calculation_mismatch
"DARKPULSE, INC.",0001683168-26-004839,BS | Consolidated Balance Sheets | TOTAL CURRENT LIABILITIES [LiabilitiesCurrent],2025-12-31 (instant),20265141,20265050,91,USD,xbrl_calculation_mismatch
"DOMINION ENERGY, INC",0001193125-26-281175,IS | STATEMENT OF CHANGES IN NET ASSETS AVAILABLE FOR BENEFITS | Net investment income [EmployeeBenefitPlanChangeInNetAssetAvailableForBenefitIncreaseDecreaseForIncomeLossOnInvestment],4 quarters ended 2025-12-31; dimensions=LegalEntity=EBP001; co-registrant=EBP001,687945967,339791901,348154066,USD,xbrl_calculation_mismatch
"DOMINION ENERGY, INC",0001193125-26-281182,IS | STATEMENT OF CHANGES IN NET ASSETS AVAILABLE FOR BENEFITS | Net investment income [EmployeeBenefitPlanChangeInNetAssetAvailableForBenefitIncreaseDecreaseForIncomeLossOnInvestment],4 quarters ended 2025-12-31; dimensions=LegalEntity=EBP005; co-registrant=EBP005,72985579,37264409,35721170,USD,xbrl_calculation_mismatch
E-SMART CORP.,0001995920-26-000009,CF | Condensed Statements of Cash Flows | Cash flows used in Operating Activities [NetCashProvidedByUsedInOperatingActivities],3 quarters ended 2025-05-31,-47175,125978,-173153,USD,xbrl_calculation_mismatch
E-SMART CORP.,0001995920-26-000009,IS | Condensed Statements of Operations | GROSS PROFIT [GrossProfit],3 quarters ended 2025-05-31,20059,20143,-84,USD,xbrl_calculation_mismatch
E-SMART CORP.,0001995920-26-000009,IS | Condensed Statements of Operations | TOTAL OTHER LOSS [NonoperatingIncomeExpense],3 quarters ended 2025-05-31,-7241,7251,-14492,USD,xbrl_calculation_mismatch
"EAGLEROCK LAND, LLC",0001193125-26-279687,BS | Unaudited Balance Sheets | Total member's interest / deficit [MembersEquity],2025-12-31 (instant),0,2000,-2000,USD,xbrl_calculation_mismatch
"EAGLEROCK LAND, LLC",0001193125-26-279687,BS | Unaudited Balance Sheets | Total member's interest / deficit [MembersEquity],2026-03-31 (instant),0,2000,-2000,USD,xbrl_calculation_mismatch
"ELOXX PHARMACEUTICALS, INC.",0001193125-26-251655,IS | CONSOLIDATED STATEMENTS OF OPERATIONS | Net loss [NetIncomeLoss],1 quarter ended 2025-03-31; dimensions=ConsolidationItems=OperatingSegments,-1709000,-735000,-974000,USD,xbrl_calculation_mismatch
"ELOXX PHARMACEUTICALS, INC.",0001193125-26-251655,IS | CONSOLIDATED STATEMENTS OF OPERATIONS | Net loss [NetIncomeLoss],1 quarter ended 2026-03-31; dimensions=ConsolidationItems=OperatingSegments,-3754000,-3836000,82000,USD,xbrl_calculation_mismatch
"ELOXX PHARMACEUTICALS, INC.",0001193125-26-251655,IS | CONSOLIDATED STATEMENTS OF OPERATIONS | Net loss [NetIncomeLoss],4 quarters ended 2023-12-31,-17054000,-34342000,17288000,USD,xbrl_calculation_mismatch
"ELOXX PHARMACEUTICALS, INC.",0001193125-26-251655,IS | CONSOLIDATED STATEMENTS OF OPERATIONS | Net loss [NetIncomeLoss],4 quarters ended 2023-12-31; dimensions=ConsolidationItems=OperatingSegments,-17054000,-34810000,17756000,USD,xbrl_calculation_mismatch
"ELOXX PHARMACEUTICALS, INC.",0001193125-26-251655,IS | CONSOLIDATED STATEMENTS OF OPERATIONS | Net loss [NetIncomeLoss],4 quarters ended 2023-12-31; dimensions=ConsolidationItems=OperatingSegments,-17054000,-17522000,468000,USD,xbrl_calculation_mismatch
"ELOXX PHARMACEUTICALS, INC.",0001193125-26-251655,IS | CONSOLIDATED STATEMENTS OF OPERATIONS | Net loss [NetIncomeLoss],4 quarters ended 2024-12-31,-3143000,-5611000,2468000,USD,xbrl_calculation_mismatch
"ELOXX PHARMACEUTICALS, INC.",0001193125-26-251655,IS | CONSOLIDATED STATEMENTS OF OPERATIONS | Net loss [NetIncomeLoss],4 quarters ended 2024-12-31; dimensions=ConsolidationItems=OperatingSegments,-3143000,-1793000,-1350000,USD,xbrl_calculation_mismatch
"ELOXX PHARMACEUTICALS, INC.",0001193125-26-251655,IS | CONSOLIDATED STATEMENTS OF OPERATIONS | Net loss [NetIncomeLoss],4 quarters ended 2024-12-31; dimensions=ConsolidationItems=OperatingSegments,-3143000,-4261000,1118000,USD,xbrl_calculation_mismatch
"ELOXX PHARMACEUTICALS, INC.",0001193125-26-251655,IS | CONSOLIDATED STATEMENTS OF OPERATIONS | Net loss [NetIncomeLoss],4 quarters ended 2025-12-31,-5995000,-12433000,6438000,USD,xbrl_calculation_mismatch
"ELOXX PHARMACEUTICALS, INC.",0001193125-26-251655,IS | CONSOLIDATED STATEMENTS OF OPERATIONS | Net loss [NetIncomeLoss],4 quarters ended 2025-12-31; dimensions=ConsolidationItems=OperatingSegments,-5995000,-13319000,7324000,USD,xbrl_calculation_mismatch
"ELOXX PHARMACEUTICALS, INC.",0001193125-26-251655,IS | CONSOLIDATED STATEMENTS OF OPERATIONS | Net loss [NetIncomeLoss],4 quarters ended 2025-12-31; dimensions=ConsolidationItems=OperatingSegments,-5995000,-6881000,886000,USD,xbrl_calculation_mismatch
"ELOXX PHARMACEUTICALS, INC.",0001193125-26-251655,IS | CONSOLIDATED STATEMENTS OF OPERATIONS | Total operating expenses [OperatingExpenses],4 quarters ended 2023-12-31; dimensions=ConsolidationItems=OperatingSegments,17288000,11267000,6021000,USD,xbrl_calculation_mismatch
"ELOXX PHARMACEUTICALS, INC.",0001193125-26-251655,IS | CONSOLIDATED STATEMENTS OF OPERATIONS | Total operating expenses [OperatingExpenses],4 quarters ended 2024-12-31; dimensions=ConsolidationItems=OperatingSegments,8827000,6443000,2384000,USD,xbrl_calculation_mismatch
"ELOXX PHARMACEUTICALS, INC.",0001193125-26-251655,IS | CONSOLIDATED STATEMENTS OF OPERATIONS | Total operating expenses [OperatingExpenses],4 quarters ended 2025-12-31; dimensions=ConsolidationItems=OperatingSegments,6438000,4100000,2338000,USD,xbrl_calculation_mismatch
"ELOXX PHARMACEUTICALS, INC.",0001193125-26-257750,IS | CONSOLIDATED STATEMENTS OF OPERATIONS | Net loss [NetIncomeLoss],1 quarter ended 2025-03-31; dimensions=ConsolidationItems=OperatingSegments,-1709000,-735000,-974000,USD,xbrl_calculation_mismatch
"ELOXX PHARMACEUTICALS, INC.",0001193125-26-257750,IS | CONSOLIDATED STATEMENTS OF OPERATIONS | Net loss [NetIncomeLoss],1 quarter ended 2026-03-31; dimensions=ConsolidationItems=OperatingSegments,-3754000,-3836000,82000,USD,xbrl_calculation_mismatch
"ELOXX PHARMACEUTICALS, INC.",0001193125-26-257750,IS | CONSOLIDATED STATEMENTS OF OPERATIONS | Net loss [NetIncomeLoss],4 quarters ended 2023-12-31,-17054000,-34342000,17288000,USD,xbrl_calculation_mismatch
"ELOXX PHARMACEUTICALS, INC.",0001193125-26-257750,IS | CONSOLIDATED STATEMENTS OF OPERATIONS | Net loss [NetIncomeLoss],4 quarters ended 2023-12-31; dimensions=ConsolidationItems=OperatingSegments,-17054000,-34810000,17756000,USD,xbrl_calculation_mismatch
"ELOXX PHARMACEUTICALS, INC.",0001193125-26-257750,IS | CONSOLIDATED STATEMENTS OF OPERATIONS | Net loss [NetIncomeLoss],4 quarters ended 2023-12-31; dimensions=ConsolidationItems=OperatingSegments,-17054000,-17522000,468000,USD,xbrl_calculation_mismatch
"ELOXX PHARMACEUTICALS, INC.",0001193125-26-257750,IS | CONSOLIDATED STATEMENTS OF OPERATIONS | Net loss [NetIncomeLoss],4 quarters ended 2024-12-31,-3143000,-5611000,2468000,USD,xbrl_calculation_mismatch
"ELOXX PHARMACEUTICALS, INC.",0001193125-26-257750,IS | CONSOLIDATED STATEMENTS OF OPERATIONS | Net loss [NetIncomeLoss],4 quarters ended 2024-12-31; dimensions=ConsolidationItems=OperatingSegments,-3143000,-1793000,-1350000,USD,xbrl_calculation_mismatch
"ELOXX PHARMACEUTICALS, INC.",0001193125-26-257750,IS | CONSOLIDATED STATEMENTS OF OPERATIONS | Net loss [NetIncomeLoss],4 quarters ended 2024-12-31; dimensions=ConsolidationItems=OperatingSegments,-3143000,-4261000,1118000,USD,xbrl_calculation_mismatch
"ELOXX PHARMACEUTICALS, INC.",0001193125-26-257750,IS | CONSOLIDATED STATEMENTS OF OPERATIONS | Net loss [NetIncomeLoss],4 quarters ended 2025-12-31,-5995000,-12433000,6438000,USD,xbrl_calculation_mismatch
"ELOXX PHARMACEUTICALS, INC.",0001193125-26-257750,IS | CONSOLIDATED STATEMENTS OF OPERATIONS | Net loss [NetIncomeLoss],4 quarters ended 2025-12-31; dimensions=ConsolidationItems=OperatingSegments,-5995000,-13319000,7324000,USD,xbrl_calculation_mismatch
"ELOXX PHARMACEUTICALS, INC.",0001193125-26-257750,IS | CONSOLIDATED STATEMENTS OF OPERATIONS | Net loss [NetIncomeLoss],4 quarters ended 2025-12-31; dimensions=ConsolidationItems=OperatingSegments,-5995000,-6881000,886000,USD,xbrl_calculation_mismatch
"ELOXX PHARMACEUTICALS, INC.",0001193125-26-257750,IS | CONSOLIDATED STATEMENTS OF OPERATIONS | Total operating expenses [OperatingExpenses],4 quarters ended 2023-12-31; dimensions=ConsolidationItems=OperatingSegments,17288000,11267000,6021000,USD,xbrl_calculation_mismatch
"ELOXX PHARMACEUTICALS, INC.",0001193125-26-257750,IS | CONSOLIDATED STATEMENTS OF OPERATIONS | Total operating expenses [OperatingExpenses],4 quarters ended 2024-12-31; dimensions=ConsolidationItems=OperatingSegments,8827000,6443000,2384000,USD,xbrl_calculation_mismatch
"ELOXX PHARMACEUTICALS, INC.",0001193125-26-257750,IS | CONSOLIDATED STATEMENTS OF OPERATIONS | Total operating expenses [OperatingExpenses],4 quarters ended 2025-12-31; dimensions=ConsolidationItems=OperatingSegments,6438000,4100000,2338000,USD,xbrl_calculation_mismatch
"ENVOY MEDICAL, INC.",0001213900-26-068309,"IS | Condensed Consolidated Statements of Operations and Comprehensive Loss (Unaudited) | Net loss attributable to common stockholders, basic [NetIncomeLossAvailableToCommonStockholdersBasic]",4 quarters ended 2024-12-31,-27973000,-26316000,-1657000,USD,xbrl_calculation_mismatch
"EXOUSIA BIO, INC.",0001683168-26-004868,CF | Statement of Cash Flows (Unaudited) | Net cash provided by (used in) Operating activities [NetCashProvidedByUsedInOperatingActivities],3 quarters ended 2025-02-28,86538,94038,-7500,USD,xbrl_calculation_mismatch
"EXOUSIA BIO, INC.",0001683168-26-004868,IS | Statements of Operations (Unaudited) | Income (loss) before provision for income taxes [IncomeLossFromContinuingOperationsBeforeIncomeTaxesExtraordinaryItemsNoncontrollingInterest],1 quarter ended 2025-02-28,80129,94091,-13962,USD,xbrl_calculation_mismatch
"EXOUSIA BIO, INC.",0001683168-26-004868,IS | Statements of Operations (Unaudited) | Net income (loss) from operations [OperatingIncomeLoss],1 quarter ended 2025-02-28,6981,-6981,13962,USD,xbrl_calculation_mismatch
"FDCTECH, INC.",0001493152-26-027770,CF | Consolidated Statements of Cash Flows | Net increase (decrease) in cash [CashCashEquivalentsRestrictedCashAndRestrictedCashEquivalentsPeriodIncreaseDecreaseIncludingExchangeRateEffect],3 quarters ended 2025-09-30; dimensions=Restatement=ScenarioPreviouslyReported,-3778,92806,-96584,USD,xbrl_calculation_mismatch
"FDCTECH, INC.",0001493152-26-027770,IS | Consolidated Statements of Operations (Unaudited) | Gross Profit [GrossProfit],1 quarter ended 2025-09-30; dimensions=Restatement=RestatementAdjustment,464168,-526168,990336,USD,xbrl_calculation_mismatch
"FIRST REAL ESTATE INVESTMENT TRUST OF NEW JERSEY, INC.",0001174947-26-000661,IS | Condensed Consolidated Statements of Income (Unaudited) | Net income [ProfitLoss],1 quarter ended 2025-04-30; dimensions=ConsolidatedEntities=PierreTowers,22000,600000,-578000,USD,xbrl_calculation_mismatch
"FIRST REAL ESTATE INVESTMENT TRUST OF NEW JERSEY, INC.",0001174947-26-000661,IS | Condensed Consolidated Statements of Income (Unaudited) | Net income [ProfitLoss],1 quarter ended 2026-04-30; dimensions=ConsolidatedEntities=PierreTowers,-104000,433000,-537000,USD,xbrl_calculation_mismatch
"FIRST REAL ESTATE INVESTMENT TRUST OF NEW JERSEY, INC.",0001174947-26-000661,IS | Condensed Consolidated Statements of Income (Unaudited) | Net income [ProfitLoss],2 quarters ended 2025-04-30; dimensions=ConsolidatedEntities=PierreTowers,36000,1185000,-1149000,USD,xbrl_calculation_mismatch
"FIRST REAL ESTATE INVESTMENT TRUST OF NEW JERSEY, INC.",0001174947-26-000661,IS | Condensed Consolidated Statements of Income (Unaudited) | Net income [ProfitLoss],2 quarters ended 2026-04-30; dimensions=ConsolidatedEntities=PierreTowers,-106000,1033000,-1139000,USD,xbrl_calculation_mismatch
"FORGENT POWER SOLUTIONS, INC.",0001193125-26-288605,IS | Condensed Consolidated Statements of Operations (Unaudited) | Net Income (Loss) Attributable to Forgent Intermediate LLC [NetIncomeLoss],3 quarters ended 2024-06-30; dimensions=LegalEntity=ForgentIntermediateLLC; co-registrant=ForgentIntermediateLLC,-17821000,-19202000,1381000,USD,xbrl_calculation_mismatch
"FORGENT POWER SOLUTIONS, INC.",0001193125-26-288605,IS | Condensed Consolidated Statements of Operations (Unaudited) | Net Income (Loss) Attributable to Forgent Intermediate LLC [NetIncomeLoss],4 quarters ended 2025-06-30; dimensions=LegalEntity=ForgentIntermediateLLC; co-registrant=ForgentIntermediateLLC,15196000,17446000,-2250000,USD,xbrl_calculation_mismatch
FOUR SEASONS EDUCATION (CAYMAN) INC.,0001193125-26-273350,BS | CONSOLIDATED BALANCE SHEETS | TOTAL LIABILITIES AND EQUITY [LiabilitiesAndStockholdersEquity],2025-02-28 (instant),731142000,680600000,50542000,CNY,xbrl_calculation_mismatch
FOUR SEASONS EDUCATION (CAYMAN) INC.,0001193125-26-273350,BS | CONSOLIDATED BALANCE SHEETS | TOTAL LIABILITIES AND EQUITY [LiabilitiesAndStockholdersEquity],2026-02-28 (instant),739497000,698344000,41153000,CNY,xbrl_calculation_mismatch
FOUR SEASONS EDUCATION (CAYMAN) INC.,0001193125-26-273350,BS | CONSOLIDATED BALANCE SHEETS | TOTAL LIABILITIES AND EQUITY [LiabilitiesAndStockholdersEquity],2026-02-28 (instant),107835000,101834000,6001000,USD,xbrl_calculation_mismatch
GELTEQ LTD,0001213900-26-073846,CF | Consolidated Statement of Cash Flows | Net increase/(decrease) in cash and cash equivalents [IncreaseDecreaseInCashAndCashEquivalents],2 quarters ended 2025-12-31,-32390716,-323916,-32066800,AUD,xbrl_calculation_mismatch
GENERAL DYNAMICS CORP,0000040533-26-000020,IS | Statement of Changes in Net Assets Available for Benefits | Net increase [EBPChangeInNetAssetAvailableForBenefitIncludingPlanTransfersIncreaseDecrease],4 quarters ended 2025-12-31; dimensions=LegalEntity=EBPQACA; co-registrant=EBPQACA,778798826,1343802311,-565003485,USD,xbrl_calculation_mismatch
GENWORTH FINANCIAL INC,0001628280-26-044422,BS | Statements of Net Assets Available for Benefits | Net assets available for benefits [EmployeeBenefitPlanNetAssetAvailableForBenefit],2024-12-31 (instant); dimensions=LegalEntity=EBP001; co-registrant=EBP001,955527352,947513111,8014241,USD,xbrl_calculation_mismatch
GENWORTH FINANCIAL INC,0001628280-26-044422,BS | Statements of Net Assets Available for Benefits | Net assets available for benefits [EmployeeBenefitPlanNetAssetAvailableForBenefit],2025-12-31 (instant); dimensions=LegalEntity=EBP001; co-registrant=EBP001,1072625434,1064388967,8236467,USD,xbrl_calculation_mismatch
GENWORTH FINANCIAL INC,0001628280-26-044422,IS | Statement of Changes in Net Assets Available for Benefits | Net increase in net assets [EmployeeBenefitPlanChangeInNetAssetAvailableForBenefitIncreaseDecrease],4 quarters ended 2025-12-31; dimensions=LegalEntity=EBP001; co-registrant=EBP001,117098082,73996850,43101232,USD,xbrl_calculation_mismatch
"GOLDENWELL BIOTECH, INC.",0001477932-26-004054,BS | BALANCE SHEETS | TOTAL LIABILITIES AND STOCKHOLDERS' EQUITY [LiabilitiesAndStockholdersEquity],2025-06-30 (instant); dimensions=Restatement=AmountOfChange,16020,29241,-13221,USD,xbrl_calculation_mismatch
"GOLDENWELL BIOTECH, INC.",0001477932-26-004054,BS | BALANCE SHEETS | TOTAL LIABILITIES AND STOCKHOLDERS' EQUITY [LiabilitiesAndStockholdersEquity],2025-06-30 (instant); dimensions=Restatement=Restated,267315,-116079,383394,USD,xbrl_calculation_mismatch
"GOLDENWELL BIOTECH, INC.",0001477932-26-004054,BS | BALANCE SHEETS | TOTAL LIABILITIES AND STOCKHOLDERS' EQUITY [LiabilitiesAndStockholdersEquity],2025-06-30 (instant); dimensions=Restatement=ScenarioPreviouslyReported,251295,-86838,338133,USD,xbrl_calculation_mismatch
GRAHAM CORP,0001193125-26-260688,BS | Consolidated Balance Sheets | Total assets [Assets],2025-03-31 (instant),264110000,264268000,-158000,USD,xbrl_calculation_mismatch
GRAHAM CORP,0001193125-26-260688,BS | Consolidated Balance Sheets | Total assets [Assets],2026-03-31 (instant),323616000,323674000,-58000,USD,xbrl_calculation_mismatch
"HADRON ENERGY, INC.",0001193125-26-271293,BS | Condensed Balance Sheets | Total current assets [AssetsCurrent],2025-12-31 (instant),2090644,2424047,-333403,USD,xbrl_calculation_mismatch
HOOKER FURNISHINGS CORP,0001185185-26-002495,IS | CONDENSED CONSOLIDATED STATEMENTS OF OPERATIONS | Gross profit [GrossProfit],1 quarter ended 2025-04-30; dimensions=BusinessSegments=AllOther,1590000,1592000,-2000,USD,xbrl_calculation_mismatch
HOOKER FURNISHINGS CORP,0001185185-26-002495,IS | CONDENSED CONSOLIDATED STATEMENTS OF OPERATIONS | Gross profit [GrossProfit],1 quarter ended 2025-04-30; dimensions=BusinessSegments=HookerBranded,11065000,11063000,2000,USD,xbrl_calculation_mismatch
"HUADI INTERNATIONAL GROUP CO., LTD.",0001213900-26-072882,"IS | Consolidated Statements of Operations and Comprehensive Income (Loss) (Unaudited) | Net (loss) income attributable to Huadi International Group Co., Ltd. [NetIncomeLoss]",2 quarters ended 2025-03-31,145906,150785,-4879,USD,xbrl_calculation_mismatch
"HUADI INTERNATIONAL GROUP CO., LTD.",0001213900-26-072882,"IS | Consolidated Statements of Operations and Comprehensive Income (Loss) (Unaudited) | Net (loss) income attributable to Huadi International Group Co., Ltd. [NetIncomeLoss]",2 quarters ended 2026-03-31,-1101460,-1105729,4269,USD,xbrl_calculation_mismatch
IDT CORP,0001437749-26-019975,BS | Condensed Consolidated Balance Sheets (Current Period Unaudited) | Total assets [Assets],2025-07-31 (instant),626203000,508928000,117275000,USD,xbrl_calculation_mismatch
IDT CORP,0001437749-26-019975,BS | Condensed Consolidated Balance Sheets (Current Period Unaudited) | Total assets [Assets],2026-04-30 (instant),698029000,566393000,131636000,USD,xbrl_calculation_mismatch
IDT CORP,0001437749-26-019975,BS | Condensed Consolidated Balance Sheets (Current Period Unaudited) | Total liabilities and noncontrolling interests [LiabilitiesAndStockholdersEquity],2025-07-31 (instant),626203000,228695000,397508000,USD,xbrl_calculation_mismatch
IDT CORP,0001437749-26-019975,BS | Condensed Consolidated Balance Sheets (Current Period Unaudited) | Total liabilities and noncontrolling interests [LiabilitiesAndStockholdersEquity],2026-04-30 (instant),698029000,240586000,457443000,USD,xbrl_calculation_mismatch
INTERNATIONAL BATTERY METALS LTD.,0001193125-26-274679,IS | Consolidated Statements of Income (Loss) | Net income before income tax provision [IncomeLossFromContinuingOperationsBeforeIncomeTaxesExtraordinaryItemsNoncontrollingInterest],4 quarters ended 2025-03-31,-3516000,-3014502,-501498,USD,xbrl_calculation_mismatch
"JANUS LIVING, INC.",0001104659-26-068606,IS | COMBINED AND CONSOLIDATED STATEMENTS OF OPERATIONS | Net income (loss) attributable to Class A-1 common stock [NetIncomeLossAvailableToCommonStockholdersBasic],1 quarter ended 2025-03-31,0,-2110000,2110000,USD,xbrl_calculation_mismatch
JERSEY CENTRAL POWER & LIGHT CO,0001193125-26-282890,IS | Statements of Income And Comprehensive Income | Total other expense [NonoperatingIncomeExpense],4 quarters ended 2023-12-31,-92000000,18000000,-110000000,USD,xbrl_calculation_mismatch
JERSEY CENTRAL POWER & LIGHT CO,0001193125-26-282890,IS | Statements of Income And Comprehensive Income | Total other expense [NonoperatingIncomeExpense],4 quarters ended 2024-12-31,-31000000,66000000,-97000000,USD,xbrl_calculation_mismatch
JERSEY CENTRAL POWER & LIGHT CO,0001193125-26-282890,IS | Statements of Income And Comprehensive Income | Total other expense [NonoperatingIncomeExpense],4 quarters ended 2025-12-31,9000000,141000000,-132000000,USD,xbrl_calculation_mismatch
JFB CONSTRUCTION HOLDINGS,0001493152-26-028959,IS | Consolidated Statements of Income | NET INCOME (LOSS) [NetIncomeLoss],4 quarters ended 2024-12-31; dimensions=ConsolidationItems=OperatingSegments;FinancingReceivablePortfolioSegment=Commercial,92824,93305,-481,USD,xbrl_calculation_mismatch
JFB CONSTRUCTION HOLDINGS,0001493152-26-028959,IS | Consolidated Statements of Income | NET INCOME (LOSS) [NetIncomeLoss],4 quarters ended 2024-12-31; dimensions=ConsolidationItems=OperatingSegments;FinancingReceivablePortfolioSegment=Residential,26181,25700,481,USD,xbrl_calculation_mismatch
JFB CONSTRUCTION HOLDINGS,0001493152-26-028959,IS | Consolidated Statements of Income | TOTAL OTHER INCOME [NonoperatingIncomeExpense],4 quarters ended 2024-12-31; dimensions=ConsolidationItems=OperatingSegments,152509,217807,-65298,USD,xbrl_calculation_mismatch
JFB CONSTRUCTION HOLDINGS,0001493152-26-028959,IS | Consolidated Statements of Income | TOTAL OTHER INCOME [NonoperatingIncomeExpense],4 quarters ended 2024-12-31; dimensions=ConsolidationItems=OperatingSegments;FinancingReceivablePortfolioSegment=Commercial,118957,169889,-50932,USD,xbrl_calculation_mismatch
JFB CONSTRUCTION HOLDINGS,0001493152-26-028959,IS | Consolidated Statements of Income | TOTAL OTHER INCOME [NonoperatingIncomeExpense],4 quarters ended 2024-12-31; dimensions=ConsolidationItems=OperatingSegments;FinancingReceivablePortfolioSegment=Residential,33552,47918,-14366,USD,xbrl_calculation_mismatch
JFB CONSTRUCTION HOLDINGS,0001493152-26-028959,IS | Consolidated Statements of Income | TOTAL OTHER INCOME [NonoperatingIncomeExpense],4 quarters ended 2025-12-31; dimensions=ConsolidationItems=OperatingSegments,382016,382994,-978,USD,xbrl_calculation_mismatch
JFB CONSTRUCTION HOLDINGS,0001493152-26-028959,IS | Consolidated Statements of Income | TOTAL OTHER INCOME [NonoperatingIncomeExpense],4 quarters ended 2025-12-31; dimensions=ConsolidationItems=OperatingSegments;FinancingReceivablePortfolioSegment=Commercial,191008,191497,-489,USD,xbrl_calculation_mismatch
JFB CONSTRUCTION HOLDINGS,0001493152-26-028959,IS | Consolidated Statements of Income | TOTAL OTHER INCOME [NonoperatingIncomeExpense],4 quarters ended 2025-12-31; dimensions=ConsolidationItems=OperatingSegments;FinancingReceivablePortfolioSegment=CommercialRealEstatePortfolioSegment,76403,76599,-196,USD,xbrl_calculation_mismatch
JFB CONSTRUCTION HOLDINGS,0001493152-26-028959,IS | Consolidated Statements of Income | TOTAL OTHER INCOME [NonoperatingIncomeExpense],4 quarters ended 2025-12-31; dimensions=ConsolidationItems=OperatingSegments;FinancingReceivablePortfolioSegment=Residential,114605,114898,-293,USD,xbrl_calculation_mismatch
K WAVE MEDIA LTD.,0001829126-26-006994,BS | Unaudited Pro Forma Condensed Combined Statement of Financial Position | Equity (deficit) attributable to owners of the Parent Company [EquityAttributableToOwnersOfParentCompany],2025-12-31 (instant),-21314490,318252494,-339566984,KRW,xbrl_calculation_mismatch
K WAVE MEDIA LTD.,0001829126-26-006994,BS | Unaudited Pro Forma Condensed Combined Statement of Financial Position | Equity (deficit) attributable to owners of the Parent Company [EquityAttributableToOwnersOfParentCompany],2025-12-31 (instant); dimensions=LegalEntity=ProFormaCombined; co-registrant=ProFormaCombined,33077225,272111157,-239033932,KRW,xbrl_calculation_mismatch
LA ROSA HOLDINGS CORP.,0001213900-26-065276,IS | Consolidated Statements of Operations | Gross profit [GrossProfit],4 quarters ended 2024-12-31; dimensions=BusinessAcquisition=Acquisitions,927517,927335,182,USD,xbrl_calculation_mismatch
LA-Z-BOY INC,0000057131-26-000019,IS | CONSOLIDATED STATEMENT OF INCOME | Gross profit [GrossProfit],4 quarters ended 2024-04-30; dimensions=ConsolidationItems=CorporateNonSegment,81143000,70844000,10299000,USD,xbrl_calculation_mismatch
LA-Z-BOY INC,0000057131-26-000019,IS | CONSOLIDATED STATEMENT OF INCOME | Gross profit [GrossProfit],4 quarters ended 2025-04-30; dimensions=ConsolidationItems=CorporateNonSegment,92935000,86383000,6552000,USD,xbrl_calculation_mismatch
LA-Z-BOY INC,0000057131-26-000019,IS | CONSOLIDATED STATEMENT OF INCOME | Gross profit [GrossProfit],4 quarters ended 2026-04-30; dimensions=ConsolidationItems=CorporateNonSegment,78329000,71738000,6591000,USD,xbrl_calculation_mismatch
LEGGETT & PLATT INC,0000058492-26-000345,BS | Statements of Net Assets Available for Benefits | Total liabilities [EmployeeBenefitPlanLiability],2024-12-31 (instant); dimensions=LegalEntity=EBP025; co-registrant=EBP025,15405,13585,1820,USD,xbrl_calculation_mismatch
"LEIFRAS CO., LTD.",0001829126-26-006676,IS | UNAUDITED INTERIM CONDENSED CONSOLIDATED STATEMENTS OF INCOME | NET INCOME [NetIncomeLoss],1 quarter ended 2025-03-31,122540262,187907764,-65367502,JPY,xbrl_calculation_mismatch
"LEIFRAS CO., LTD.",0001829126-26-006676,IS | UNAUDITED INTERIM CONDENSED CONSOLIDATED STATEMENTS OF INCOME | NET INCOME [NetIncomeLoss],1 quarter ended 2026-03-31,124328004,214347840,-90019836,JPY,xbrl_calculation_mismatch
"LEIFRAS CO., LTD.",0001829126-26-006676,IS | UNAUDITED INTERIM CONDENSED CONSOLIDATED STATEMENTS OF INCOME | NET INCOME [NetIncomeLoss],1 quarter ended 2026-03-31,781544,1347422,-565878,USD,xbrl_calculation_mismatch
LENNAR CORP /NEW/,0001628280-26-046019,BS | Condensed Consolidated Balance Sheets | Total assets [Assets],2025-11-30 (instant); dimensions=BusinessSegments=LennarFinancialServices;ConsolidationItems=OperatingSegments,3377413000,1031921000,2345492000,USD,xbrl_calculation_mismatch
LENNAR CORP /NEW/,0001628280-26-046019,BS | Condensed Consolidated Balance Sheets | Total assets [Assets],2025-11-30 (instant); dimensions=BusinessSegments=LennarOther;ConsolidationItems=OperatingSegments,897632000,511752000,385880000,USD,xbrl_calculation_mismatch
LENNAR CORP /NEW/,0001628280-26-046019,BS | Condensed Consolidated Balance Sheets | Total assets [Assets],2026-05-31 (instant); dimensions=BusinessSegments=LennarFinancialServices;ConsolidationItems=OperatingSegments,3123509000,1054270000,2069239000,USD,xbrl_calculation_mismatch
LENNAR CORP /NEW/,0001628280-26-046019,BS | Condensed Consolidated Balance Sheets | Total assets [Assets],2026-05-31 (instant); dimensions=BusinessSegments=LennarOther;ConsolidationItems=OperatingSegments,800410000,558927000,241483000,USD,xbrl_calculation_mismatch
"MACQUARIE INFRASTRUCTURE FUND, L.P.",0001193125-26-283312,IS | Statement of Operations | Net investment income (loss) [InvestmentIncomeNet],2 quarters ended 2026-03-31; dimensions=LegalEntity=MIFCaymanLP; co-registrant=MIFCaymanLP,5967280,12253003,-6285723,USD,xbrl_calculation_mismatch
"MACQUARIE INFRASTRUCTURE FUND, L.P.",0001193125-26-283312,IS | Statement of Operations | Net investment income (loss) [InvestmentIncomeNet],3 quarters ended 2026-03-31; dimensions=LegalEntity=MacquarieInfrastructureFundLP; co-registrant=MacquarieInfrastructureFundLP,-4595351,-4595363,12,USD,xbrl_calculation_mismatch
"MACQUARIE INFRASTRUCTURE FUND, L.P.",0001193125-26-283312,IS | Statement of Operations | Total expenses [InvestmentIncomeInvestmentExpense],3 quarters ended 2026-03-31; dimensions=LegalEntity=MacquarieInfrastructureFundLP; co-registrant=MacquarieInfrastructureFundLP,4637945,3556388,1081557,USD,xbrl_calculation_mismatch
MADE IN USA INC.,0001683168-26-005043,CF | STATEMENTS OF CASH FLOWS | NET INCREASE (DECREASE) IN CASH [CashCashEquivalentsRestrictedCashAndRestrictedCashEquivalentsPeriodIncreaseDecreaseIncludingExchangeRateEffect],4 quarters ended 2025-02-28,4788,-42220,47008,USD,xbrl_calculation_mismatch
MADE IN USA INC.,0001683168-26-005043,CF | STATEMENTS OF CASH FLOWS | Net cash flows used in operating activities [NetCashProvidedByUsedInOperatingActivities],4 quarters ended 2025-02-28,-23504,23504,-47008,USD,xbrl_calculation_mismatch
"MATTERNET, INC.",0001213900-26-073335,IS | Condensed Consolidated Statements of Operations (Unaudited) | Total Other income (expense) [NonoperatingIncomeExpense],4 quarters ended 2025-09-30,-22836967,27373505,-50210472,USD,xbrl_calculation_mismatch
MCCORMICK & CO INC,0000063754-26-000258,IS | Statement of Changes in Net Assets Available for Benefits | Total [EmployeeBenefitPlanChangeInNetAssetAvailableForBenefitIncreaseForContribution],4 quarters ended 2025-12-31; dimensions=LegalEntity=EBP004; co-registrant=EBP004,199269444,156267764,43001680,USD,xbrl_calculation_mismatch
MICROSOFT CORP,0001193125-26-282773,IS | Statement of Changes in Net Assets Available for Benefits | NET INCREASE IN NET ASSETS AVAILABLE FOR BENEFITS [EmployeeBenefitPlanChangeInNetAssetAvailableForBenefitIncreaseDecrease],4 quarters ended 2025-12-31; dimensions=LegalEntity=EBP001; co-registrant=EBP001,12193146660,12199262937,-6116277,USD,xbrl_calculation_mismatch
MIZUHO FINANCIAL GROUP INC,0001193125-26-283791,CF | CONSOLIDATED STATEMENTS OF CASH FLOWS | Net increase (decrease) in cash and cash equivalents [CashCashEquivalentsRestrictedCashAndRestrictedCashEquivalentsPeriodIncreaseDecreaseIncludingExchangeRateEffect],4 quarters ended 2024-03-31,6120748000000,4317642000000,1803106000000,JPY,xbrl_calculation_mismatch
MIZUHO FINANCIAL GROUP INC,0001193125-26-283791,CF | CONSOLIDATED STATEMENTS OF CASH FLOWS | Net increase (decrease) in cash and cash equivalents [CashCashEquivalentsRestrictedCashAndRestrictedCashEquivalentsPeriodIncreaseDecreaseIncludingExchangeRateEffect],4 quarters ended 2025-03-31,-677064000000,-515848000000,-161216000000,JPY,xbrl_calculation_mismatch
MIZUHO FINANCIAL GROUP INC,0001193125-26-283791,CF | CONSOLIDATED STATEMENTS OF CASH FLOWS | Net increase (decrease) in cash and cash equivalents [CashCashEquivalentsRestrictedCashAndRestrictedCashEquivalentsPeriodIncreaseDecreaseIncludingExchangeRateEffect],4 quarters ended 2026-03-31,-10829577000000,-11732559000000,902982000000,JPY,xbrl_calculation_mismatch
"MONROE FEDERAL BANCORP, INC.",0001104659-26-077799,IS | Consolidated Statements of Operations | Net loss [NetIncomeLoss],4 quarters ended 2025-03-31; dimensions=ConsolidatedEntities=ParentCompany,-326640,-72945,-253695,USD,xbrl_calculation_mismatch
"MONROE FEDERAL BANCORP, INC.",0001104659-26-077799,IS | Consolidated Statements of Operations | Net loss [NetIncomeLoss],4 quarters ended 2026-03-31; dimensions=ConsolidatedEntities=ParentCompany,-514598,-248269,-266329,USD,xbrl_calculation_mismatch
NATIONAL GRID PLC,0001004315-26-000006,CI | Consolidated statement of comprehensive income | Total comprehensive income for the year [ComprehensiveIncome],4 quarters ended 2024-03-31,1991000000,-226000000,2217000000,GBP,xbrl_calculation_mismatch
NATIONAL GRID PLC,0001004315-26-000006,CI | Consolidated statement of comprehensive income | Total comprehensive income for the year [ComprehensiveIncome],4 quarters ended 2025-03-31,2575000000,-254000000,2829000000,GBP,xbrl_calculation_mismatch
NATIONAL GRID PLC,0001004315-26-000006,CI | Consolidated statement of comprehensive income | Total comprehensive income for the year [ComprehensiveIncome],4 quarters ended 2026-03-31,3026000000,-217000000,3243000000,GBP,xbrl_calculation_mismatch
NOBLE ROMANS INC,0001654954-26-006300,BS | Consolidated Balance Sheets | Total assets [Assets],2025-12-31 (instant),15894484,15884484,10000,USD,xbrl_calculation_mismatch
NOMURA HOLDINGS INC,0001193125-26-277134,BS | CONSOLIDATED BALANCE SHEETS | Total liabilities and equity [LiabilitiesAndStockholdersEquity],2025-03-31 (instant),56802170000000,56692050000000,110120000000,JPY,xbrl_calculation_mismatch
NOMURA HOLDINGS INC,0001193125-26-277134,BS | CONSOLIDATED BALANCE SHEETS | Total liabilities and equity [LiabilitiesAndStockholdersEquity],2026-03-31 (instant),62645925000000,62498878000000,147047000000,JPY,xbrl_calculation_mismatch
NUTRIEN LTD.,0001193125-26-284793,"BS | Statements of Net Assets Available for Benefits | EBP, Receivable [EmployeeBenefitPlanReceivable]",2024-12-31 (instant); dimensions=EmployeeBenefitPlanNonconsolidatedMasterTrustAndPlanInterestInMasterTrust=EmployeeBenefitPlanNonconsolidatedMasterTrust;LegalEntity=EBP007,2204834798,33328890,2171505908,USD,xbrl_calculation_mismatch
NUTRIEN LTD.,0001193125-26-284793,"BS | Statements of Net Assets Available for Benefits | EBP, Receivable [EmployeeBenefitPlanReceivable]",2024-12-31 (instant); dimensions=EmployeeBenefitPlanNonconsolidatedMasterTrustAndPlanInterestInMasterTrust=EmployeeBenefitPlanNonconsolidatedPlanInterestInMasterTrust;LegalEntity=EBP007,56423728,1315513,55108215,USD,xbrl_calculation_mismatch
NUTRIEN LTD.,0001193125-26-284793,"BS | Statements of Net Assets Available for Benefits | EBP, Receivable [EmployeeBenefitPlanReceivable]",2025-12-31 (instant); dimensions=EmployeeBenefitPlanNonconsolidatedMasterTrustAndPlanInterestInMasterTrust=EmployeeBenefitPlanNonconsolidatedMasterTrust;LegalEntity=EBP007,2560345439,36344817,2524000622,USD,xbrl_calculation_mismatch
NUTRIEN LTD.,0001193125-26-284793,"BS | Statements of Net Assets Available for Benefits | EBP, Receivable [EmployeeBenefitPlanReceivable]",2025-12-31 (instant); dimensions=EmployeeBenefitPlanNonconsolidatedMasterTrustAndPlanInterestInMasterTrust=EmployeeBenefitPlanNonconsolidatedPlanInterestInMasterTrust;LegalEntity=EBP007,66709824,1323122,65386702,USD,xbrl_calculation_mismatch
NUTRIEN LTD.,0001193125-26-284800,"BS | Statements of Net Assets Available for Benefits | EBP, Receivable [EmployeeBenefitPlanReceivable]",2024-12-31 (instant); dimensions=EmployeeBenefitPlanNonconsolidatedMasterTrustAndPlanInterestInMasterTrust=EmployeeBenefitPlanNonconsolidatedMasterTrust;LegalEntity=EBP002,2204834798,33328890,2171505908,USD,xbrl_calculation_mismatch
NUTRIEN LTD.,0001193125-26-284800,"BS | Statements of Net Assets Available for Benefits | EBP, Receivable [EmployeeBenefitPlanReceivable]",2024-12-31 (instant); dimensions=EmployeeBenefitPlanNonconsolidatedMasterTrustAndPlanInterestInMasterTrust=EmployeeBenefitPlanNonconsolidatedPlanInterestInMasterTrust;LegalEntity=EBP002,184641709,2849235,181792474,USD,xbrl_calculation_mismatch
NUTRIEN LTD.,0001193125-26-284800,"BS | Statements of Net Assets Available for Benefits | EBP, Receivable [EmployeeBenefitPlanReceivable]",2025-12-31 (instant); dimensions=EmployeeBenefitPlanNonconsolidatedMasterTrustAndPlanInterestInMasterTrust=EmployeeBenefitPlanNonconsolidatedMasterTrust;LegalEntity=EBP002,2560345439,36344817,2524000622,USD,xbrl_calculation_mismatch
NUTRIEN LTD.,0001193125-26-284800,"BS | Statements of Net Assets Available for Benefits | EBP, Receivable [EmployeeBenefitPlanReceivable]",2025-12-31 (instant); dimensions=EmployeeBenefitPlanNonconsolidatedMasterTrustAndPlanInterestInMasterTrust=EmployeeBenefitPlanNonconsolidatedPlanInterestInMasterTrust;LegalEntity=EBP002,191832574,2526593,189305981,USD,xbrl_calculation_mismatch
NUTRIEN LTD.,0001193125-26-284811,"BS | Statements of Net Assets Available for Benefits | EBP, Receivable [EmployeeBenefitPlanReceivable]",2024-12-31 (instant); dimensions=EmployeeBenefitPlanNonconsolidatedMasterTrustAndPlanInterestInMasterTrust=EmployeeBenefitPlanNonconsolidatedMasterTrust;LegalEntity=EBP007,2204834798,33328890,2171505908,USD,xbrl_calculation_mismatch
NUTRIEN LTD.,0001193125-26-284811,"BS | Statements of Net Assets Available for Benefits | EBP, Receivable [EmployeeBenefitPlanReceivable]",2024-12-31 (instant); dimensions=EmployeeBenefitPlanNonconsolidatedMasterTrustAndPlanInterestInMasterTrust=EmployeeBenefitPlanNonconsolidatedPlanInterestInMasterTrust;LegalEntity=EBP007,1963769361,29164142,1934605219,USD,xbrl_calculation_mismatch
NUTRIEN LTD.,0001193125-26-284811,"BS | Statements of Net Assets Available for Benefits | EBP, Receivable [EmployeeBenefitPlanReceivable]",2025-12-31 (instant); dimensions=EmployeeBenefitPlanNonconsolidatedMasterTrustAndPlanInterestInMasterTrust=EmployeeBenefitPlanNonconsolidatedMasterTrust;LegalEntity=EBP007,2560345439,36344817,2524000622,USD,xbrl_calculation_mismatch
NUTRIEN LTD.,0001193125-26-284811,"BS | Statements of Net Assets Available for Benefits | EBP, Receivable [EmployeeBenefitPlanReceivable]",2025-12-31 (instant); dimensions=EmployeeBenefitPlanNonconsolidatedMasterTrustAndPlanInterestInMasterTrust=EmployeeBenefitPlanNonconsolidatedPlanInterestInMasterTrust;LegalEntity=EBP007,2301803041,32495102,2269307939,USD,xbrl_calculation_mismatch
OLENOX INDUSTRIES INC.,0001213900-26-073749,IS | Consolidated Statements of Operations | Loss before income taxes [IncomeLossFromContinuingOperationsBeforeIncomeTaxesExtraordinaryItemsNoncontrollingInterest],4 quarters ended 2025-12-31; dimensions=Subsegments=Consolidated,-18820190,-9316492,-9503698,USD,xbrl_calculation_mismatch
OLENOX INDUSTRIES INC.,0001213900-26-073749,IS | Consolidated Statements of Operations | Loss before income taxes [IncomeLossFromContinuingOperationsBeforeIncomeTaxesExtraordinaryItemsNoncontrollingInterest],4 quarters ended 2025-12-31; dimensions=Subsegments=Constructions,-2406483,-2225333,-181150,USD,xbrl_calculation_mismatch
OLENOX INDUSTRIES INC.,0001213900-26-073749,IS | Consolidated Statements of Operations | Loss before income taxes [IncomeLossFromContinuingOperationsBeforeIncomeTaxesExtraordinaryItemsNoncontrollingInterest],4 quarters ended 2025-12-31; dimensions=Subsegments=Corporate,-12724333,-3312041,-9412292,USD,xbrl_calculation_mismatch
OLENOX INDUSTRIES INC.,0001213900-26-073749,IS | Consolidated Statements of Operations | Loss before income taxes [IncomeLossFromContinuingOperationsBeforeIncomeTaxesExtraordinaryItemsNoncontrollingInterest],4 quarters ended 2025-12-31; dimensions=Subsegments=SaaS,-929437,-1019181,89744,USD,xbrl_calculation_mismatch
"ORION ENERGY SYSTEMS, INC.",0001193125-26-257468,IS | CONSOLIDATED STATEMENTS OF OPERATIONS | Loss before income tax [IncomeLossFromContinuingOperationsBeforeIncomeTaxesExtraordinaryItemsNoncontrollingInterest],4 quarters ended 2024-03-31; dimensions=ConsolidationItems=OperatingSegments,-11630000,-10785000,-845000,USD,xbrl_calculation_mismatch
"ORION ENERGY SYSTEMS, INC.",0001193125-26-257468,IS | CONSOLIDATED STATEMENTS OF OPERATIONS | Loss before income tax [IncomeLossFromContinuingOperationsBeforeIncomeTaxesExtraordinaryItemsNoncontrollingInterest],4 quarters ended 2025-03-31; dimensions=ConsolidationItems=OperatingSegments,-11759000,-10534000,-1225000,USD,xbrl_calculation_mismatch
"ORION ENERGY SYSTEMS, INC.",0001193125-26-257468,IS | CONSOLIDATED STATEMENTS OF OPERATIONS | Loss before income tax [IncomeLossFromContinuingOperationsBeforeIncomeTaxesExtraordinaryItemsNoncontrollingInterest],4 quarters ended 2026-03-31; dimensions=ConsolidationItems=OperatingSegments,-3103000,-1591000,-1512000,USD,xbrl_calculation_mismatch
ORIX CORP,0001193125-26-276640,IS | CONSOLIDATED STATEMENTS OF INCOME | Operating Income [OperatingIncomeLoss],4 quarters ended 2024-03-31; dimensions=BusinessSegments=AircraftAndShips;ConsolidationItems=OperatingSegments,44366000000,26115000000,18251000000,JPY,xbrl_calculation_mismatch
ORIX CORP,0001193125-26-276640,IS | CONSOLIDATED STATEMENTS OF INCOME | Operating Income [OperatingIncomeLoss],4 quarters ended 2024-03-31; dimensions=BusinessSegments=AsiaAndAustralia;ConsolidationItems=OperatingSegments,47069000000,35686000000,11383000000,JPY,xbrl_calculation_mismatch
ORIX CORP,0001193125-26-276640,IS | CONSOLIDATED STATEMENTS OF INCOME | Operating Income [OperatingIncomeLoss],4 quarters ended 2024-03-31; dimensions=BusinessSegments=BankingAndCredit;ConsolidationItems=OperatingSegments,97353000000,40374000000,56979000000,JPY,xbrl_calculation_mismatch
ORIX CORP,0001193125-26-276640,IS | CONSOLIDATED STATEMENTS OF INCOME | Operating Income [OperatingIncomeLoss],4 quarters ended 2024-03-31; dimensions=BusinessSegments=CorporateFinancialServicesAndMaintenanceLeasing;ConsolidationItems=OperatingSegments,83244000000,80084000000,3160000000,JPY,xbrl_calculation_mismatch
ORIX CORP,0001193125-26-276640,IS | CONSOLIDATED STATEMENTS OF INCOME | Operating Income [OperatingIncomeLoss],4 quarters ended 2024-03-31; dimensions=BusinessSegments=EnvironmentAndEnergy;ConsolidationItems=OperatingSegments,38072000000,27957000000,10115000000,JPY,xbrl_calculation_mismatch
ORIX CORP,0001193125-26-276640,IS | CONSOLIDATED STATEMENTS OF INCOME | Operating Income [OperatingIncomeLoss],4 quarters ended 2024-03-31; dimensions=BusinessSegments=Insurance;ConsolidationItems=OperatingSegments,70826000000,70623000000,203000000,JPY,xbrl_calculation_mismatch
ORIX CORP,0001193125-26-276640,IS | CONSOLIDATED STATEMENTS OF INCOME | Operating Income [OperatingIncomeLoss],4 quarters ended 2024-03-31; dimensions=BusinessSegments=ORIXUsa;ConsolidationItems=OperatingSegments,27931000000,29430000000,-1499000000,JPY,xbrl_calculation_mismatch
ORIX CORP,0001193125-26-276640,IS | CONSOLIDATED STATEMENTS OF INCOME | Operating Income [OperatingIncomeLoss],4 quarters ended 2024-03-31; dimensions=BusinessSegments=OrixEurope;ConsolidationItems=OperatingSegments,41638000000,39259000000,2379000000,JPY,xbrl_calculation_mismatch
ORIX CORP,0001193125-26-276640,IS | CONSOLIDATED STATEMENTS OF INCOME | Operating Income [OperatingIncomeLoss],4 quarters ended 2024-03-31; dimensions=BusinessSegments=PeInvestmentAndConcession;ConsolidationItems=OperatingSegments,43967000000,34965000000,9002000000,JPY,xbrl_calculation_mismatch
ORIX CORP,0001193125-26-276640,IS | CONSOLIDATED STATEMENTS OF INCOME | Operating Income [OperatingIncomeLoss],4 quarters ended 2024-03-31; dimensions=BusinessSegments=SegmentsRealEstate;ConsolidationItems=OperatingSegments,67055000000,61029000000,6026000000,JPY,xbrl_calculation_mismatch
ORIX CORP,0001193125-26-276640,IS | CONSOLIDATED STATEMENTS OF INCOME | Operating Income [OperatingIncomeLoss],4 quarters ended 2024-03-31; dimensions=ConsolidationItems=OperatingSegments,561521000000,445522000000,115999000000,JPY,xbrl_calculation_mismatch
ORIX CORP,0001193125-26-276640,IS | CONSOLIDATED STATEMENTS OF INCOME | Operating Income [OperatingIncomeLoss],4 quarters ended 2025-03-31; dimensions=BusinessSegments=AircraftAndShips;ConsolidationItems=OperatingSegments,67420000000,38821000000,28599000000,JPY,xbrl_calculation_mismatch
ORIX CORP,0001193125-26-276640,IS | CONSOLIDATED STATEMENTS OF INCOME | Operating Income [OperatingIncomeLoss],4 quarters ended 2025-03-31; dimensions=BusinessSegments=AsiaAndAustralia;ConsolidationItems=OperatingSegments,34451000000,33145000000,1306000000,JPY,xbrl_calculation_mismatch
ORIX CORP,0001193125-26-276640,IS | CONSOLIDATED STATEMENTS OF INCOME | Operating Income [OperatingIncomeLoss],4 quarters ended 2025-03-31; dimensions=BusinessSegments=BankingAndCredit;ConsolidationItems=OperatingSegments,29291000000,27844000000,1447000000,JPY,xbrl_calculation_mismatch
ORIX CORP,0001193125-26-276640,IS | CONSOLIDATED STATEMENTS OF INCOME | Operating Income [OperatingIncomeLoss],4 quarters ended 2025-03-31; dimensions=BusinessSegments=CorporateFinancialServicesAndMaintenanceLeasing;ConsolidationItems=OperatingSegments,90329000000,81297000000,9032000000,JPY,xbrl_calculation_mismatch
ORIX CORP,0001193125-26-276640,IS | CONSOLIDATED STATEMENTS OF INCOME | Operating Income [OperatingIncomeLoss],4 quarters ended 2025-03-31; dimensions=BusinessSegments=EnvironmentAndEnergy;ConsolidationItems=OperatingSegments,-4923000000,-8672000000,3749000000,JPY,xbrl_calculation_mismatch
ORIX CORP,0001193125-26-276640,IS | CONSOLIDATED STATEMENTS OF INCOME | Operating Income [OperatingIncomeLoss],4 quarters ended 2025-03-31; dimensions=BusinessSegments=ORIXUsa;ConsolidationItems=OperatingSegments,39915000000,9893000000,30022000000,JPY,xbrl_calculation_mismatch
ORIX CORP,0001193125-26-276640,IS | CONSOLIDATED STATEMENTS OF INCOME | Operating Income [OperatingIncomeLoss],4 quarters ended 2025-03-31; dimensions=BusinessSegments=OrixEurope;ConsolidationItems=OperatingSegments,44373000000,46951000000,-2578000000,JPY,xbrl_calculation_mismatch
ORIX CORP,0001193125-26-276640,IS | CONSOLIDATED STATEMENTS OF INCOME | Operating Income [OperatingIncomeLoss],4 quarters ended 2025-03-31; dimensions=BusinessSegments=PeInvestmentAndConcession;ConsolidationItems=OperatingSegments,98872000000,24432000000,74440000000,JPY,xbrl_calculation_mismatch
ORIX CORP,0001193125-26-276640,IS | CONSOLIDATED STATEMENTS OF INCOME | Operating Income [OperatingIncomeLoss],4 quarters ended 2025-03-31; dimensions=BusinessSegments=SegmentsRealEstate;ConsolidationItems=OperatingSegments,70541000000,68285000000,2256000000,JPY,xbrl_calculation_mismatch
ORIX CORP,0001193125-26-276640,IS | CONSOLIDATED STATEMENTS OF INCOME | Operating Income [OperatingIncomeLoss],4 quarters ended 2025-03-31; dimensions=ConsolidationItems=OperatingSegments,544668000000,396395000000,148273000000,JPY,xbrl_calculation_mismatch
ORIX CORP,0001193125-26-276640,IS | CONSOLIDATED STATEMENTS OF INCOME | Operating Income [OperatingIncomeLoss],4 quarters ended 2026-03-31; dimensions=BusinessSegments=AircraftAndShips;ConsolidationItems=OperatingSegments,66608000000,41128000000,25480000000,JPY,xbrl_calculation_mismatch
ORIX CORP,0001193125-26-276640,IS | CONSOLIDATED STATEMENTS OF INCOME | Operating Income [OperatingIncomeLoss],4 quarters ended 2026-03-31; dimensions=BusinessSegments=AsiaAndAustralia;ConsolidationItems=OperatingSegments,51249000000,36170000000,15079000000,JPY,xbrl_calculation_mismatch
ORIX CORP,0001193125-26-276640,IS | CONSOLIDATED STATEMENTS OF INCOME | Operating Income [OperatingIncomeLoss],4 quarters ended 2026-03-31; dimensions=BusinessSegments=BankingAndCredit;ConsolidationItems=OperatingSegments,27212000000,25278000000,1934000000,JPY,xbrl_calculation_mismatch
ORIX CORP,0001193125-26-276640,IS | CONSOLIDATED STATEMENTS OF INCOME | Operating Income [OperatingIncomeLoss],4 quarters ended 2026-03-31; dimensions=BusinessSegments=CorporateFinancialServicesAndMaintenanceLeasing;ConsolidationItems=OperatingSegments,100740000000,89051000000,11689000000,JPY,xbrl_calculation_mismatch
ORIX CORP,0001193125-26-276640,IS | CONSOLIDATED STATEMENTS OF INCOME | Operating Income [OperatingIncomeLoss],4 quarters ended 2026-03-31; dimensions=BusinessSegments=EnvironmentAndEnergy;ConsolidationItems=OperatingSegments,115772000000,32468000000,83304000000,JPY,xbrl_calculation_mismatch
ORIX CORP,0001193125-26-276640,IS | CONSOLIDATED STATEMENTS OF INCOME | Operating Income [OperatingIncomeLoss],4 quarters ended 2026-03-31; dimensions=BusinessSegments=ORIXUsa;ConsolidationItems=OperatingSegments,954000000,12226000000,-11272000000,JPY,xbrl_calculation_mismatch
ORIX CORP,0001193125-26-276640,IS | CONSOLIDATED STATEMENTS OF INCOME | Operating Income [OperatingIncomeLoss],4 quarters ended 2026-03-31; dimensions=BusinessSegments=OrixEurope;ConsolidationItems=OperatingSegments,63051000000,55986000000,7065000000,JPY,xbrl_calculation_mismatch
ORIX CORP,0001193125-26-276640,IS | CONSOLIDATED STATEMENTS OF INCOME | Operating Income [OperatingIncomeLoss],4 quarters ended 2026-03-31; dimensions=BusinessSegments=PeInvestmentAndConcession;ConsolidationItems=OperatingSegments,125611000000,43505000000,82106000000,JPY,xbrl_calculation_mismatch
ORIX CORP,0001193125-26-276640,IS | CONSOLIDATED STATEMENTS OF INCOME | Operating Income [OperatingIncomeLoss],4 quarters ended 2026-03-31; dimensions=BusinessSegments=SegmentsRealEstate;ConsolidationItems=OperatingSegments,78509000000,70690000000,7819000000,JPY,xbrl_calculation_mismatch
ORIX CORP,0001193125-26-276640,IS | CONSOLIDATED STATEMENTS OF INCOME | Operating Income [OperatingIncomeLoss],4 quarters ended 2026-03-31; dimensions=ConsolidationItems=OperatingSegments,732597000000,509393000000,223204000000,JPY,xbrl_calculation_mismatch
PAYPAY CORP,0001193125-26-289382,BS | Consolidated Statements of Financial Position | Total liabilities [Liabilities],2025-03-31 (instant),3818374000000,3418419000000,399955000000,JPY,xbrl_calculation_mismatch
PAYPAY CORP,0001193125-26-289382,BS | Consolidated Statements of Financial Position | Total liabilities [Liabilities],2025-03-31 (instant); dimensions=Maturity=NotLaterThanOneYear,3592117000000,3390139000000,201978000000,JPY,xbrl_calculation_mismatch
PAYPAY CORP,0001193125-26-289382,BS | Consolidated Statements of Financial Position | Total liabilities [Liabilities],2026-03-31 (instant),4745251000000,4180089000000,565162000000,JPY,xbrl_calculation_mismatch
PAYPAY CORP,0001193125-26-289382,BS | Consolidated Statements of Financial Position | Total liabilities [Liabilities],2026-03-31 (instant); dimensions=Maturity=NotLaterThanOneYear,4542469000000,4150788000000,391681000000,JPY,xbrl_calculation_mismatch
PAYPAY CORP,0001193125-26-289382,BS | Consolidated Statements of Financial Position | Total shareholders' equity [Equity],2025-03-31 (instant),223731000000,100274000000,123457000000,JPY,xbrl_calculation_mismatch
PAYPAY CORP,0001193125-26-289382,BS | Consolidated Statements of Financial Position | Total shareholders' equity [Equity],2026-03-31 (instant),430761000000,397234000000,33527000000,JPY,xbrl_calculation_mismatch
PAYPAY CORP,0001193125-26-289382,CF | Consolidated Statements of Cash Flows | Cash provided by operations [CashFlowsFromUsedInOperatingActivitiesBeforeTaxes],4 quarters ended 2024-03-31,53841000000,53819000000,22000000,JPY,xbrl_calculation_mismatch
PAYPAY CORP,0001193125-26-289382,CF | Consolidated Statements of Cash Flows | Cash provided by operations [CashFlowsFromUsedInOperatingActivitiesBeforeTaxes],4 quarters ended 2025-03-31,162131000000,92209000000,69922000000,JPY,xbrl_calculation_mismatch
PAYPAY CORP,0001193125-26-289382,CF | Consolidated Statements of Cash Flows | Cash provided by operations [CashFlowsFromUsedInOperatingActivitiesBeforeTaxes],4 quarters ended 2026-03-31,386994000000,227104000000,159890000000,JPY,xbrl_calculation_mismatch
PAYPAY CORP,0001193125-26-289382,IS | Consolidated Statements of Profit or Loss | Profit (loss) for the year [ProfitLoss],4 quarters ended 2024-03-31; dimensions=ConsolidatedEntities=ParentCompany,-3141000000,-8153000000,5012000000,JPY,xbrl_calculation_mismatch
PAYPAY CORP,0001193125-26-289382,IS | Consolidated Statements of Profit or Loss | Profit (loss) for the year [ProfitLoss],4 quarters ended 2025-03-31; dimensions=ConsolidatedEntities=ParentCompany,31099000000,11797000000,19302000000,JPY,xbrl_calculation_mismatch
PAYPAY CORP,0001193125-26-289382,IS | Consolidated Statements of Profit or Loss | Profit (loss) for the year [ProfitLoss],4 quarters ended 2026-03-31; dimensions=ConsolidatedEntities=ParentCompany,94067000000,-7353000000,101420000000,JPY,xbrl_calculation_mismatch
PERCEPTIVE CAPITAL SOLUTIONS CORP,0001140361-26-023561,CF | CONDENSED CONSOLIDATED STATEMENTS OF CASH FLOWS (Q1) | Net Change in Cash [CashCashEquivalentsRestrictedCashAndRestrictedCashEquivalentsPeriodIncreaseDecreaseExcludingExchangeRateEffect],3 quarters ended 2024-12-31,1129684,-86603623,87733307,USD,xbrl_calculation_mismatch
PERCEPTIVE CAPITAL SOLUTIONS CORP,0001140361-26-023561,CF | CONDENSED CONSOLIDATED STATEMENTS OF CASH FLOWS (Q1) | Net cash used in operating activities [NetCashProvidedByUsedInOperatingActivities],3 quarters ended 2024-12-31,-353623,-398200,44577,USD,xbrl_calculation_mismatch
PERCEPTIVE CAPITAL SOLUTIONS CORP,0001140361-26-024950,CF | CONDENSED CONSOLIDATED STATEMENTS OF CASH FLOWS (Q1) | Net Change in Cash [CashCashEquivalentsRestrictedCashAndRestrictedCashEquivalentsPeriodIncreaseDecreaseExcludingExchangeRateEffect],3 quarters ended 2024-12-31,1129684,-86603623,87733307,USD,xbrl_calculation_mismatch
PERCEPTIVE CAPITAL SOLUTIONS CORP,0001140361-26-024950,CF | CONDENSED CONSOLIDATED STATEMENTS OF CASH FLOWS (Q1) | Net cash used in operating activities [NetCashProvidedByUsedInOperatingActivities],3 quarters ended 2024-12-31,-353623,-398200,44577,USD,xbrl_calculation_mismatch
"PERMA-PIPE INTERNATIONAL HOLDINGS, INC.",0001437749-26-019930,IS | Condensed Consolidated Statements of Operations (Unaudited) | Income before income taxes [IncomeLossFromContinuingOperationsBeforeIncomeTaxesExtraordinaryItemsNoncontrollingInterest],1 quarter ended 2025-04-30; dimensions=ConsolidationItems=OperatingSegments,7436000,8342000,-906000,USD,xbrl_calculation_mismatch
"PERMA-PIPE INTERNATIONAL HOLDINGS, INC.",0001437749-26-019930,IS | Condensed Consolidated Statements of Operations (Unaudited) | Income before income taxes [IncomeLossFromContinuingOperationsBeforeIncomeTaxesExtraordinaryItemsNoncontrollingInterest],1 quarter ended 2026-04-30; dimensions=ConsolidationItems=OperatingSegments,3922000,5352000,-1430000,USD,xbrl_calculation_mismatch
"PERMA-PIPE INTERNATIONAL HOLDINGS, INC.",0001437749-26-019930,IS | Condensed Consolidated Statements of Operations (Unaudited) | Net income attributable to common stock [NetIncomeLoss],1 quarter ended 2025-04-30; dimensions=ConsolidationItems=OperatingSegments,4952000,6756000,-1804000,USD,xbrl_calculation_mismatch
"PERMA-PIPE INTERNATIONAL HOLDINGS, INC.",0001437749-26-019930,IS | Condensed Consolidated Statements of Operations (Unaudited) | Net income attributable to common stock [NetIncomeLoss],1 quarter ended 2026-04-30; dimensions=ConsolidationItems=OperatingSegments,1801000,3379000,-1578000,USD,xbrl_calculation_mismatch
PERSHING SQUARE INC.,0001193125-26-257665,IS | Consolidated Statements of Operations | Operating income (loss) [OperatingIncomeLoss],1 quarter ended 2026-03-31; dimensions=EquityMethodInvestmentNonconsolidatedInvestee=HowardHughesHoldingsInc,50676000,421285000,-370609000,USD,xbrl_calculation_mismatch
PG&E CORP,0001004980-26-000038,IS | STATEMENTS OF CHANGES IN NET ASSETS AVAILABLE FOR BENEFITS | Net increase [EmployeeBenefitPlanChangeInNetAssetAvailableForBenefitIncreaseDecrease],4 quarters ended 2024-12-31; dimensions=LegalEntity=EBP001; co-registrant=EBP001,606559000,637979000,-31420000,USD,xbrl_calculation_mismatch
PG&E CORP,0001004980-26-000038,IS | STATEMENTS OF CHANGES IN NET ASSETS AVAILABLE FOR BENEFITS | Net increase [EmployeeBenefitPlanChangeInNetAssetAvailableForBenefitIncreaseDecrease],4 quarters ended 2024-12-31; dimensions=LegalEntity=EBP002; co-registrant=EBP002,569920000,543043000,26877000,USD,xbrl_calculation_mismatch
PG&E CORP,0001004980-26-000038,IS | STATEMENTS OF CHANGES IN NET ASSETS AVAILABLE FOR BENEFITS | Net increase [EmployeeBenefitPlanChangeInNetAssetAvailableForBenefitIncreaseDecrease],4 quarters ended 2025-12-31; dimensions=LegalEntity=EBP001; co-registrant=EBP001,833932000,834629000,-697000,USD,xbrl_calculation_mismatch
PG&E CORP,0001004980-26-000038,IS | STATEMENTS OF CHANGES IN NET ASSETS AVAILABLE FOR BENEFITS | Net increase [EmployeeBenefitPlanChangeInNetAssetAvailableForBenefitIncreaseDecrease],4 quarters ended 2025-12-31; dimensions=LegalEntity=EBP002; co-registrant=EBP002,741155000,658195000,82960000,USD,xbrl_calculation_mismatch
PICS N.V.,0001213900-26-064381,BS | Unaudited Interim Condensed Consolidated Statements of Financial Position | Total Liabilities [Liabilities],2025-12-31 (instant),38096194000,36066861000,2029333000,BRL,xbrl_calculation_mismatch
PICS N.V.,0001213900-26-064381,BS | Unaudited Interim Condensed Consolidated Statements of Financial Position | Total Liabilities [Liabilities],2026-03-31 (instant),40660863000,38983041000,1677822000,BRL,xbrl_calculation_mismatch
PICS N.V.,0001213900-26-064907,BS | Unaudited Interim Condensed Consolidated Statements of Financial Position | Total Liabilities [Liabilities],2025-12-31 (instant),38096194000,36066861000,2029333000,BRL,xbrl_calculation_mismatch
PICS N.V.,0001213900-26-064907,BS | Unaudited Interim Condensed Consolidated Statements of Financial Position | Total Liabilities [Liabilities],2026-03-31 (instant),40660863000,38983041000,1677822000,BRL,xbrl_calculation_mismatch
PILLARSTONE CAPITAL REIT,0001437749-26-020602,BS | Consolidated Balance Sheets (Current Period Unaudited) | Total assets [Assets],2022-12-31 (instant),55507000,55243000,264000,USD,xbrl_calculation_mismatch
PILLARSTONE CAPITAL REIT,0001437749-26-020602,BS | Consolidated Balance Sheets (Current Period Unaudited) | Total assets [Assets],2023-03-31 (instant),55475000,55211000,264000,USD,xbrl_calculation_mismatch
PILLARSTONE CAPITAL REIT,0001437749-26-020613,BS | Consolidated Balance Sheets (Current Period Unaudited) | Total assets [Assets],2022-12-31 (instant),55507000,55243000,264000,USD,xbrl_calculation_mismatch
PILLARSTONE CAPITAL REIT,0001437749-26-020613,BS | Consolidated Balance Sheets (Current Period Unaudited) | Total assets [Assets],2023-06-30 (instant),54165000,53901000,264000,USD,xbrl_calculation_mismatch
PILLARSTONE CAPITAL REIT,0001437749-26-020614,BS | Consolidated Balance Sheets (Current Period Unaudited) | Total assets [Assets],2022-12-31 (instant),55507000,55243000,264000,USD,xbrl_calculation_mismatch
PILLARSTONE CAPITAL REIT,0001437749-26-020614,BS | Consolidated Balance Sheets (Current Period Unaudited) | Total assets [Assets],2023-09-30 (instant),53361000,53096000,265000,USD,xbrl_calculation_mismatch
PILLARSTONE CAPITAL REIT,0001437749-26-020614,CF | Consolidated Statements of Cash Flows (Unaudited) | Net cash from operating activities [NetCashProvidedByUsedInOperatingActivities],3 quarters ended 2022-09-30,1323000,1175000,148000,USD,xbrl_calculation_mismatch
PILLARSTONE CAPITAL REIT,0001437749-26-020614,CF | Consolidated Statements of Cash Flows (Unaudited) | Net cash from operating activities [NetCashProvidedByUsedInOperatingActivities],3 quarters ended 2023-09-30,-784000,-671000,-113000,USD,xbrl_calculation_mismatch
PILLARSTONE CAPITAL REIT,0001437749-26-020614,IS | Consolidated Statements of Operations (Unaudited) | Total other expenses [NonoperatingIncomeExpense],1 quarter ended 2022-09-30,-186000,212000,-398000,USD,xbrl_calculation_mismatch
PILLARSTONE CAPITAL REIT,0001437749-26-020614,IS | Consolidated Statements of Operations (Unaudited) | Total other expenses [NonoperatingIncomeExpense],1 quarter ended 2023-09-30,-74000,74000,-148000,USD,xbrl_calculation_mismatch
PILLARSTONE CAPITAL REIT,0001437749-26-020614,IS | Consolidated Statements of Operations (Unaudited) | Total other expenses [NonoperatingIncomeExpense],3 quarters ended 2022-09-30,-585000,611000,-1196000,USD,xbrl_calculation_mismatch
PILLARSTONE CAPITAL REIT,0001437749-26-020614,IS | Consolidated Statements of Operations (Unaudited) | Total other expenses [NonoperatingIncomeExpense],3 quarters ended 2023-09-30,-493000,493000,-986000,USD,xbrl_calculation_mismatch
PILLARSTONE CAPITAL REIT,0001437749-26-020616,BS | Consolidated Balance Sheets | Total assets [Assets],2022-12-31 (instant),59287000,31380000,27907000,USD,xbrl_calculation_mismatch
PILLARSTONE CAPITAL REIT,0001437749-26-020616,BS | Consolidated Balance Sheets | Total assets [Assets],2022-12-31 (instant),59287000,55243000,4044000,USD,xbrl_calculation_mismatch
PILLARSTONE CAPITAL REIT,0001437749-26-020616,BS | Consolidated Balance Sheets | Total assets [Assets],2023-12-31 (instant),32492000,28465000,4027000,USD,xbrl_calculation_mismatch
PILLARSTONE CAPITAL REIT,0001437749-26-020616,CF | Consolidated Statements of Cash Flows | Net cash from operating activities - continuing operations [NetCashProvidedByUsedInOperatingActivitiesContinuingOperations],4 quarters ended 2022-12-31,1452000,1101000,351000,USD,xbrl_calculation_mismatch
PILLARSTONE CAPITAL REIT,0001437749-26-020616,CF | Consolidated Statements of Cash Flows | Net cash from operating activities - continuing operations [NetCashProvidedByUsedInOperatingActivitiesContinuingOperations],4 quarters ended 2023-12-31,-1224000,-1545000,321000,USD,xbrl_calculation_mismatch
"POP CULTURE GROUP CO., LTD",0001213900-26-067098,BS | Condensed Consolidated Balance Sheets | TOTAL LIABILITIES AND SHAREHOLDERS EQUITY [LiabilitiesAndStockholdersEquity],2025-06-30 (instant),114884694,114852855,31839,USD,xbrl_calculation_mismatch
"POP CULTURE GROUP CO., LTD",0001213900-26-067098,BS | Condensed Consolidated Balance Sheets | TOTAL LIABILITIES AND SHAREHOLDERS EQUITY [LiabilitiesAndStockholdersEquity],2025-12-31 (instant),88522237,88579232,-56995,USD,xbrl_calculation_mismatch
"POP CULTURE GROUP CO., LTD",0001213900-26-067098,CF | Condensed Consolidated Statements of Cash Flows (Unaudited) | Net increase in cash [CashCashEquivalentsRestrictedCashAndRestrictedCashEquivalentsPeriodIncreaseDecreaseIncludingExchangeRateEffect],2 quarters ended 2024-12-31,810755,829090,-18335,USD,xbrl_calculation_mismatch
"POP CULTURE GROUP CO., LTD",0001213900-26-067098,CF | Condensed Consolidated Statements of Cash Flows (Unaudited) | Net increase in cash [CashCashEquivalentsRestrictedCashAndRestrictedCashEquivalentsPeriodIncreaseDecreaseIncludingExchangeRateEffect],2 quarters ended 2025-12-31,1897168,1868792,28376,USD,xbrl_calculation_mismatch
"POP CULTURE GROUP CO., LTD",0001213900-26-067098,IS | Consolidated Statements of Income and Comprehensive Income (Unaudited) | GROSS PROFIT [GrossProfit],2 quarters ended 2024-12-31; dimensions=ConsolidatedEntities=ParentCompany,5722,434220,-428498,USD,xbrl_calculation_mismatch
"POP CULTURE GROUP CO., LTD",0001213900-26-067098,IS | Consolidated Statements of Income and Comprehensive Income (Unaudited) | INCOME (LOSS) BEFORE INCOME TAX PROVISION [IncomeLossFromContinuingOperationsBeforeIncomeTaxesExtraordinaryItemsNoncontrollingInterest],2 quarters ended 2024-12-31; dimensions=ConsolidatedEntities=ParentCompany,2540679,254264,2286415,USD,xbrl_calculation_mismatch
"POP CULTURE GROUP CO., LTD",0001213900-26-067098,IS | Consolidated Statements of Income and Comprehensive Income (Unaudited) | INCOME (LOSS) BEFORE INCOME TAX PROVISION [IncomeLossFromContinuingOperationsBeforeIncomeTaxesExtraordinaryItemsNoncontrollingInterest],2 quarters ended 2025-12-31; dimensions=ConsolidatedEntities=ParentCompany,215601,-4012364,4227965,USD,xbrl_calculation_mismatch
"POP CULTURE GROUP CO., LTD",0001213900-26-067098,"IS | Consolidated Statements of Income and Comprehensive Income (Unaudited) | NET INCOME (LOSS) ATTRIBUTABLE TO POP CULTURE GROUP CO., LTD SHAREHOLDERS [NetIncomeLoss]",2 quarters ended 2024-12-31,2540679,2558051,-17372,USD,xbrl_calculation_mismatch
"POP CULTURE GROUP CO., LTD",0001213900-26-067098,"IS | Consolidated Statements of Income and Comprehensive Income (Unaudited) | NET INCOME (LOSS) ATTRIBUTABLE TO POP CULTURE GROUP CO., LTD SHAREHOLDERS [NetIncomeLoss]",2 quarters ended 2025-12-31,215601,195597,20004,USD,xbrl_calculation_mismatch
PUBLIC SERVICE ENTERPRISE GROUP INC,0001193125-26-279566,IS | Statement of Changes in Net Assets Available for Benefits | Total Additions [EmployeeBenefitPlanChangeInNetAssetsAvailableForBenefitIncrease],4 quarters ended 2025-12-31; dimensions=LegalEntity=EBP004; co-registrant=EBP004,403362000,402022000,1340000,USD,xbrl_calculation_mismatch
PUBLIC SERVICE ENTERPRISE GROUP INC,0001193125-26-279566,IS | Statement of Changes in Net Assets Available for Benefits | Total Net Investment Income [EmployeeBenefitPlanChangeInNetAssetAvailableForBenefitIncreaseDecreaseForIncomeLossOnInvestment],4 quarters ended 2025-12-31; dimensions=LegalEntity=EBP004; co-registrant=EBP004,304917000,306257000,-1340000,USD,xbrl_calculation_mismatch
PUBLIC SERVICE ENTERPRISE GROUP INC,0001193125-26-279595,IS | Statement of Changes in Net Assets Available for Benefits (Modified Cash Basis) | Increase in Net Assets [EmployeeBenefitPlanChangeInNetAssetAvailableForBenefitIncreaseDecrease],4 quarters ended 2025-12-31; dimensions=LegalEntity=EBP002; co-registrant=EBP002,77699000,60183000,17516000,USD,xbrl_calculation_mismatch
PUBLIC SERVICE ENTERPRISE GROUP INC,0001193125-26-279641,IS | STATEMENT OF CHANGES IN NET ASSETS AVAILABLE FOR BENEFITS (MODIFIED CASH BASIS) | INCREASE IN NET ASSETS AVAILABLE FOR BENEFITS [EmployeeBenefitPlanChangeInNetAssetAvailableForBenefitIncreaseDecrease],4 quarters ended 2025-12-31; dimensions=EmployeeBenefitPlanNonconsolidatedMasterTrustAndPlanInterestInMasterTrust=EmployeeBenefitPlanNonconsolidatedMasterTrust;LegalEntity=EBP003,127921000,12176000,115745000,USD,xbrl_calculation_mismatch
PUBLIC SERVICE ENTERPRISE GROUP INC,0001193125-26-279641,IS | STATEMENT OF CHANGES IN NET ASSETS AVAILABLE FOR BENEFITS (MODIFIED CASH BASIS) | INCREASE IN NET ASSETS AVAILABLE FOR BENEFITS [EmployeeBenefitPlanChangeInNetAssetAvailableForBenefitIncreaseDecrease],4 quarters ended 2025-12-31; dimensions=LegalEntity=EBP003; co-registrant=EBP003,50047000,-1115000,51162000,USD,xbrl_calculation_mismatch
PYXIS TANKERS INC.,0001493152-26-030438,BS | Consolidated Balance Sheets | Total assets [Assets],2024-12-31 (instant),188881000,186317000,2564000,USD,xbrl_calculation_mismatch
PYXIS TANKERS INC.,0001493152-26-030438,BS | Consolidated Balance Sheets | Total assets [Assets],2025-12-31 (instant),193412000,189969000,3443000,USD,xbrl_calculation_mismatch
PYXIS TANKERS INC.,0001493152-26-030438,BS | Consolidated Balance Sheets | Total assets [Assets],2025-12-31 (instant); dimensions=ConsolidatedEntities=AccushipMaritimeLtd,21501000,20921000,580000,USD,xbrl_calculation_mismatch
PYXIS TANKERS INC.,0001493152-26-030438,BS | Consolidated Balance Sheets | Total liabilities and stockholders equity [LiabilitiesAndStockholdersEquity],2024-12-31 (instant),188881000,182593000,6288000,USD,xbrl_calculation_mismatch
PYXIS TANKERS INC.,0001493152-26-030438,BS | Consolidated Balance Sheets | Total liabilities and stockholders equity [LiabilitiesAndStockholdersEquity],2025-12-31 (instant),193412000,187183000,6229000,USD,xbrl_calculation_mismatch
QDM INTERNATIONAL INC.,0001213900-26-073119,CF | Consolidated Statements of Cash Flows | Net cash provided by operating activities [NetCashProvidedByUsedInOperatingActivities],4 quarters ended 2025-03-31,4082303,4061345,20958,USD,xbrl_calculation_mismatch
REGENERATIVE MEDICAL TECHNOLOGY GROUP INC.,0001213900-26-066838,IS | Condensed Consolidated Statements of Operations (Unaudited) | Total other expense [NonoperatingIncomeExpense],1 quarter ended 2025-03-31,-894999,-896999,2000,USD,xbrl_calculation_mismatch
RIVERVIEW BANCORP INC,0001041368-26-000007,IS | CONSOLIDATED STATEMENTS OF INCOME (LOSS) | (LOSS) INCOME BEFORE INCOME TAXES [IncomeLossFromContinuingOperationsBeforeIncomeTaxesExtraordinaryItemsNoncontrollingInterest],1 quarter ended 2024-09-30,1982000,8842000,-6860000,USD,xbrl_calculation_mismatch
RIVERVIEW BANCORP INC,0001041368-26-000007,IS | CONSOLIDATED STATEMENTS OF INCOME (LOSS) | (LOSS) INCOME BEFORE INCOME TAXES [IncomeLossFromContinuingOperationsBeforeIncomeTaxesExtraordinaryItemsNoncontrollingInterest],1 quarter ended 2025-12-31,1740000,10445000,-8705000,USD,xbrl_calculation_mismatch
RIVERVIEW BANCORP INC,0001041368-26-000007,IS | CONSOLIDATED STATEMENTS OF INCOME (LOSS) | (LOSS) INCOME BEFORE INCOME TAXES [IncomeLossFromContinuingOperationsBeforeIncomeTaxesExtraordinaryItemsNoncontrollingInterest],1 quarter ended 2026-03-31,-10516000,9026000,-19542000,USD,xbrl_calculation_mismatch
RIVERVIEW BANCORP INC,0001041368-26-000007,IS | CONSOLIDATED STATEMENTS OF INCOME (LOSS) | (LOSS) INCOME BEFORE INCOME TAXES [IncomeLossFromContinuingOperationsBeforeIncomeTaxesExtraordinaryItemsNoncontrollingInterest],4 quarters ended 2025-03-31,6238000,36244000,-30006000,USD,xbrl_calculation_mismatch
RIVERVIEW BANCORP INC,0001041368-26-000007,IS | CONSOLIDATED STATEMENTS OF INCOME (LOSS) | (LOSS) INCOME BEFORE INCOME TAXES [IncomeLossFromContinuingOperationsBeforeIncomeTaxesExtraordinaryItemsNoncontrollingInterest],4 quarters ended 2026-03-31,-5834000,39093000,-44927000,USD,xbrl_calculation_mismatch
RYANAIR HOLDINGS PLC,0001104659-26-076131,IS | Consolidated Income Statement | Total operating revenues [Revenue],4 quarters ended 2024-03-31; dimensions=SegmentConsolidationItems=OperatingSegments;Segments=RyanairDac,14081000000,13336400000,744600000,EUR,xbrl_calculation_mismatch
RYANAIR HOLDINGS PLC,0001104659-26-076131,IS | Consolidated Income Statement | Total operating revenues [Revenue],4 quarters ended 2025-03-31; dimensions=SegmentConsolidationItems=OperatingSegments;Segments=RyanairDac,14597800000,13839300000,758500000,EUR,xbrl_calculation_mismatch
RYANAIR HOLDINGS PLC,0001104659-26-076131,IS | Consolidated Income Statement | Total operating revenues [Revenue],4 quarters ended 2026-03-31; dimensions=SegmentConsolidationItems=OperatingSegments;Segments=AllOtherSegments,1677300000,125800000,1551500000,EUR,xbrl_calculation_mismatch
RYANAIR HOLDINGS PLC,0001104659-26-076131,IS | Consolidated Income Statement | Total operating revenues [Revenue],4 quarters ended 2026-03-31; dimensions=SegmentConsolidationItems=OperatingSegments;Segments=RyanairDac,16220700000,15418500000,802200000,EUR,xbrl_calculation_mismatch
"SALAMANDER INNISBROOK, LLC",0001193125-26-275979,BS | CONSOLIDATED BALANCE SHEETS | Total current assets [AssetsCurrent],2024-12-31 (instant),13335425,12557390,778035,USD,xbrl_calculation_mismatch
"SALAMANDER INNISBROOK, LLC",0001193125-26-275979,BS | CONSOLIDATED BALANCE SHEETS | Total current assets [AssetsCurrent],2025-03-31 (instant),16295121,16678758,-383637,USD,xbrl_calculation_mismatch
"SALAMANDER INNISBROOK, LLC",0001193125-26-275979,BS | CONSOLIDATED BALANCE SHEETS | Total current assets [AssetsCurrent],2025-06-30 (instant),12745830,13129467,-383637,USD,xbrl_calculation_mismatch
"SALAMANDER INNISBROOK, LLC",0001193125-26-275979,EQ | CONSOLIDATED STATEMENTS OF OPERATIONS AND CHANGES IN MEMBER'S EQUITY | Income (loss) before provision for income tax [IncomeLossFromContinuingOperationsBeforeIncomeTaxesExtraordinaryItemsNoncontrollingInterest],1 quarter ended 2025-09-30,-2331500,-3076055,744555,USD,xbrl_calculation_mismatch
"SALAMANDER INNISBROOK, LLC",0001193125-26-275979,EQ | CONSOLIDATED STATEMENTS OF OPERATIONS AND CHANGES IN MEMBER'S EQUITY | Income (loss) before provision for income tax [IncomeLossFromContinuingOperationsBeforeIncomeTaxesExtraordinaryItemsNoncontrollingInterest],3 quarters ended 2025-09-30,-1865920,-2610475,744555,USD,xbrl_calculation_mismatch
"SALAMANDER INNISBROOK, LLC",0001193125-26-275979,EQ | CONSOLIDATED STATEMENTS OF OPERATIONS AND CHANGES IN MEMBER'S EQUITY | Income (loss) before provision for income tax [IncomeLossFromContinuingOperationsBeforeIncomeTaxesExtraordinaryItemsNoncontrollingInterest],4 quarters ended 2025-12-31,-2119633,-2929411,809778,USD,xbrl_calculation_mismatch
SAMFINE CREATION HOLDINGS GROUP LTD,0001213900-26-067533,BS | Consolidated Balance Sheets | Total shareholders equity [StockholdersEquity],2024-12-31 (instant),72234596,71517890,716706,HKD,xbrl_calculation_mismatch
SAMFINE CREATION HOLDINGS GROUP LTD,0001213900-26-073604,BS | Consolidated Balance Sheets | Total shareholders equity [StockholdersEquity],2024-12-31 (instant),72234596,71517890,716706,HKD,xbrl_calculation_mismatch
SENMIAO TECHNOLOGY LTD,0001213900-26-073678,"IS | Unaudited Condensed Consolidated Statements of Operations and Comprehensive Loss (Unaudited) | Total other (expense) income, net [NonoperatingIncomeExpense]",1 quarter ended 2025-12-31; dimensions=Restatement=Restated,-1852353,3940557,-5792910,USD,xbrl_calculation_mismatch
SENMIAO TECHNOLOGY LTD,0001213900-26-073678,"IS | Unaudited Condensed Consolidated Statements of Operations and Comprehensive Loss (Unaudited) | Total other (expense) income, net [NonoperatingIncomeExpense]",1 quarter ended 2025-12-31; dimensions=Restatement=RestatementAdjustment,-2095805,3697105,-5792910,USD,xbrl_calculation_mismatch
SENMIAO TECHNOLOGY LTD,0001213900-26-073678,"IS | Unaudited Condensed Consolidated Statements of Operations and Comprehensive Loss (Unaudited) | Total other (expense) income, net [NonoperatingIncomeExpense]",3 quarters ended 2025-12-31; dimensions=Restatement=Restated,-1710248,4082662,-5792910,USD,xbrl_calculation_mismatch
SENMIAO TECHNOLOGY LTD,0001213900-26-073678,"IS | Unaudited Condensed Consolidated Statements of Operations and Comprehensive Loss (Unaudited) | Total other (expense) income, net [NonoperatingIncomeExpense]",3 quarters ended 2025-12-31; dimensions=Restatement=RestatementAdjustment,-2095805,3697105,-5792910,USD,xbrl_calculation_mismatch
SENTINEL HOLDINGS LTD.,0001096906-26-000918,IS | Consolidated Statements of Operations | Gross Profit [GrossProfit],4 quarters ended 2025-12-31,437964,437064,900,USD,xbrl_calculation_mismatch
SENTINEL HOLDINGS LTD.,0001096906-26-000918,IS | Consolidated Statements of Operations | Loss From Operations [OperatingIncomeLoss],4 quarters ended 2025-12-31,-4462697,-4461797,-900,USD,xbrl_calculation_mismatch
SILTRIUM TECH CORP,0002088221-26-000014,CF | CONDENSED STATEMENT OF CASH FLOWS | Net cash used in operating activities [NetCashProvidedByUsedInOperatingActivities],3 quarters ended 2026-04-30,-78471,130025,-208496,USD,xbrl_calculation_mismatch
SILVERCORP METALS INC,0001104659-26-079021,BS | Consolidated Statements of Financial Position | TOTAL ASSETS [Assets],2025-03-31 (instant),1138941000,980872000,158069000,USD,xbrl_calculation_mismatch
SILVERCORP METALS INC,0001104659-26-079021,BS | Consolidated Statements of Financial Position | TOTAL ASSETS [Assets],2026-03-31 (instant),1464227000,1225066000,239161000,USD,xbrl_calculation_mismatch
SINOVAC BIOTECH LTD,0001193125-26-258534,BS | Consolidated Balance Sheets | Total Sinovac shareholders' equity [StockholdersEquity],2024-12-31 (instant),8262258000,6680791000,1581467000,USD,xbrl_calculation_mismatch
SINOVAC BIOTECH LTD,0001193125-26-258534,BS | Consolidated Balance Sheets | Total Sinovac shareholders' equity [StockholdersEquity],2025-12-31 (instant),4438943000,2852930000,1586013000,USD,xbrl_calculation_mismatch
SINOVAC BIOTECH LTD,0001193125-26-258534,BS | Consolidated Balance Sheets | Total liabilities and equity [LiabilitiesAndStockholdersEquity],2024-12-31 (instant),12337281000,10306109000,2031172000,USD,xbrl_calculation_mismatch
SINOVAC BIOTECH LTD,0001193125-26-258534,BS | Consolidated Balance Sheets | Total liabilities and equity [LiabilitiesAndStockholdersEquity],2025-12-31 (instant),8541725000,6584416000,1957309000,USD,xbrl_calculation_mismatch
"SKKYNET CLOUD SYSTEMS, INC.",0001477932-26-003904,CF | CONDENSED CONSOLIDATED STATEMENTS OF CASH FLOWS (Unaudited) | NET CASH PROVIDED BY (USED IN) OPERATING ACTIVITIES [NetCashProvidedByUsedInOperatingActivities],2 quarters ended 2025-04-30,100616,87142,13474,USD,xbrl_calculation_mismatch
"SKKYNET CLOUD SYSTEMS, INC.",0001477932-26-003904,IS | CONDENSED CONSOLIDATED STATEMENTS OF OPERATIONS AND COMPREHENSIVE INCOME (Unaudited) | Income (loss) before taxes [IncomeLossFromContinuingOperationsBeforeIncomeTaxesExtraordinaryItemsNoncontrollingInterest],1 quarter ended 2026-04-30,-259532,-280233,20701,USD,xbrl_calculation_mismatch
"SKKYNET CLOUD SYSTEMS, INC.",0001477932-26-003904,IS | CONDENSED CONSOLIDATED STATEMENTS OF OPERATIONS AND COMPREHENSIVE INCOME (Unaudited) | Income (loss) from operations [OperatingIncomeLoss],1 quarter ended 2026-04-30,-269896,-269869,-27,USD,xbrl_calculation_mismatch
"SKKYNET CLOUD SYSTEMS, INC.",0001477932-26-003904,IS | CONDENSED CONSOLIDATED STATEMENTS OF OPERATIONS AND COMPREHENSIVE INCOME (Unaudited) | Operating expenses [OperatingExpenses],2 quarters ended 2025-04-30,1411220,1416220,-5000,USD,xbrl_calculation_mismatch
"SKKYNET CLOUD SYSTEMS, INC.",0001477932-26-003904,IS | CONDENSED CONSOLIDATED STATEMENTS OF OPERATIONS AND COMPREHENSIVE INCOME (Unaudited) | Total other income (expense) [OtherNonoperatingIncomeExpense],1 quarter ended 2026-04-30,-10337,10337,-20674,USD,xbrl_calculation_mismatch
SPRING VALLEY ACQUISITION CORP. III,0001104659-26-070480,BS | BALANCE SHEET | Total Liabilities [Liabilities],2026-03-31 (instant),434485842,9301568,425184274,USD,xbrl_calculation_mismatch
SPRING VALLEY ACQUISITION CORP. III,0001104659-26-070480,"BS | BALANCE SHEET | Total Liabilities, Class A Ordinary Shares Subject to Possible Redemption, and Shareholders' Deficit [LiabilitiesAndStockholdersEquity]",2025-12-31 (instant),233708498,1039334,232669164,USD,xbrl_calculation_mismatch
SPRING VALLEY ACQUISITION CORP. III,0001104659-26-070480,"BS | BALANCE SHEET | Total Liabilities, Class A Ordinary Shares Subject to Possible Redemption, and Shareholders' Deficit [LiabilitiesAndStockholdersEquity]",2026-03-31 (instant),235571769,958411,234613358,USD,xbrl_calculation_mismatch
SPRING VALLEY ACQUISITION CORP. III,0001104659-26-070480,BS | BALANCE SHEET | Total current assets [AssetsCurrent],2026-03-31 (instant),828147,823347,4800,USD,xbrl_calculation_mismatch
SPRING VALLEY ACQUISITION CORP. III,0001104659-26-070480,IS | STATEMENT OF OPERATIONS | Net loss [NetIncomeLoss],1 quarter ended 2026-03-31,-423319937,1864337,-425184274,USD,xbrl_calculation_mismatch
STERIS PLC,0001628280-26-043587,BS | Statement of Net Asset Available for Benefit (Statement) | Net assets available for benefits [EmployeeBenefitPlanNetAssetAvailableForBenefit],2025-12-31 (instant); dimensions=LegalEntity=EBP001; co-registrant=EBP001,1479016425,2939398788,-1460382363,USD,xbrl_calculation_mismatch
STERIS PLC,0001628280-26-043587,"IS | Employee Benefit Plan, Statement of Change in Net Asset Available for Benefit (Statement) | Net unrealized and realized appreciation in the fair value of investments [EBPChangeInNetAssetAvailableForBenefitAppreciationDepreciationInFairValueOfInvestments]",4 quarters ended 2024-12-31; dimensions=LegalEntity=EBP001; co-registrant=EBP001,124680837,7610958,117069879,USD,xbrl_calculation_mismatch
STERIS PLC,0001628280-26-043587,"IS | Employee Benefit Plan, Statement of Change in Net Asset Available for Benefit (Statement) | Net unrealized and realized appreciation in the fair value of investments [EBPChangeInNetAssetAvailableForBenefitAppreciationDepreciationInFairValueOfInvestments]",4 quarters ended 2025-12-31; dimensions=LegalEntity=EBP001; co-registrant=EBP001,211343500,7634246,203709254,USD,xbrl_calculation_mismatch
"SUMITOMO MITSUI FINANCIAL GROUP, INC.",0001193125-26-283871,CF | Consolidated Statements of Cash Flows | Net cash and cash equivalents provided by (used in) operating activities [CashFlowsFromUsedInOperatingActivities],4 quarters ended 2024-03-31; dimensions=LegalEntity=Parent; co-registrant=Parent,700491000000,-417899000000,1118390000000,JPY,xbrl_calculation_mismatch
"SUMITOMO MITSUI FINANCIAL GROUP, INC.",0001193125-26-283871,CF | Consolidated Statements of Cash Flows | Net cash and cash equivalents provided by (used in) operating activities [CashFlowsFromUsedInOperatingActivities],4 quarters ended 2025-03-31; dimensions=LegalEntity=Parent; co-registrant=Parent,990967000000,-996711000000,1987678000000,JPY,xbrl_calculation_mismatch
"SUMITOMO MITSUI FINANCIAL GROUP, INC.",0001193125-26-283871,CF | Consolidated Statements of Cash Flows | Net cash and cash equivalents provided by (used in) operating activities [CashFlowsFromUsedInOperatingActivities],4 quarters ended 2026-03-31; dimensions=LegalEntity=Parent; co-registrant=Parent,961184000000,-967570000000,1928754000000,JPY,xbrl_calculation_mismatch
"SUMITOMO MITSUI FINANCIAL GROUP, INC.",0001193125-26-283871,CF | Consolidated Statements of Cash Flows | Net increase (decrease) of cash and cash equivalents [IncreaseDecreaseInCashAndCashEquivalents],4 quarters ended 2024-03-31,2093571000000,386260000000,1707311000000,JPY,xbrl_calculation_mismatch
"SUMITOMO MITSUI FINANCIAL GROUP, INC.",0001193125-26-283871,CF | Consolidated Statements of Cash Flows | Net increase (decrease) of cash and cash equivalents [IncreaseDecreaseInCashAndCashEquivalents],4 quarters ended 2025-03-31,-2187682000000,-2076957000000,-110725000000,JPY,xbrl_calculation_mismatch
"SUMITOMO MITSUI FINANCIAL GROUP, INC.",0001193125-26-283871,CF | Consolidated Statements of Cash Flows | Net increase (decrease) of cash and cash equivalents [IncreaseDecreaseInCashAndCashEquivalents],4 quarters ended 2026-03-31,-2612902000000,-3892065000000,1279163000000,JPY,xbrl_calculation_mismatch
"SWARMER, INC",0001104659-26-072392,BS | CONSOLIDATED BALANCE SHEETS | Total current assets [AssetsCurrent],2024-12-31 (instant),2142502,2130563,11939,USD,xbrl_calculation_mismatch
T3 DEFENSE INC.,0001213900-26-065394,IS | Unaudited Condensed Consolidated Interim Statements of Operations | Gross profit [GrossProfit],1 quarter ended 2026-03-31; dimensions=BusinessSegments=AllOtherSegments;RelatedPartyTransactionsByRelatedParty=ITSAcquisition,-212000,644000,-856000,USD,xbrl_calculation_mismatch
T3 DEFENSE INC.,0001213900-26-065394,IS | Unaudited Condensed Consolidated Interim Statements of Operations | Gross profit [GrossProfit],1 quarter ended 2026-03-31; dimensions=BusinessSegments=AllOtherSegments;RelatedPartyTransactionsByRelatedParty=RimonLtd,325000,545000,-220000,USD,xbrl_calculation_mismatch
T3 DEFENSE INC.,0001213900-26-065394,IS | Unaudited Condensed Consolidated Interim Statements of Operations | Gross profit [GrossProfit],1 quarter ended 2026-03-31; dimensions=BusinessSegments=AllOtherSegments;RelatedPartyTransactionsByRelatedParty=TILTAN,243000,559000,-316000,USD,xbrl_calculation_mismatch
T3 DEFENSE INC.,0001213900-26-065394,IS | Unaudited Condensed Consolidated Interim Statements of Operations | Loss from operations [OperatingIncomeLoss],1 quarter ended 2026-03-31; dimensions=BusinessSegments=AllOtherSegments,-3811000,-4167000,356000,USD,xbrl_calculation_mismatch
TAL EDUCATION GROUP,0001104659-26-073410,BS | CONSOLIDATED BALANCE SHEETS | Total current liabilities [LiabilitiesCurrent],2025-02-28 (instant); dimensions=ConsolidatedEntities=VariableInterestEntityPrimaryBeneficiary,1161541000,1791336000,-629795000,USD,xbrl_calculation_mismatch
TAL EDUCATION GROUP,0001104659-26-073410,BS | CONSOLIDATED BALANCE SHEETS | Total current liabilities [LiabilitiesCurrent],2026-02-28 (instant); dimensions=ConsolidatedEntities=VariableInterestEntityPrimaryBeneficiary,1391728000,2096955000,-705227000,USD,xbrl_calculation_mismatch
TC ENERGY CORP,0001232384-26-000038,IS | Statement of changes in net assets available for benefits | Total Additions [EmployeeBenefitPlanChangeInNetAssetAvailableForBenefitIncrease],4 quarters ended 2025-12-31; dimensions=LegalEntity=EBP001; co-registrant=EBP001,292455000,200968000,91487000,USD,xbrl_calculation_mismatch
TERRESTRIAL ENERGY INC. /DE/,0001104659-26-071014,BS | Condensed Consolidated Balance Sheets | Total current liabilities [LiabilitiesCurrent],2024-12-31 (instant),1104170,1004170,100000,USD,xbrl_calculation_mismatch
TERRESTRIAL ENERGY INC. /DE/,0001104659-26-071014,BS | Condensed Consolidated Balance Sheets | Total liabilities [Liabilities],2024-12-31 (instant),18822156,1751707,17070449,USD,xbrl_calculation_mismatch
URBAN OUTFITTERS INC,0001193125-26-263929,IS | Condensed Consolidated Statements of Income (Unaudited) | Income from operations [OperatingIncomeLoss],1 quarter ended 2025-04-30; dimensions=ConsolidationItems=OperatingSegments,128227000,146679000,-18452000,USD,xbrl_calculation_mismatch
URBAN OUTFITTERS INC,0001193125-26-263929,IS | Condensed Consolidated Statements of Income (Unaudited) | Income from operations [OperatingIncomeLoss],1 quarter ended 2026-04-30; dimensions=ConsolidationItems=OperatingSegments,139681000,152684000,-13003000,USD,xbrl_calculation_mismatch
URBAN OUTFITTERS INC,0001193125-26-275910,IS | STATEMENT OF CHANGES IN NET ASSETS AVAILABLE FOR BENEFITS | Net increase in net assets [EmployeeBenefitPlanChangeInNetAssetAvailableForBenefitIncreaseDecrease],4 quarters ended 2025-12-31; dimensions=LegalEntity=EBP002; co-registrant=EBP002,94908356,95240764,-332408,USD,xbrl_calculation_mismatch
URBAN OUTFITTERS INC,0001193125-26-275910,IS | STATEMENT OF CHANGES IN NET ASSETS AVAILABLE FOR BENEFITS | Total additions [EmployeeBenefitPlanChangeInNetAssetAvailableForTotalAdditions],4 quarters ended 2025-12-31; dimensions=LegalEntity=EBP002; co-registrant=EBP002,130796706,130464298,332408,USD,xbrl_calculation_mismatch
VERAXA BIOTECH HOLDING AG,0001829126-26-006546,CF | Statement of Cash Flows | NET CHANGE IN CASH [IncreaseDecreaseInCashAndCashEquivalentsBeforeEffectOfExchangeRateChanges],4 quarters ended 2024-12-31; dimensions=LegalEntity=VeraxaBiotechAG; co-registrant=VeraxaBiotechAG,-5989585,-5868708,-120877,CHF,xbrl_calculation_mismatch
VERAXA BIOTECH HOLDING AG,0001829126-26-006546,CF | Statement of Cash Flows | NET CHANGE IN CASH [IncreaseDecreaseInCashAndCashEquivalentsBeforeEffectOfExchangeRateChanges],4 quarters ended 2025-12-31; dimensions=LegalEntity=VeraxaBiotechAG; co-registrant=VeraxaBiotechAG,-3748649,-3311473,-437176,CHF,xbrl_calculation_mismatch
VERAXA BIOTECH HOLDING AG,0001829126-26-006546,CF | Statement of Cash Flows | Net cash provided by operating activities [CashFlowsFromUsedInOperatingActivities],2 quarters ended 2025-12-31; dimensions=LegalEntity=VeraxaBiotechHoldingAG; co-registrant=VeraxaBiotechHoldingAG,1000,54712,-53712,CHF,xbrl_calculation_mismatch
"VERDE RESOURCES, INC.",0001493152-26-027105,IS | Consolidated Statements of Operations and Comprehensive Loss | NET LOSS [ProfitLoss],4 quarters ended 2024-06-30; dimensions=ConsolidationItems=OperatingSegments,-3187774,-3187550,-224,USD,xbrl_calculation_mismatch
"VERIFYME, INC.",0001214659-26-007227,IS | Consolidated Statements of Operations | Net (loss) income for the year [NetIncomeLoss],4 quarters ended 2024-12-31,-3824000,-2632000,-1192000,USD,xbrl_calculation_mismatch
"VERIFYME, INC.",0001214659-26-007227,IS | Consolidated Statements of Operations | Net (loss) income for the year [NetIncomeLoss],4 quarters ended 2025-12-31,-4905000,-3785000,-1120000,USD,xbrl_calculation_mismatch
"VERIFYME, INC.",0001214659-26-007227,IS | Consolidated Statements of Operations | Total operating expenses [TotalOperatingExpenses],1 quarter ended 2026-03-31; dimensions=LegalEntity=OpenWorldLtd; co-registrant=OpenWorldLtd,5113217,5074399,38818,USD,xbrl_calculation_mismatch
"VERIFYME, INC.",0001214659-26-007227,IS | Consolidated Statements of Operations | Total operating expenses [TotalOperatingExpenses],4 quarters ended 2025-12-31; dimensions=LegalEntity=OpenWorldLtd; co-registrant=OpenWorldLtd,-15295962,-14450076,-845886,USD,xbrl_calculation_mismatch
"VERIFYME, INC.",0001214659-26-007963,IS | Consolidated Statements of Operations | Net (loss) income for the year [NetIncomeLoss],4 quarters ended 2024-12-31,-3824000,-2632000,-1192000,USD,xbrl_calculation_mismatch
"VERIFYME, INC.",0001214659-26-007963,IS | Consolidated Statements of Operations | Net (loss) income for the year [NetIncomeLoss],4 quarters ended 2025-12-31,-4905000,-3785000,-1120000,USD,xbrl_calculation_mismatch
"VERIFYME, INC.",0001214659-26-007963,IS | Consolidated Statements of Operations | Total operating expenses [TotalOperatingExpenses],1 quarter ended 2026-03-31; dimensions=LegalEntity=OpenWorldLtd; co-registrant=OpenWorldLtd,5113217,5074399,38818,USD,xbrl_calculation_mismatch
"VERIFYME, INC.",0001214659-26-007963,IS | Consolidated Statements of Operations | Total operating expenses [TotalOperatingExpenses],4 quarters ended 2025-12-31; dimensions=LegalEntity=OpenWorldLtd; co-registrant=OpenWorldLtd,-15295962,-14450076,-845886,USD,xbrl_calculation_mismatch
VITASPRING BIOMEDICAL CO. LTD.,0001640334-26-001046,CF | STATEMENTS OF CASH FLOWS (Unaudited) | Net cash used in operating activities [NetCashProvidedByUsedInOperatingActivities],1 quarter ended 2024-04-30,-4023,208039,-212062,USD,xbrl_calculation_mismatch
VITASPRING BIOMEDICAL CO. LTD.,0001640334-26-001082,BS | BALANCE SHEETS | Total stockholders' deficit [StockholdersEquityIncludingPortionAttributableToNoncontrollingInterest],2025-01-31 (instant),-4015200,6547806,-10563006,USD,xbrl_calculation_mismatch
"VIVAKOR, INC.",0001829126-26-006843,BS | CONSOLIDATED BALANCE SHEETS | Total assets [Assets],2024-12-31 (instant),241040684,172154831,68885853,USD,xbrl_calculation_mismatch
"VIVAKOR, INC.",0001829126-26-006843,CF | CONSOLIDATED STATEMENTS OF CASH FLOWS | Net cash provided by (used in) financing activities [NetCashProvidedByUsedInFinancingActivities],4 quarters ended 2024-12-31,819670,-605330,1425000,USD,xbrl_calculation_mismatch
"VIVAKOR, INC.",0001829126-26-006843,CF | CONSOLIDATED STATEMENTS OF CASH FLOWS | Net cash provided by (used in) financing activities [NetCashProvidedByUsedInFinancingActivities],4 quarters ended 2025-12-31,12527272,2870287,9656985,USD,xbrl_calculation_mismatch
"VIVAKOR, INC.",0001829126-26-006843,IS | CONSOLIDATED STATEMENTS OF OPERATIONS | Total operating expenses [OperatingExpenses],4 quarters ended 2024-12-31,32214497,23566456,8648041,USD,xbrl_calculation_mismatch
"VIVAKOR, INC.",0001829126-26-006843,IS | CONSOLIDATED STATEMENTS OF OPERATIONS | Total operating expenses [OperatingExpenses],4 quarters ended 2025-12-31,101574078,60996086,40577992,USD,xbrl_calculation_mismatch
VYNE THERAPEUTICS INC.,0001104659-26-069925,BS | CONSOLIDATED BALANCE SHEETS | Total Current Liabilities [LiabilitiesCurrent],2024-12-31 (instant),14819000,13407000,1412000,USD,xbrl_calculation_mismatch
VYNE THERAPEUTICS INC.,0001104659-26-069925,BS | CONSOLIDATED BALANCE SHEETS | Total Non-current Assets [AssetsNoncurrent],2024-12-31 (instant),2468000,2375000,93000,USD,xbrl_calculation_mismatch
VYNE THERAPEUTICS INC.,0001104659-26-069925,CF | CONSOLIDATED STATEMENTS OF CASH FLOWS | Net cash provided by investing activities [NetCashProvidedByUsedInInvestingActivities],4 quarters ended 2024-12-31,23365000,23482000,-117000,USD,xbrl_calculation_mismatch
"VYNLEADS, INC.",0001079973-26-000844,CF | Statements of Cash Flows (Unaudited) | Net cash flows used in operating activities [NetCashProvidedByUsedInOperatingActivities],1 quarter ended 2025-03-31,-41833,-44475,2642,USD,xbrl_calculation_mismatch
"XCF GLOBAL, INC.",0001213900-26-068446,IS | Unaudited Condensed Consolidated Statements of Operations | Gross loss [GrossProfit],1 quarter ended 2026-01-31; dimensions=ConsolidatedEntities=DevvStreamCorp,270,13816,-13546,USD,xbrl_calculation_mismatch
"XCF GLOBAL, INC.",0001213900-26-068446,IS | Unaudited Condensed Consolidated Statements of Operations | Gross loss [GrossProfit],2 quarters ended 2026-01-31; dimensions=ConsolidatedEntities=DevvStreamCorp,-514,16800,-17314,USD,xbrl_calculation_mismatch
"XCF GLOBAL, INC.",0001213900-26-068446,IS | Unaudited Condensed Consolidated Statements of Operations | Gross loss [GrossProfit],4 quarters ended 2025-07-31; dimensions=ConsolidatedEntities=DevvStreamCorp,15607,35981,-20374,USD,xbrl_calculation_mismatch
XTL BIOPHARMACEUTICALS LTD,0001213900-26-073831,BS | Consolidated Statements of Financial Position | Total Non-current assets [NoncurrentAssets],2024-12-31 (instant),7210000,201000,7009000,USD,xbrl_calculation_mismatch
XTL BIOPHARMACEUTICALS LTD,0001213900-26-073831,BS | Consolidated Statements of Financial Position | Total Non-current assets [NoncurrentAssets],2024-12-31 (instant); dimensions=ContinuingAndDiscontinuedOperations=DiscontinuedOperations,201000,6830000,-6629000,USD,xbrl_calculation_mismatch
XTL BIOPHARMACEUTICALS LTD,0001213900-26-073831,BS | Consolidated Statements of Financial Position | Total current assets [CurrentAssets],2024-12-31 (instant),1340000,568000,772000,USD,xbrl_calculation_mismatch
YHNA MS I LTD,0001683168-26-005052,IS | UNAUDITED CONSOLIDATED STATEMENTS OF OPERATIONS AND COMPREHENSIVE INCOME | Net (loss)/profit [ProfitLoss],2 quarters ended 2025-09-30,3639083,-393203,4032286,CNY,xbrl_calculation_mismatch
YHNA MS I LTD,0001683168-26-005052,IS | UNAUDITED CONSOLIDATED STATEMENTS OF OPERATIONS AND COMPREHENSIVE INCOME | Net (loss)/profit [ProfitLoss],2 quarters ended 2025-09-30,511179,-55233,566412,USD,xbrl_calculation_mismatch
YOULIFE GROUP INC.,0001213900-26-067589,IS | Consolidated Statements of Operations and Comprehensive Income | Comprehensive (loss)/income attribute to ordinary shareholders [ComprehensiveIncomeNetOfTax],4 quarters ended 2023-12-31,99263000,101480000,-2217000,CNY,xbrl_calculation_mismatch
YOULIFE GROUP INC.,0001213900-26-067589,IS | Consolidated Statements of Operations and Comprehensive Income | Comprehensive (loss)/income attribute to ordinary shareholders [ComprehensiveIncomeNetOfTax],4 quarters ended 2024-12-31,-52376000,-52364000,-12000,CNY,xbrl_calculation_mismatch
YOULIFE GROUP INC.,0001213900-26-067589,IS | Consolidated Statements of Operations and Comprehensive Income | Comprehensive (loss)/income attribute to ordinary shareholders [ComprehensiveIncomeNetOfTax],4 quarters ended 2025-12-31,43082000,43454000,-372000,CNY,xbrl_calculation_mismatch
YOULIFE GROUP INC.,0001213900-26-067589,IS | Consolidated Statements of Operations and Comprehensive Income | Comprehensive (loss)/income attribute to ordinary shareholders [ComprehensiveIncomeNetOfTax],4 quarters ended 2025-12-31,6159000,6212000,-53000,USD,xbrl_calculation_mismatch
YOULIFE GROUP INC.,0001213900-26-067589,IS | Consolidated Statements of Operations and Comprehensive Income | Net profit/(loss) attribute to ordinary shareholders [NetIncomeLoss],4 quarters ended 2023-12-31,99263000,79272000,19991000,CNY,xbrl_calculation_mismatch
YOULIFE GROUP INC.,0001213900-26-067589,IS | Consolidated Statements of Operations and Comprehensive Income | Net profit/(loss) attribute to ordinary shareholders [NetIncomeLoss],4 quarters ended 2024-12-31,-52376000,-52388000,12000,CNY,xbrl_calculation_mismatch
YOULIFE GROUP INC.,0001213900-26-067589,IS | Consolidated Statements of Operations and Comprehensive Income | Net profit/(loss) attribute to ordinary shareholders [NetIncomeLoss],4 quarters ended 2025-12-31,43082000,42710000,372000,CNY,xbrl_calculation_mismatch
YOULIFE GROUP INC.,0001213900-26-067589,IS | Consolidated Statements of Operations and Comprehensive Income | Net profit/(loss) attribute to ordinary shareholders [NetIncomeLoss],4 quarters ended 2025-12-31,6159000,6106000,53000,USD,xbrl_calculation_mismatch
